log_id,machine_id,voltage,current,wire_feed_speed,temperature,timestamp,anomaly_score,Status
1,Warrior-500i,23.2803411690427,176.08228862083888,14.978004541897274,70.50154815154647,2026-09-18 12:13:39,1,Healthy
2,Rogue-ET,27.39160696506144,279.00430843914614,14.338308908619792,63.4133286389517,2026-09-18 12:13:39,1,Healthy
3,Aristo-500ix,33.62025725410536,228.60126560757533,15.230148562134827,59.88529122652241,2026-09-18 12:13:39,1,Healthy
4,Warrior-500i,33.91527014181639,249.31921761955007,16.006583689459145,57.76336757725259,2026-09-18 12:18:39,1,Healthy
5,Rogue-ET,29.592690079619118,214.75988854922412,10.513278899842163,56.44600808281829,2026-09-18 12:18:39,1,Healthy
6,Aristo-500ix,22.283520316004328,258.4201325858258,16.436589360926586,53.55853671563845,2026-09-18 12:18:39,1,Healthy
7,Warrior-500i,30.868053224732115,294.1049739435598,11.785829489736134,53.70463648769853,2026-09-18 12:23:39,1,Healthy
8,Rogue-ET,36.35214018417083,230.29626200636136,13.455923193475495,71.43494037735287,2026-09-18 12:23:39,1,Healthy
9,Aristo-500ix,28.428302432206976,197.71324578566595,11.442320438881762,49.74705163170832,2026-09-18 12:23:39,1,Healthy
10,Warrior-500i,35.09890182154066,175.81564945869263,17.4263906715152,60.887290135774705,2026-09-18 12:28:39,1,Healthy
11,Rogue-ET,27.17449100785254,216.62628947363527,12.328464175942592,70.66764384485026,2026-09-18 12:28:39,1,Healthy
12,Aristo-500ix,29.78737285427233,225.86959349010866,13.282723913931598,58.45840861664404,2026-09-18 12:28:39,1,Healthy
13,Warrior-500i,28.337608688885545,212.12180701059316,17.19889295420986,46.57893132900917,2026-09-18 12:33:39,1,Healthy
14,Rogue-ET,22.822635057256,151.54698482947117,10.532068016686907,69.22465503047854,2026-09-18 12:33:39,1,Healthy
15,Aristo-500ix,27.60873510344942,272.6897273234666,10.076912027437851,74.27187218033527,2026-09-18 12:33:39,1,Healthy
16,Warrior-500i,32.428460404942236,184.56710697331846,13.646189066091884,66.61520317696531,2026-09-18 12:38:39,1,Healthy
17,Rogue-ET,25.156956841264517,179.08740263291585,13.182713916526032,55.95925637552127,2026-09-18 12:38:39,1,Healthy
18,Aristo-500ix,22.81527423647644,205.00391571784027,12.426619471755192,72.88264631798404,2026-09-18 12:38:39,1,Healthy
19,Warrior-500i,33.606810796503076,264.6785889267118,11.346354103586188,70.53752235594898,2026-09-18 12:43:39,1,Healthy
20,Rogue-ET,33.74543913688572,238.88683867543088,11.907985893165392,54.53896420876742,2026-09-18 12:43:39,1,Healthy
21,Aristo-500ix,27.422045786421116,266.53850253177814,11.250271230773002,59.47113569249616,2026-09-18 12:43:39,1,Healthy
22,Warrior-500i,31.47180177785945,195.64574774486763,12.547918707967877,55.99375661858936,2026-09-18 12:48:39,1,Healthy
23,Rogue-ET,28.908922309354303,224.17441445919454,13.611074310116685,57.811772677494794,2026-09-18 12:48:39,1,Healthy
24,Aristo-500ix,23.060635947754584,222.77091909028542,10.96671106090866,74.65862094352481,2026-09-18 12:48:39,1,Healthy
25,Warrior-500i,28.464488406176365,267.4391760586434,13.386660140593463,46.821553961636035,2026-09-18 12:53:39,1,Healthy
26,Rogue-ET,33.527937699225745,274.52079334738823,12.663652553350728,71.64001776587241,2026-09-18 12:53:39,1,Healthy
27,Aristo-500ix,23.722074814289403,225.44422138089809,13.39970273883402,50.820726629163815,2026-09-18 12:53:39,1,Healthy
28,Warrior-500i,32.130083455814855,239.04358591137859,13.929969096786243,73.80485905054711,2026-09-18 12:58:39,1,Healthy
29,Rogue-ET,27.65167322317425,203.54863638810826,14.07158654584889,53.43717060932805,2026-09-18 12:58:39,1,Healthy
30,Aristo-500ix,30.112434038170313,225.86232544928234,14.25044389713198,49.22240093737529,2026-09-18 12:58:39,1,Healthy
31,Warrior-500i,22.703549796686513,194.22462902489576,15.977967835966115,59.242977526736524,2026-09-18 13:03:39,1,Healthy
32,Rogue-ET,29.29011720801862,248.58177936707452,13.76443351213712,71.25003750239401,2026-09-18 13:03:39,1,Healthy
33,Aristo-500ix,37.2561992842392,237.52513661451232,17.148197758940853,58.61591477379791,2026-09-18 13:03:39,1,Healthy
34,Warrior-500i,23.476075329767603,187.97314883358484,15.97508295349336,72.66634820671622,2026-09-18 13:08:39,1,Healthy
35,Rogue-ET,29.768923405875675,248.13516900080896,14.222424065345411,56.17149224185481,2026-09-18 13:08:39,1,Healthy
36,Aristo-500ix,37.54294723008396,205.1089549093055,17.89738116242338,69.78483523890492,2026-09-18 13:08:39,1,Healthy
37,Warrior-500i,29.950719606062727,185.54861207335682,17.392352308116138,47.90505205252574,2026-09-18 13:13:39,1,Healthy
38,Rogue-ET,30.22192251732121,234.25825886626268,15.49963677336398,45.04188529812925,2026-09-18 13:13:39,1,Healthy
39,Aristo-500ix,30.869307734663842,262.6571748156839,17.981923554868104,59.42332250895215,2026-09-18 13:13:39,1,Healthy
40,Warrior-500i,27.257719857461026,193.87715598442048,11.819232992881313,50.39444803744138,2026-09-18 13:18:39,1,Healthy
41,Rogue-ET,37.705752954920854,218.98125119809083,12.108687495910992,54.78212084198152,2026-09-18 13:18:39,1,Healthy
42,Aristo-500ix,24.012557405532046,250.05579338431738,16.084911774743983,64.2761192779738,2026-09-18 13:18:39,1,Healthy
43,Warrior-500i,23.929038645811055,244.1562276680291,13.909218067714747,69.23538806316503,2026-09-18 13:23:39,1,Healthy
44,Rogue-ET,27.69479274705365,159.2357927389258,12.967435425843943,59.63194447439529,2026-09-18 13:23:39,1,Healthy
45,Aristo-500ix,33.341309342432915,262.9154713367916,12.45493734241566,52.274151520374794,2026-09-18 13:23:39,1,Healthy
46,Warrior-500i,37.85078720429241,188.04360906169993,11.96439430252273,74.22174887210718,2026-09-18 13:28:39,1,Healthy
47,Rogue-ET,33.97934616813731,247.18694957120587,11.86290170344104,73.52076328839038,2026-09-18 13:28:39,1,Healthy
48,Aristo-500ix,31.218966618992187,281.2306185202025,13.53593997049926,64.18573803670749,2026-09-18 13:28:39,1,Healthy
49,Warrior-500i,32.35412630282574,294.2677408404169,16.105667859939736,46.76153137479936,2026-09-18 13:33:39,1,Healthy
50,Rogue-ET,32.752739792954486,226.78610444285627,11.417854198516487,55.651783893389194,2026-09-18 13:33:39,1,Healthy
51,Aristo-500ix,31.556572929248347,273.7342213086999,15.754065089438482,48.997277688207305,2026-09-18 13:33:39,1,Healthy
52,Warrior-500i,26.33452023351733,229.35940214467624,11.927441198805393,64.52968133631829,2026-09-18 13:38:39,1,Healthy
53,Rogue-ET,33.702778695824016,155.12343089945193,17.170030300663687,52.924048872909005,2026-09-18 13:38:39,1,Healthy
54,Aristo-500ix,29.73882763107065,285.26424653093693,14.660009930085305,63.84258102650756,2026-09-18 13:38:39,1,Healthy
55,Warrior-500i,32.5149742732766,276.3271910216139,14.513980979422072,61.90563906241535,2026-09-18 13:43:39,1,Healthy
56,Rogue-ET,28.33177936956152,291.9058225496973,11.35407408617618,58.374911825127974,2026-09-18 13:43:39,1,Healthy
57,Aristo-500ix,24.83845037592684,271.6457154814159,15.65407417609335,59.01167394748724,2026-09-18 13:43:39,1,Healthy
58,Warrior-500i,30.469892013551398,168.4526777249147,12.229055191057798,67.99924903957977,2026-09-18 13:48:39,1,Healthy
59,Rogue-ET,33.402665745034994,230.5815981935175,12.908842660036509,66.33823867058702,2026-09-18 13:48:39,1,Healthy
60,Aristo-500ix,32.90565168601965,197.9588065538212,11.33172212458831,68.58849602063978,2026-09-18 13:48:39,1,Healthy
61,Warrior-500i,27.990873756287314,177.60770120358276,10.17994577397645,46.40222219261498,2026-09-18 13:53:39,1,Healthy
62,Rogue-ET,29.00710055045424,162.66679776311955,14.139533950355997,51.03662253186297,2026-09-18 13:53:39,1,Healthy
63,Aristo-500ix,29.199353556552023,186.53429480617206,13.967159311441312,53.02186388069445,2026-09-18 13:53:39,1,Healthy
64,Warrior-500i,34.98638940642478,194.75988357356988,14.909074841278798,57.32802030782136,2026-09-18 13:58:39,1,Healthy
65,Rogue-ET,34.342448881396315,227.39355952846444,11.091853391545657,58.70400101573102,2026-09-18 13:58:39,1,Healthy
66,Aristo-500ix,26.612316364733125,169.46783092358686,13.47668818533997,73.06550698589903,2026-09-18 13:58:39,1,Healthy
67,Warrior-500i,25.82969535141157,288.57947049370705,11.549647198873707,66.5913928432759,2026-09-18 14:03:39,1,Healthy
68,Rogue-ET,34.281605496968226,238.75801505760197,15.366113139588666,52.7960098092232,2026-09-18 14:03:39,1,Healthy
69,Aristo-500ix,27.81952645830936,173.4731542280548,13.598511452115229,74.57922177785436,2026-09-18 14:03:39,1,Healthy
70,Warrior-500i,31.25552351623707,230.7762026164071,17.531068286854023,48.73927351223154,2026-09-18 14:08:39,1,Healthy
71,Rogue-ET,26.39929299444375,176.99423647338082,14.240640339628047,62.139677383050966,2026-09-18 14:08:39,1,Healthy
72,Aristo-500ix,27.585121864849903,154.43390279019917,14.283522686016548,45.22806457659532,2026-09-18 14:08:39,1,Healthy
73,Warrior-500i,33.777858977903506,255.68081392121238,14.001765846165306,49.58182635331605,2026-09-18 14:13:39,1,Healthy
74,Rogue-ET,35.05731346718445,196.5242642720025,13.197444631127482,63.686818549903556,2026-09-18 14:13:39,1,Healthy
75,Aristo-500ix,22.960388495518607,239.17411738693977,15.892297583374773,72.32044037911336,2026-09-18 14:13:39,1,Healthy
76,Warrior-500i,24.97722734151213,263.2352320477753,13.082755339701958,62.14778872037325,2026-09-18 14:18:39,1,Healthy
77,Rogue-ET,33.99355760691862,204.40457500613772,14.023685368599235,55.193234597232035,2026-09-18 14:18:39,1,Healthy
78,Aristo-500ix,28.356673798753224,258.91542312264494,12.059899812775367,56.98401993450769,2026-09-18 14:18:39,1,Healthy
79,Warrior-500i,35.679334075532935,210.1054160305103,10.73268221564403,63.62699305909925,2026-09-18 14:23:39,1,Healthy
80,Rogue-ET,28.13958099222262,198.79679274478445,17.9260020169613,52.16249525154397,2026-09-18 14:23:39,1,Healthy
81,Aristo-500ix,37.77155164907851,228.7159913253529,14.420194635526432,72.38497203479032,2026-09-18 14:23:39,1,Healthy
82,Warrior-500i,24.72865269349123,297.4021228944863,11.221147457875823,54.09839734678084,2026-09-18 14:28:39,1,Healthy
83,Rogue-ET,29.814155667260394,202.8176256066987,11.692851964951203,65.85805681966924,2026-09-18 14:28:39,1,Healthy
84,Aristo-500ix,30.038576065782046,165.5600247952947,11.568351436993513,56.41858424053464,2026-09-18 14:28:39,1,Healthy
85,Warrior-500i,23.01227698525762,155.50985771476002,16.529397330771953,46.87957483928854,2026-09-18 14:33:39,1,Healthy
86,Rogue-ET,25.843532467766963,295.0136187781922,10.147273261140837,73.37337781457518,2026-09-18 14:33:39,-1,Action Required
87,Aristo-500ix,23.11971589955713,153.95702852345187,12.876405243752835,70.2756407048073,2026-09-18 14:33:39,1,Healthy
88,Warrior-500i,28.61444440968716,215.93327728811067,13.676094435971129,73.70903590563677,2026-09-18 14:38:39,1,Healthy
89,Rogue-ET,27.95086214832661,178.93437214118143,11.346865930518888,57.12013002090935,2026-09-18 14:38:39,1,Healthy
90,Aristo-500ix,34.28053665846686,158.59388113495365,10.234049630383769,49.56393257134535,2026-09-18 14:38:39,1,Healthy
91,Warrior-500i,26.7788636969624,194.6189100476654,12.611949100950564,61.15087805886375,2026-09-18 14:43:39,1,Healthy
92,Rogue-ET,28.973866356288067,151.1567339826435,11.654543889237669,63.595689720624684,2026-09-18 14:43:39,1,Healthy
93,Aristo-500ix,32.21145949118679,213.7720869688052,13.593124309355353,71.1685666605485,2026-09-18 14:43:39,1,Healthy
94,Warrior-500i,31.183435854305692,200.60804377361728,11.183175678635697,58.740737318265545,2026-09-18 14:48:39,1,Healthy
95,Rogue-ET,22.493850823777784,218.90623624007898,17.60053106867365,54.61284300170192,2026-09-18 14:48:39,1,Healthy
96,Aristo-500ix,34.78851512924632,157.9773708748493,12.836063390486242,61.87549368165231,2026-09-18 14:48:39,1,Healthy
97,Warrior-500i,30.200931307408275,160.74239252839595,12.92016603696976,56.56777230263179,2026-09-18 14:53:39,1,Healthy
98,Rogue-ET,37.71999964230812,167.66283491610173,10.734545240044223,62.13257467391104,2026-09-18 14:53:39,1,Healthy
99,Aristo-500ix,30.207599172644784,243.7148303386541,14.462827914303377,70.25715619475206,2026-09-18 14:53:39,1,Healthy
100,Warrior-500i,24.54319567898903,181.96171547524327,15.633408839568482,46.33086798909127,2026-09-18 14:58:39,1,Healthy
101,Rogue-ET,35.42522718008413,209.09049115669234,17.312580772937643,61.971373418677544,2026-09-18 14:58:39,1,Healthy
102,Aristo-500ix,22.479646169667745,286.51058282956427,12.77616646735482,48.08818949563518,2026-09-18 14:58:39,1,Healthy
103,Warrior-500i,23.985683002129623,226.45441237907573,11.137746039295875,63.69468954804867,2026-09-18 15:03:39,1,Healthy
104,Rogue-ET,29.74388571781089,229.45673819866838,12.013876975264147,47.4455401632032,2026-09-18 15:03:39,1,Healthy
105,Aristo-500ix,25.60234681955864,260.0930616534065,12.400137500828668,50.88052682698294,2026-09-18 15:03:39,1,Healthy
106,Warrior-500i,23.23203283841074,270.40995525329686,17.252219518636526,57.67191870486802,2026-09-18 15:08:39,1,Healthy
107,Rogue-ET,36.21213589940227,295.95403947422574,17.691637931483584,71.87814379987715,2026-09-18 15:08:39,-1,Action Required
108,Aristo-500ix,28.31153726073409,215.85035111844581,17.71538663045918,62.812296976136594,2026-09-18 15:08:39,1,Healthy
109,Warrior-500i,32.9112224945693,167.44443492004382,17.11545508590332,71.94693899440009,2026-09-18 15:13:39,1,Healthy
110,Rogue-ET,26.951199006503387,271.29551142298254,11.509720138488653,51.79996672463443,2026-09-18 15:13:39,1,Healthy
111,Aristo-500ix,29.64684430076964,186.34217890250181,15.159223167081516,47.26327632536843,2026-09-18 15:13:39,1,Healthy
112,Warrior-500i,35.67901105681331,233.72206138283894,15.179613221562743,74.35082737218737,2026-09-18 15:18:39,1,Healthy
113,Rogue-ET,34.31710006898928,172.39153989875288,16.807101547710097,70.6774491062249,2026-09-18 15:18:39,1,Healthy
114,Aristo-500ix,34.06801448456106,247.85302757621562,14.337590962758224,65.66063187328949,2026-09-18 15:18:39,1,Healthy
115,Warrior-500i,37.75674024862994,244.5633469550903,17.438935430956867,71.65225032947181,2026-09-18 15:23:39,1,Healthy
116,Rogue-ET,36.881040903728156,186.8776873759545,15.162964253413199,65.77926581433779,2026-09-18 15:23:39,1,Healthy
117,Aristo-500ix,23.558059777409262,228.95209805127655,15.202646744533403,56.1613885850552,2026-09-18 15:23:39,1,Healthy
118,Warrior-500i,24.794635197317323,183.44776500370455,12.520929409712565,52.69605178805125,2026-09-18 15:28:39,1,Healthy
119,Rogue-ET,22.039348233839135,163.1777423049945,13.687203509708397,63.53219517570923,2026-09-18 15:28:39,1,Healthy
120,Aristo-500ix,32.006209648003484,229.2869016791455,13.256115801951806,45.190872983983084,2026-09-18 15:28:39,1,Healthy
121,Warrior-500i,32.89773334868227,173.82093080857473,16.21856002725052,54.43000260005836,2026-09-18 15:33:39,1,Healthy
122,Rogue-ET,25.65840420133562,154.3537178707286,17.290076049421533,68.15841289029936,2026-09-18 15:33:39,1,Healthy
123,Aristo-500ix,23.389003238218166,208.28039243992512,14.948379850486646,48.15698819870241,2026-09-18 15:33:39,1,Healthy
124,Warrior-500i,32.916197948106436,153.79368730817237,17.590684858735262,64.0802297074332,2026-09-18 15:38:39,1,Healthy
125,Rogue-ET,25.13175109508733,180.1021625991821,12.860146585701752,54.889814420618194,2026-09-18 15:38:39,1,Healthy
126,Aristo-500ix,34.424757192867084,230.13681400805683,10.66778228826941,72.22575560558579,2026-09-18 15:38:39,1,Healthy
127,Warrior-500i,26.311594235012993,250.48947998814003,16.675427754278324,52.65746329878748,2026-09-18 15:43:39,1,Healthy
128,Rogue-ET,37.32434769004227,158.98134111775727,13.879849269478239,49.2442720114335,2026-09-18 15:43:39,1,Healthy
129,Aristo-500ix,26.58267901146155,199.57909047742157,15.908348285143493,63.965255438217454,2026-09-18 15:43:39,1,Healthy
130,Warrior-500i,31.200152051921542,225.92250073188285,10.976801238676789,50.09908313693591,2026-09-18 15:48:39,1,Healthy
131,Rogue-ET,25.174657882009946,221.3904000704714,15.788564129693224,61.232193243717774,2026-09-18 15:48:39,1,Healthy
132,Aristo-500ix,24.306268851864175,153.6277778276976,15.354052460261961,60.095538385907304,2026-09-18 15:48:39,1,Healthy
133,Warrior-500i,26.233845427044972,275.1933335387724,10.54840598181271,64.16305434952075,2026-09-18 15:53:39,1,Healthy
134,Rogue-ET,32.32319937384347,263.2328433903146,15.730279840019463,52.87366335070084,2026-09-18 15:53:39,1,Healthy
135,Aristo-500ix,35.593590402196426,224.09218717518627,16.54778587003475,53.83415007293242,2026-09-18 15:53:39,1,Healthy
136,Warrior-500i,33.50692080066105,281.1602024296658,12.144170542128165,58.08360058303131,2026-09-18 15:58:39,1,Healthy
137,Rogue-ET,37.548402757543,226.31925844992594,16.676105991723166,59.40339361153538,2026-09-18 15:58:39,1,Healthy
138,Aristo-500ix,32.18542869053667,277.3410691106234,12.508500573253098,73.16784918233762,2026-09-18 15:58:39,1,Healthy
139,Warrior-500i,30.669559815592763,214.8585556497171,13.717315625052988,68.5422832771346,2026-09-18 16:03:39,1,Healthy
140,Rogue-ET,23.68518579861508,184.170245805048,11.783626004846049,45.78629989134917,2026-09-18 16:03:39,1,Healthy
141,Aristo-500ix,31.01577839865992,245.73132827493137,15.124000957724132,56.56793302391529,2026-09-18 16:03:39,1,Healthy
142,Warrior-500i,29.146648843449395,278.17911387044137,13.458368528875177,61.556910776738846,2026-09-18 16:08:39,1,Healthy
143,Rogue-ET,33.50840906285325,287.54225458992084,11.774315109615312,52.52048303984376,2026-09-18 16:08:39,1,Healthy
144,Aristo-500ix,35.36322731434246,171.70592984510435,17.166163799633928,57.36169724619384,2026-09-18 16:08:39,1,Healthy
145,Warrior-500i,30.780114759360345,272.6187306904779,10.660020108955683,46.46237239281444,2026-09-18 16:13:39,1,Healthy
146,Rogue-ET,28.952962528061562,211.78658150118227,10.446159307611982,48.707767382924445,2026-09-18 16:13:39,1,Healthy
147,Aristo-500ix,26.550134281488013,239.76529347145288,15.352290540242508,52.30977749404994,2026-09-18 16:13:39,1,Healthy
148,Warrior-500i,22.193160794405365,241.66787026911538,10.97697095205002,46.30562060077026,2026-09-18 16:18:39,1,Healthy
149,Rogue-ET,25.95983183715828,268.1172387447116,10.21875291130386,57.71496307125437,2026-09-18 16:18:39,1,Healthy
150,Aristo-500ix,27.55093451366409,214.7411928564764,10.766946134365629,45.76832213112462,2026-09-18 16:18:39,1,Healthy
151,Warrior-500i,35.57430101009511,170.9193869933972,12.085923260150004,50.90002442867895,2026-09-18 16:23:39,1,Healthy
152,Rogue-ET,22.52366877983063,262.49517504121917,16.629691988136802,47.439485747418146,2026-09-18 16:23:39,1,Healthy
153,Aristo-500ix,27.496965921110746,196.74968465091217,13.259058092946793,68.74037228146165,2026-09-18 16:23:39,1,Healthy
154,Warrior-500i,28.483394073224517,255.66607526661414,17.30285520929794,67.80974439824011,2026-09-18 16:28:39,1,Healthy
155,Rogue-ET,24.47541998999078,203.6548729789745,17.137244312790028,53.7740814370018,2026-09-18 16:28:39,1,Healthy
156,Aristo-500ix,22.203661754335666,224.2505166408489,14.54928511671681,63.02941666003174,2026-09-18 16:28:39,1,Healthy
157,Warrior-500i,24.1152250598903,175.9167902897912,10.509453121681645,50.60554593496127,2026-09-18 16:33:39,1,Healthy
158,Rogue-ET,37.31099330599531,216.27576622428526,16.675099801283704,53.981336459283284,2026-09-18 16:33:39,1,Healthy
159,Aristo-500ix,30.43108757469117,231.01272503438634,10.77115180192638,66.07946181320945,2026-09-18 16:33:39,1,Healthy
160,Warrior-500i,33.809810526138754,216.15547385560046,16.595206527038815,55.28426537093681,2026-09-18 16:38:39,1,Healthy
161,Rogue-ET,37.59825736641125,203.41779765521292,13.939559474917004,54.42805713792875,2026-09-18 16:38:39,1,Healthy
162,Aristo-500ix,23.762514772586893,259.82138583775316,10.437304845697653,58.222509191586454,2026-09-18 16:38:39,1,Healthy
163,Warrior-500i,22.115356734183827,268.4437449203988,11.570105023767198,72.1581645560458,2026-09-18 16:43:39,1,Healthy
164,Rogue-ET,36.24572371056904,291.92013176740465,12.547102190592064,53.251332484912666,2026-09-18 16:43:39,1,Healthy
165,Aristo-500ix,37.12513924837317,159.7385428855222,13.555256537875469,64.77301232161315,2026-09-18 16:43:39,1,Healthy
166,Warrior-500i,27.647183500983374,249.09088593482713,15.092277534861285,53.78492813499807,2026-09-18 16:48:39,1,Healthy
167,Rogue-ET,23.981186854648392,296.62742203954485,14.205273977351133,67.7593651768616,2026-09-18 16:48:39,1,Healthy
168,Aristo-500ix,22.013580221530535,215.47775528406086,15.85034543019874,54.50678701866368,2026-09-18 16:48:39,1,Healthy
169,Warrior-500i,28.462725610948475,295.866943146659,11.110349980581388,49.84039861755206,2026-09-18 16:53:39,1,Healthy
170,Rogue-ET,30.312285100060752,216.21459998186796,15.149660563574056,62.50020389003321,2026-09-18 16:53:39,1,Healthy
171,Aristo-500ix,22.82738184461266,213.5300138879922,14.790102405527971,65.2596723725867,2026-09-18 16:53:39,1,Healthy
172,Warrior-500i,29.60987983049204,268.7774605334346,14.853484469162877,48.68334289309781,2026-09-18 16:58:39,1,Healthy
173,Rogue-ET,28.9246998725287,236.97434832069706,12.430864929229378,59.61103089677933,2026-09-18 16:58:39,1,Healthy
174,Aristo-500ix,27.466467803617423,151.65045956701763,11.021698619750513,63.09363497292095,2026-09-18 16:58:39,1,Healthy
175,Warrior-500i,36.81776183619685,222.51641375523673,15.757484947921824,74.75762409353047,2026-09-18 17:03:39,1,Healthy
176,Rogue-ET,37.005937834707396,215.10681794019848,15.615683495416123,73.79291218357284,2026-09-18 17:03:39,1,Healthy
177,Aristo-500ix,28.34949474351761,212.57068983873089,13.44718486945169,72.88623602292259,2026-09-18 17:03:39,1,Healthy
178,Warrior-500i,32.23073911677164,185.03647042156337,15.422643311957417,74.69116928855962,2026-09-18 17:08:39,1,Healthy
179,Rogue-ET,23.051199371719026,299.1036667352088,15.916187015079306,49.50546285578247,2026-09-18 17:08:39,-1,Action Required
180,Aristo-500ix,22.615846785576593,263.98582562185686,17.833210167727856,71.57813483885444,2026-09-18 17:08:39,1,Healthy
181,Warrior-500i,36.215975067252586,248.76369863057045,12.993786573342629,51.95673360980677,2026-09-18 17:13:39,1,Healthy
182,Rogue-ET,23.932296065637026,194.83310928033376,10.406424687739644,72.81343633307074,2026-09-18 17:13:39,1,Healthy
183,Aristo-500ix,30.37264542738241,238.4245697654958,10.13574916289791,62.11514167458172,2026-09-18 17:13:39,1,Healthy
184,Warrior-500i,34.17900716732146,180.94399089771693,17.086164381588652,65.73843317488075,2026-09-18 17:18:39,1,Healthy
185,Rogue-ET,22.898287854806554,284.00764667785757,12.438852803915466,48.9996448490079,2026-09-18 17:18:39,1,Healthy
186,Aristo-500ix,26.123417019143293,204.6968035312785,10.499264862314888,72.51087526144102,2026-09-18 17:18:39,1,Healthy
187,Warrior-500i,30.255027309962486,284.69727400572094,17.960499702859384,69.76963079656078,2026-09-18 17:23:39,1,Healthy
188,Rogue-ET,22.05167154815082,285.69288989751544,13.962914589130254,57.99830812336805,2026-09-18 17:23:39,1,Healthy
189,Aristo-500ix,34.79062015394321,172.1885268489517,13.01571996110484,74.07995676359425,2026-09-18 17:23:39,1,Healthy
190,Warrior-500i,31.944916392118092,224.44994369058688,13.865167815725078,71.79114948506405,2026-09-18 17:28:39,1,Healthy
191,Rogue-ET,24.156188278671195,239.46175381081468,15.702317226292095,69.81432261450124,2026-09-18 17:28:39,1,Healthy
192,Aristo-500ix,31.351989512585078,206.96640726207758,11.80624218123194,55.74102965355037,2026-09-18 17:28:39,1,Healthy
193,Warrior-500i,34.23109227051026,264.854581827777,13.774659200240887,57.12434285860655,2026-09-18 17:33:39,1,Healthy
194,Rogue-ET,31.60548113605725,228.72650886957462,13.565506431035296,69.09708926560036,2026-09-18 17:33:39,1,Healthy
195,Aristo-500ix,22.78087701335953,210.1907903040006,16.567272182178556,65.41681906922217,2026-09-18 17:33:39,1,Healthy
196,Warrior-500i,36.275042884801245,235.7055129140845,11.80050816663906,47.61745931391731,2026-09-18 17:38:39,1,Healthy
197,Rogue-ET,27.985879559840363,270.89849304548284,14.55804755850812,65.60209386874426,2026-09-18 17:38:39,1,Healthy
198,Aristo-500ix,24.805137255743183,158.3573162906036,15.866964465888236,72.55566857311173,2026-09-18 17:38:39,1,Healthy
199,Warrior-500i,28.3851028365222,296.4593389909613,17.446171964552242,57.03940202624001,2026-09-18 17:43:39,1,Healthy
200,Rogue-ET,26.966452072931265,245.48681471736552,15.143309190616229,72.63294783678627,2026-09-18 17:43:39,1,Healthy
201,Aristo-500ix,25.010934285172603,277.5267086950771,17.406770638593418,61.760427081309494,2026-09-18 17:43:39,1,Healthy
202,Warrior-500i,35.112499542900906,249.09153154753218,17.25895304876751,64.25969850657796,2026-09-18 17:48:39,1,Healthy
203,Rogue-ET,37.93241058147648,197.47706741802114,12.95683093730037,58.28058983857814,2026-09-18 17:48:39,1,Healthy
204,Aristo-500ix,32.385286818928634,214.78615368235,14.187700255090533,63.17167579165485,2026-09-18 17:48:39,1,Healthy
205,Warrior-500i,35.24010021083739,285.85913280766925,12.270505982971144,66.44099684220632,2026-09-18 17:53:39,1,Healthy
206,Rogue-ET,35.968416783732664,194.4856792956428,15.981778412560582,70.51617885389594,2026-09-18 17:53:39,1,Healthy
207,Aristo-500ix,29.40816745304957,247.446771522113,13.922409638214017,61.40580974991605,2026-09-18 17:53:39,1,Healthy
208,Warrior-500i,28.573052745919284,288.4774339053893,11.19242386182485,46.89599129624362,2026-09-18 17:58:39,1,Healthy
209,Rogue-ET,25.081374796162244,251.7335629681008,15.514536623986459,65.37446371321431,2026-09-18 17:58:39,1,Healthy
210,Aristo-500ix,26.24238025521334,208.80056052719638,10.530500666411738,73.3605681243215,2026-09-18 17:58:39,1,Healthy
211,Warrior-500i,31.933324826845908,273.65741765285264,17.42493598574341,50.13858922103769,2026-09-18 18:03:39,1,Healthy
212,Rogue-ET,23.5247477252945,157.48116665481075,10.882892122434088,57.15622339674324,2026-09-18 18:03:39,1,Healthy
213,Aristo-500ix,35.91048519360479,260.8153424862551,11.022006560076012,51.50014217956503,2026-09-18 18:03:39,1,Healthy
214,Warrior-500i,31.213084166082922,218.20329766974444,17.291791518543793,51.44553411743285,2026-09-18 18:08:39,1,Healthy
215,Rogue-ET,28.248152516628338,246.16217216071502,13.79566238261046,55.43011590193821,2026-09-18 18:08:39,1,Healthy
216,Aristo-500ix,27.160432033343668,179.2294390535287,17.285032875122802,59.61578380334335,2026-09-18 18:08:39,1,Healthy
217,Warrior-500i,33.932499851052754,279.6220451097664,13.38636735908264,53.5281626877036,2026-09-18 18:13:39,1,Healthy
218,Rogue-ET,32.76608884132133,188.9718993119314,12.149714210765463,69.22912052368127,2026-09-18 18:13:39,1,Healthy
219,Aristo-500ix,35.739432333281634,282.4113545774653,17.322190782110166,46.406270777129784,2026-09-18 18:13:39,1,Healthy
220,Warrior-500i,28.706730573405594,185.90128187636964,17.796142587429696,59.32373698428731,2026-09-18 18:18:39,1,Healthy
221,Rogue-ET,29.68006728619497,242.44991982101243,12.40770239803253,49.122146687443916,2026-09-18 18:18:39,1,Healthy
222,Aristo-500ix,24.958719833168942,258.93583626855525,11.493703877346555,71.18210878396582,2026-09-18 18:18:39,1,Healthy
223,Warrior-500i,28.160707290878328,272.9902331881449,16.093689059031348,63.42455775133756,2026-09-18 18:23:39,1,Healthy
224,Rogue-ET,36.10365091049864,259.6916929395296,13.689555431226342,51.38417281023991,2026-09-18 18:23:39,1,Healthy
225,Aristo-500ix,35.24168209865028,205.99050627867712,10.838628004531273,48.480209059144606,2026-09-18 18:23:39,1,Healthy
226,Warrior-500i,25.647577585443642,188.93476801937936,16.345095120141888,52.492033502507574,2026-09-18 18:28:39,1,Healthy
227,Rogue-ET,29.26312190841771,184.61265160285245,13.364464188600675,46.06476535509418,2026-09-18 18:28:39,1,Healthy
228,Aristo-500ix,22.288626597338137,256.76293123674736,12.957949171469663,64.83211500221076,2026-09-18 18:28:39,1,Healthy
229,Warrior-500i,23.901294196127303,253.31767408757847,15.09824016444308,47.04551360232504,2026-09-18 18:33:39,1,Healthy
230,Rogue-ET,25.047095459616443,216.96832716876577,13.124502841066452,73.89491497180029,2026-09-18 18:33:39,1,Healthy
231,Aristo-500ix,22.759810915313324,247.93516283841234,17.795983229017168,73.22074968719502,2026-09-18 18:33:39,1,Healthy
232,Warrior-500i,26.169411946665164,172.09691387857762,13.205087568130264,71.53036807368893,2026-09-18 18:38:39,1,Healthy
233,Rogue-ET,27.08853940970781,251.4643800772544,11.828659394806039,50.92458896535877,2026-09-18 18:38:39,1,Healthy
234,Aristo-500ix,22.741613899262852,185.16939766132214,12.809451778494765,53.34825834379559,2026-09-18 18:38:39,1,Healthy
235,Warrior-500i,23.640125708934136,263.9379527580336,16.14917598156202,48.00226302982605,2026-09-18 18:43:39,1,Healthy
236,Rogue-ET,28.623325876948435,203.1054836363942,11.307520224430327,51.82622194930285,2026-09-18 18:43:39,1,Healthy
237,Aristo-500ix,34.82644101998478,203.9235720526263,11.721575897855427,67.03940052052523,2026-09-18 18:43:39,1,Healthy
238,Warrior-500i,34.46914712996921,203.73606918707458,13.486431163356604,63.81578760024808,2026-09-18 18:48:39,1,Healthy
239,Rogue-ET,31.556350951403605,178.04803721858298,16.259332327460978,58.13615916274746,2026-09-18 18:48:39,1,Healthy
240,Aristo-500ix,36.2278012054436,205.42935618427072,14.663458287873567,57.539522155800995,2026-09-18 18:48:39,1,Healthy
241,Warrior-500i,29.032094733456873,253.52202853831585,15.010494182204182,70.78347661725093,2026-09-18 18:53:39,1,Healthy
242,Rogue-ET,28.439324709681443,163.82399694981336,15.435493860926663,55.16246850292185,2026-09-18 18:53:39,1,Healthy
243,Aristo-500ix,24.85078148443109,211.06651857411174,13.146947686467609,47.68663267367576,2026-09-18 18:53:39,1,Healthy
244,Warrior-500i,29.80473867962401,169.39188706253208,17.08760646282038,53.96798860907026,2026-09-18 18:58:39,1,Healthy
245,Rogue-ET,27.716837204391073,173.4020603764277,12.444002364182545,60.29066667194256,2026-09-18 18:58:39,1,Healthy
246,Aristo-500ix,26.956847659076246,156.20743875812184,16.2838001598995,58.787781041328785,2026-09-18 18:58:39,1,Healthy
247,Warrior-500i,27.294114298829655,253.60819982907947,14.988583135090467,57.606609513518855,2026-09-18 19:03:39,1,Healthy
248,Rogue-ET,23.33590180266166,235.11245673058067,16.088847173737427,68.58611972551087,2026-09-18 19:03:39,1,Healthy
249,Aristo-500ix,24.064278460604193,262.3939638709427,12.259302664943082,47.26982060722436,2026-09-18 19:03:39,1,Healthy
250,Warrior-500i,24.701570996028032,153.3249333789698,13.712343092562511,60.980138579594225,2026-09-18 19:08:39,1,Healthy
251,Rogue-ET,31.2274356905578,298.00692749216415,16.50217837375121,50.35426873331531,2026-09-18 19:08:39,1,Healthy
252,Aristo-500ix,28.340824126063026,175.24939193295535,15.456355052114196,46.534622884322225,2026-09-18 19:08:39,1,Healthy
253,Warrior-500i,36.6314161531237,252.15554104220436,14.00924878723508,52.88426912501176,2026-09-18 19:13:39,1,Healthy
254,Rogue-ET,24.49528239946619,219.49355090549943,13.506406505493512,51.059228923827064,2026-09-18 19:13:39,1,Healthy
255,Aristo-500ix,34.31899347008984,167.47184792387378,13.646544585592547,58.987211758014006,2026-09-18 19:13:39,1,Healthy
256,Warrior-500i,22.62096413343022,257.8746168176897,12.565060151767437,74.89426235321723,2026-09-18 19:18:39,1,Healthy
257,Rogue-ET,34.54371300612247,214.4456586541975,13.108229755094765,56.63274927497051,2026-09-18 19:18:39,1,Healthy
258,Aristo-500ix,35.537613538639114,235.15963145703455,11.06525411758909,62.390799038965504,2026-09-18 19:18:39,1,Healthy
259,Warrior-500i,33.99049565312891,167.04178667927442,11.318125959121708,61.50272431575452,2026-09-18 19:23:39,1,Healthy
260,Rogue-ET,23.60847715934932,219.09882417379788,12.636378741220568,67.13569715385236,2026-09-18 19:23:39,1,Healthy
261,Aristo-500ix,24.397778990226833,191.9817974371756,13.573375158086517,66.47456119691529,2026-09-18 19:23:39,1,Healthy
262,Warrior-500i,30.43394091021225,191.46873263648175,13.495632581027799,53.11450016973083,2026-09-18 19:28:39,1,Healthy
263,Rogue-ET,33.74974638581547,292.76565599773164,13.54508140060034,55.65621597759276,2026-09-18 19:28:39,1,Healthy
264,Aristo-500ix,29.792325295888023,236.35774961303366,13.79587004590131,53.66680768277233,2026-09-18 19:28:39,1,Healthy
265,Warrior-500i,22.416918327073148,245.72242760320327,13.344610823542197,66.76124891665395,2026-09-18 19:33:39,1,Healthy
266,Rogue-ET,37.8056449506042,163.8435773822513,12.48104602682849,70.03039401477979,2026-09-18 19:33:39,1,Healthy
267,Aristo-500ix,29.003175937732962,242.71689092134602,16.60657206013782,73.86515899117695,2026-09-18 19:33:39,1,Healthy
268,Warrior-500i,31.71060471369368,239.88370568305294,16.91830166277872,73.37357470167473,2026-09-18 19:38:39,1,Healthy
269,Rogue-ET,34.98367417415515,268.16701994561106,10.817799694426132,51.6286628284734,2026-09-18 19:38:39,1,Healthy
270,Aristo-500ix,35.71362644487924,222.388963812159,17.62693733329391,51.335468409172236,2026-09-18 19:38:39,1,Healthy
271,Warrior-500i,27.66503490594954,190.94145521385238,12.259347843018492,66.03960624721208,2026-09-18 19:43:39,1,Healthy
272,Rogue-ET,28.982184846687908,233.7522133850859,17.715783856737392,47.990119975905465,2026-09-18 19:43:39,1,Healthy
273,Aristo-500ix,32.4155973377512,182.88869744103314,12.80023006185042,72.66766769634668,2026-09-18 19:43:39,1,Healthy
274,Warrior-500i,37.092673836476294,232.73081073009945,16.283128092330173,45.0433131056731,2026-09-18 19:48:39,1,Healthy
275,Rogue-ET,36.53838382608819,183.57930151712412,15.751808830539474,49.45072427934747,2026-09-18 19:48:39,1,Healthy
276,Aristo-500ix,36.067595375253376,230.97778402187615,10.454271181863202,53.679359273181284,2026-09-18 19:48:39,1,Healthy
277,Warrior-500i,34.79365892757176,230.63816730967002,16.783542846993996,47.099291731031904,2026-09-18 19:53:39,1,Healthy
278,Rogue-ET,37.62071722035633,189.44065291080133,16.94015699443675,71.0569631288427,2026-09-18 19:53:39,1,Healthy
279,Aristo-500ix,24.0654634454817,235.75804159653757,13.088733435636296,56.3146565054415,2026-09-18 19:53:39,1,Healthy
280,Warrior-500i,34.63692573624339,260.29297181051135,13.018885606884885,49.4777669222121,2026-09-18 19:58:39,1,Healthy
281,Rogue-ET,35.844663720001485,248.4040764717106,10.864330013289596,73.44238848720397,2026-09-18 19:58:39,1,Healthy
282,Aristo-500ix,35.16164378319968,155.38631260213168,14.201524545717803,52.51769863188753,2026-09-18 19:58:39,1,Healthy
283,Warrior-500i,32.1053657751202,231.23025493122216,16.737345487008803,51.908457267469004,2026-09-18 20:03:39,1,Healthy
284,Rogue-ET,34.60773858479324,198.06749664676002,15.537666356764907,60.71466864713107,2026-09-18 20:03:39,1,Healthy
285,Aristo-500ix,35.07651601264267,191.70975849177535,13.884561861413731,69.06755625602527,2026-09-18 20:03:39,1,Healthy
286,Warrior-500i,26.374098690189008,267.30923355543524,15.861580576142341,70.29067609512873,2026-09-18 20:08:39,1,Healthy
287,Rogue-ET,33.419367544295945,230.61950221246056,11.09361635519674,68.48957169555104,2026-09-18 20:08:39,1,Healthy
288,Aristo-500ix,24.468850545803306,254.49349458211185,17.410414708645213,61.96262912894168,2026-09-18 20:08:39,1,Healthy
289,Warrior-500i,33.07588375392045,213.21817547821166,17.953873241880494,60.94293728000902,2026-09-18 20:13:39,1,Healthy
290,Rogue-ET,37.9466323904362,166.59504714893345,14.67353085457458,74.40811750865986,2026-09-18 20:13:39,1,Healthy
291,Aristo-500ix,33.53895364601549,241.92041759219794,12.092834618038284,68.05540145358188,2026-09-18 20:13:39,1,Healthy
292,Warrior-500i,27.56484123796139,177.2894607817367,11.794361840280246,45.9976612158928,2026-09-18 20:18:39,1,Healthy
293,Rogue-ET,32.55691074659326,242.3404212161647,11.808039288003608,67.81731755827951,2026-09-18 20:18:39,1,Healthy
294,Aristo-500ix,22.985913119959143,275.5752364078363,11.72494863986006,47.08279774126524,2026-09-18 20:18:39,1,Healthy
295,Warrior-500i,32.223105353995784,157.20764649716097,17.472359945556747,53.58655754635323,2026-09-18 20:23:39,1,Healthy
296,Rogue-ET,22.60402305470089,154.90669657494792,14.750118689653586,47.610433961846745,2026-09-18 20:23:39,1,Healthy
297,Aristo-500ix,37.93094594798633,192.61568585607748,10.720176272413651,66.84354284410016,2026-09-18 20:23:39,1,Healthy
298,Warrior-500i,34.175702054451584,223.36513834084587,14.863313112716524,73.74976852390898,2026-09-18 20:28:39,1,Healthy
299,Rogue-ET,29.692831444449034,240.57148653427564,11.162826709721,69.52265309848005,2026-09-18 20:28:39,1,Healthy
300,Aristo-500ix,36.31066148885193,249.89312454470752,16.5968353443318,64.0654335308578,2026-09-18 20:28:39,1,Healthy
301,Warrior-500i,35.64395947666411,262.2666746772999,17.07771159144243,45.46277763228251,2026-09-18 20:33:39,1,Healthy
302,Rogue-ET,22.135184274816268,290.59985288955374,16.968756636011747,48.47670083578924,2026-09-18 20:33:39,-1,Action Required
303,Aristo-500ix,37.266276672187345,223.8490472664099,17.61956515468253,64.6117935759752,2026-09-18 20:33:39,1,Healthy
304,Warrior-500i,26.963795770227794,281.2995760971046,17.768338867514753,59.87906466361797,2026-09-18 20:38:39,1,Healthy
305,Rogue-ET,34.52923525977019,187.562307104713,12.172672346346033,65.44421365148332,2026-09-18 20:38:39,1,Healthy
306,Aristo-500ix,28.255042390616897,239.31112624703593,13.379329479534267,45.16817856390481,2026-09-18 20:38:39,1,Healthy
307,Warrior-500i,34.296118905621796,267.958427646897,10.997243516891583,52.57672097400473,2026-09-18 20:43:39,1,Healthy
308,Rogue-ET,36.08236206510896,219.8488229141322,12.61045549405253,46.3956684890654,2026-09-18 20:43:39,1,Healthy
309,Aristo-500ix,34.02576612591329,258.7222485759317,14.443682203718387,51.61162575404043,2026-09-18 20:43:39,1,Healthy
310,Warrior-500i,34.39770175147841,212.03632496676295,10.195956153021836,59.75575199849678,2026-09-18 20:48:39,1,Healthy
311,Rogue-ET,29.603561603051034,174.74154995099929,15.503565381863908,70.20974195071501,2026-09-18 20:48:39,1,Healthy
312,Aristo-500ix,25.91666563109637,275.8299390884707,14.595764292905239,61.90998941527387,2026-09-18 20:48:39,1,Healthy
313,Warrior-500i,32.207618570189624,154.8660204191676,12.782748690484032,46.69934326304136,2026-09-18 20:53:39,1,Healthy
314,Rogue-ET,29.635720875688882,202.09871111593895,14.164218757629062,61.4320578208135,2026-09-18 20:53:39,1,Healthy
315,Aristo-500ix,30.348129682822474,285.6162161541772,17.613087009557297,73.48465412190822,2026-09-18 20:53:39,1,Healthy
316,Warrior-500i,36.61288613210188,287.91513124756295,12.776264058400875,69.91422043681438,2026-09-18 20:58:39,1,Healthy
317,Rogue-ET,32.38615778046131,174.72917951798684,10.3442234007047,45.058527199676284,2026-09-18 20:58:39,1,Healthy
318,Aristo-500ix,28.246523005920675,198.62792505270357,11.16492000632993,47.72319111348893,2026-09-18 20:58:39,1,Healthy
319,Warrior-500i,34.02684496880029,207.312962141134,15.791378920202227,62.02112696871877,2026-09-18 21:03:39,1,Healthy
320,Rogue-ET,28.955153155777825,261.7979212813014,10.798436155191037,45.73351956017567,2026-09-18 21:03:39,1,Healthy
321,Aristo-500ix,26.624028343595178,189.03673992789425,17.248066049344093,54.834165301186935,2026-09-18 21:03:39,1,Healthy
322,Warrior-500i,32.843228460225255,153.22752782628328,14.370127210708578,55.278700107021024,2026-09-18 21:08:39,1,Healthy
323,Rogue-ET,35.74576042019936,264.537565686542,14.927408429222272,63.54356205079556,2026-09-18 21:08:39,1,Healthy
324,Aristo-500ix,26.774466506982822,252.63065484482675,10.898739147749698,70.70960104985423,2026-09-18 21:08:39,1,Healthy
325,Warrior-500i,31.460965551352615,180.49370993299718,12.02837132009759,72.26863673360785,2026-09-18 21:13:39,1,Healthy
326,Rogue-ET,23.55948111943983,270.0920459898872,13.904475717677169,50.88689417295461,2026-09-18 21:13:39,1,Healthy
327,Aristo-500ix,30.692381679609273,151.92154867481102,11.087544145329932,57.199137224218916,2026-09-18 21:13:39,1,Healthy
328,Warrior-500i,36.13763582870676,273.82745001808064,17.385826000132298,71.85990621671289,2026-09-18 21:18:39,1,Healthy
329,Rogue-ET,27.766233482398476,232.67862891483318,16.532343329207006,57.12902173727285,2026-09-18 21:18:39,1,Healthy
330,Aristo-500ix,23.7984086475588,204.0556093248356,14.660660666470015,53.38039569084,2026-09-18 21:18:39,1,Healthy
331,Warrior-500i,32.98548475024832,275.3422982839908,11.999693889504421,46.58869204762521,2026-09-18 21:23:39,1,Healthy
332,Rogue-ET,37.41768969777655,276.8354097235625,13.901833076985994,51.43699494845352,2026-09-18 21:23:39,1,Healthy
333,Aristo-500ix,32.09902083043382,294.5900355520251,11.884017552330057,57.020510978665186,2026-09-18 21:23:39,1,Healthy
334,Warrior-500i,25.327897816083656,170.1277916637714,10.848074244878172,68.92513933163458,2026-09-18 21:28:39,1,Healthy
335,Rogue-ET,26.19468666811496,207.33308885288244,15.351663106348314,61.5339403202361,2026-09-18 21:28:39,1,Healthy
336,Aristo-500ix,36.50007620459165,293.1447714803378,17.78954777955189,48.683791587293804,2026-09-18 21:28:39,-1,Action Required
337,Warrior-500i,36.09126225961717,167.367317938406,12.173315977980995,48.66783045969247,2026-09-18 21:33:39,1,Healthy
338,Rogue-ET,23.88384540252111,200.4331460521231,17.140779667659544,66.40961784964115,2026-09-18 21:33:39,1,Healthy
339,Aristo-500ix,30.328593788059493,160.02335764101076,16.350763054014994,54.85022909379003,2026-09-18 21:33:39,1,Healthy
340,Warrior-500i,29.211859951142454,211.63464686738556,14.922399257122503,57.2400954784627,2026-09-18 21:38:39,1,Healthy
341,Rogue-ET,28.349224521311104,216.49402707179942,16.00011046504537,51.13207904666996,2026-09-18 21:38:39,1,Healthy
342,Aristo-500ix,27.401615762725978,179.87636682686676,14.486895531864246,56.74632731465249,2026-09-18 21:38:39,1,Healthy
343,Warrior-500i,27.21643292927491,255.37458878457898,14.1991275095266,66.80249270052329,2026-09-18 21:43:39,1,Healthy
344,Rogue-ET,22.85309080279785,203.46038274746218,17.97760282252215,45.64965021646907,2026-09-18 21:43:39,1,Healthy
345,Aristo-500ix,27.858599629682246,246.53979545070246,17.211142851595824,60.203861782058034,2026-09-18 21:43:39,1,Healthy
346,Warrior-500i,22.621246337878617,226.42572963889282,12.17349379259851,61.22546175965193,2026-09-18 21:48:39,1,Healthy
347,Rogue-ET,28.803199408973445,211.69899024571708,12.474945731249889,55.0224212411453,2026-09-18 21:48:39,1,Healthy
348,Aristo-500ix,28.637824932899907,206.352393834781,10.841362400282376,63.09611967621629,2026-09-18 21:48:39,1,Healthy
349,Warrior-500i,23.849678653059616,188.6346475849132,15.955630074474644,53.824536050150655,2026-09-18 21:53:39,1,Healthy
350,Rogue-ET,31.763597032218108,286.0202008898755,13.674518865722293,74.3740928149434,2026-09-18 21:53:39,1,Healthy
351,Aristo-500ix,26.598931991663008,236.39924229969404,17.38303150879406,68.29520205634631,2026-09-18 21:53:39,1,Healthy
352,Warrior-500i,36.24069871318669,248.7321720862904,10.019498306881923,47.91850674558505,2026-09-18 21:58:39,-1,Action Required
353,Rogue-ET,32.96591392894413,166.3419705904968,16.635414323655304,61.922278741247396,2026-09-18 21:58:39,1,Healthy
354,Aristo-500ix,23.95021190953642,183.63977677980424,13.035259434077988,74.85610319205611,2026-09-18 21:58:39,1,Healthy
355,Warrior-500i,29.993033896546798,194.34970019714268,17.176983643566857,47.49533061722115,2026-09-18 22:03:39,1,Healthy
356,Rogue-ET,25.675364278111946,194.29739838817082,10.814295291589726,66.49146634774138,2026-09-18 22:03:39,1,Healthy
357,Aristo-500ix,28.055931045951425,224.60551021769388,12.585127419496139,47.90264057432583,2026-09-18 22:03:39,1,Healthy
358,Warrior-500i,32.147804338359585,294.8760200827028,15.555398988757624,57.26470535964084,2026-09-18 22:08:39,1,Healthy
359,Rogue-ET,24.08898384911707,225.20375493382284,12.141573908538355,70.17571188041371,2026-09-18 22:08:39,1,Healthy
360,Aristo-500ix,30.778115416354687,282.68135770840695,13.124029655000601,49.65566266332008,2026-09-18 22:08:39,1,Healthy
361,Warrior-500i,23.858822891396308,252.7532649562133,11.689896787263214,53.73033291499128,2026-09-18 22:13:39,1,Healthy
362,Rogue-ET,25.200622121802862,210.18480585418098,10.65002589767414,47.69543913494732,2026-09-18 22:13:39,1,Healthy
363,Aristo-500ix,31.242787992429214,284.9190540144299,13.388755332923566,57.9777243670571,2026-09-18 22:13:39,1,Healthy
364,Warrior-500i,29.35913507686357,230.98869747727048,15.851108181236595,74.16300684015657,2026-09-18 22:18:39,1,Healthy
365,Rogue-ET,23.840939043450007,213.82201613904766,13.086959221776937,62.406424483914854,2026-09-18 22:18:39,1,Healthy
366,Aristo-500ix,36.67962442389559,155.3367470842132,10.26128662841651,58.73850511510059,2026-09-18 22:18:39,1,Healthy
367,Warrior-500i,36.3734230345405,268.51271652140764,14.509132195393807,65.42062603833986,2026-09-18 22:23:39,1,Healthy
368,Rogue-ET,28.65347064989826,248.45485171350174,14.110589262246744,65.68353361185993,2026-09-18 22:23:39,1,Healthy
369,Aristo-500ix,24.095632878978,170.2312280752592,14.69400354868939,66.8743550766799,2026-09-18 22:23:39,1,Healthy
370,Warrior-500i,27.362228857934372,285.28495651493006,16.223230153523605,49.58904820668107,2026-09-18 22:28:39,1,Healthy
371,Rogue-ET,36.02436466014477,277.39515592679606,16.617222926765404,56.89341771427966,2026-09-18 22:28:39,1,Healthy
372,Aristo-500ix,34.7733203175695,161.95843032353042,16.615090640861894,56.087376561305035,2026-09-18 22:28:39,1,Healthy
373,Warrior-500i,25.987455902787453,157.78465685166455,13.851566240607665,67.45746325595378,2026-09-18 22:33:39,1,Healthy
374,Rogue-ET,26.848778776281186,279.37031329636835,16.290331698334903,55.77093055289543,2026-09-18 22:33:39,1,Healthy
375,Aristo-500ix,22.016448179043216,288.2434344479759,16.782171588683404,70.50433746784023,2026-09-18 22:33:39,-1,Action Required
376,Warrior-500i,24.135560239693614,176.3037608112095,12.62993162854588,62.55527283099707,2026-09-18 22:38:39,1,Healthy
377,Rogue-ET,22.038394307266095,179.6313955774491,17.529809835783134,49.7027151276292,2026-09-18 22:38:39,1,Healthy
378,Aristo-500ix,35.02402917382396,201.48992473827235,10.148789986914583,49.82471291201232,2026-09-18 22:38:39,1,Healthy
379,Warrior-500i,36.08700201439819,153.68453309744095,17.166088284052435,63.570265750808694,2026-09-18 22:43:39,1,Healthy
380,Rogue-ET,31.849597665281642,172.4230569798724,16.997561057555256,48.71158822466864,2026-09-18 22:43:39,1,Healthy
381,Aristo-500ix,25.729273660860336,161.118912528938,17.431431045456222,66.93456581643565,2026-09-18 22:43:39,1,Healthy
382,Warrior-500i,23.183354172219595,201.3736045547897,17.02332224284256,70.11553706076185,2026-09-18 22:48:39,1,Healthy
383,Rogue-ET,26.704933219467165,260.5584472017156,16.364376630588044,60.16681606160339,2026-09-18 22:48:39,1,Healthy
384,Aristo-500ix,28.580041229742054,170.59478841268916,11.085004762661129,61.99009166896448,2026-09-18 22:48:39,1,Healthy
385,Warrior-500i,32.89016116249269,218.47559725510393,10.527306187542127,73.41807273818361,2026-09-18 22:53:39,1,Healthy
386,Rogue-ET,37.22569166811042,225.54942119848297,17.934666846288525,48.650599399474224,2026-09-18 22:53:39,1,Healthy
387,Aristo-500ix,29.297786247027588,220.01487422948657,10.488954199878002,53.124659100058636,2026-09-18 22:53:39,1,Healthy
388,Warrior-500i,23.776562027585385,253.47260005799876,17.830100933596487,71.44210330711617,2026-09-18 22:58:39,1,Healthy
389,Rogue-ET,22.875088260632822,201.948370838271,14.934378920818514,73.9004470434966,2026-09-18 22:58:39,1,Healthy
390,Aristo-500ix,28.664883995996064,285.19575253075453,14.293099254783005,59.0451794916095,2026-09-18 22:58:39,1,Healthy
391,Warrior-500i,37.26349451861823,197.29360706816541,15.914233844977609,65.51632998599355,2026-09-18 23:03:39,1,Healthy
392,Rogue-ET,32.60498687904948,237.90106896479523,11.21415606713163,66.51398991330855,2026-09-18 23:03:39,1,Healthy
393,Aristo-500ix,33.430806668310595,177.0138460098618,12.396501725513392,57.82290991026906,2026-09-18 23:03:39,1,Healthy
394,Warrior-500i,22.1630496597097,278.642016443241,11.75757174717873,54.442784859107704,2026-09-18 23:08:39,1,Healthy
395,Rogue-ET,29.505008504563385,177.73586538585218,15.826911622746586,47.29571488140597,2026-09-18 23:08:39,1,Healthy
396,Aristo-500ix,24.339984295155105,193.6398718158215,14.30587793040245,71.6404602284288,2026-09-18 23:08:39,1,Healthy
397,Warrior-500i,23.60195644950226,176.8040410658178,12.672346523094681,62.45282852345173,2026-09-18 23:13:39,1,Healthy
398,Rogue-ET,31.39709250493279,168.19645825150948,16.537946528417876,56.7282198965217,2026-09-18 23:13:39,1,Healthy
399,Aristo-500ix,30.95186086315516,207.4796612599828,12.096920044183307,45.41143577184468,2026-09-18 23:13:39,1,Healthy
400,Warrior-500i,24.01769681058976,168.45553917853414,15.538138314948554,57.094694619275806,2026-09-18 23:18:39,1,Healthy
401,Rogue-ET,33.65878689935913,294.6202937063588,17.86271959732288,62.068012605698286,2026-09-18 23:18:39,1,Healthy
402,Aristo-500ix,25.769678812025532,154.25062512670297,15.594633537462025,71.18538648729192,2026-09-18 23:18:39,1,Healthy
403,Warrior-500i,24.21486952232546,242.78921785865532,16.36816063590136,65.53206040097149,2026-09-18 23:23:39,1,Healthy
404,Rogue-ET,22.96160417778554,167.35372823557736,12.951315902695537,73.18324488890178,2026-09-18 23:23:39,1,Healthy
405,Aristo-500ix,23.554894962021084,287.8757182243178,10.007440142624873,49.40675558828402,2026-09-18 23:23:39,-1,Action Required
406,Warrior-500i,22.538030444553353,196.3932719806193,15.701917343220789,66.0423694879403,2026-09-18 23:28:39,1,Healthy
407,Rogue-ET,34.18070186314022,238.95824147450168,11.936422886511178,57.409960170395124,2026-09-18 23:28:39,1,Healthy
408,Aristo-500ix,27.27623210660424,234.54803098942932,11.760142756470614,50.01883688076645,2026-09-18 23:28:39,1,Healthy
409,Warrior-500i,34.75700808251905,170.79302428752806,14.851927420162767,57.02246453496676,2026-09-18 23:33:39,1,Healthy
410,Rogue-ET,32.82716197186592,203.07243008565868,15.741636607627722,71.75229167785454,2026-09-18 23:33:39,1,Healthy
411,Aristo-500ix,28.729636234690577,206.3697752617557,12.890401472733807,74.93138630362387,2026-09-18 23:33:39,1,Healthy
412,Warrior-500i,30.066910460749124,165.94280501768196,12.860954817738678,48.89112894675415,2026-09-18 23:38:39,1,Healthy
413,Rogue-ET,22.388479693473837,253.9372915891416,12.123550489557559,68.66520875664168,2026-09-18 23:38:39,1,Healthy
414,Aristo-500ix,29.849311486919035,183.9103211242538,12.282962619115413,47.66717548611188,2026-09-18 23:38:39,1,Healthy
415,Warrior-500i,35.08623551515111,198.3957132472581,14.348814495356079,57.00219353104255,2026-09-18 23:43:39,1,Healthy
416,Rogue-ET,32.86718584770428,248.08830108291414,12.060307731488813,46.35342470382101,2026-09-18 23:43:39,1,Healthy
417,Aristo-500ix,29.21532407185544,231.06969263447508,15.358511853411352,60.54623464329566,2026-09-18 23:43:39,1,Healthy
418,Warrior-500i,28.008744076171606,229.13596517654605,14.22785559682438,48.63171319024265,2026-09-18 23:48:39,1,Healthy
419,Rogue-ET,23.786232617135443,273.04502199876384,17.2199538988489,59.2089937886159,2026-09-18 23:48:39,1,Healthy
420,Aristo-500ix,33.30500141964941,161.04086152059133,10.747833220713904,63.15587982045194,2026-09-18 23:48:39,1,Healthy
421,Warrior-500i,25.067648649072638,239.5232841147229,10.982254642312709,53.24250393293594,2026-09-18 23:53:39,1,Healthy
422,Rogue-ET,24.155037640356127,296.1881345917499,16.835247273963784,64.78049644229894,2026-09-18 23:53:39,1,Healthy
423,Aristo-500ix,37.1960764478655,150.29576463866363,17.242634117477618,45.65543535777632,2026-09-18 23:53:39,-1,Action Required
424,Warrior-500i,32.980241850133254,231.06810047417613,12.308561457857975,72.11447855708491,2026-09-18 23:58:39,1,Healthy
425,Rogue-ET,33.05137606132647,288.642098769413,10.551275952224897,65.84659292366337,2026-09-18 23:58:39,1,Healthy
426,Aristo-500ix,24.761714402229572,153.89808217719164,15.943793559860316,73.42401993413466,2026-09-18 23:58:39,1,Healthy
427,Warrior-500i,33.134124538758556,214.87933761795296,14.368527475862301,59.47603312583595,2026-09-19 00:03:39,1,Healthy
428,Rogue-ET,25.364279680151114,298.10020327179546,10.262026318040355,64.05694666255614,2026-09-19 00:03:39,1,Healthy
429,Aristo-500ix,29.405433237219604,254.61970253500365,11.387282823566354,60.64812687015172,2026-09-19 00:03:39,1,Healthy
430,Warrior-500i,23.971886715455362,206.88011002734913,14.142990651842767,71.07853009474874,2026-09-19 00:08:39,1,Healthy
431,Rogue-ET,28.966602705695323,183.15389753376917,11.23859711840332,67.93913224736394,2026-09-19 00:08:39,1,Healthy
432,Aristo-500ix,28.641151114291006,254.1257949715863,15.224710262718778,56.81133240172497,2026-09-19 00:08:39,1,Healthy
433,Warrior-500i,28.474314360690563,288.1264804875839,16.594111595815033,69.75970458385771,2026-09-19 00:13:39,1,Healthy
434,Rogue-ET,37.44285722905186,198.84719669934185,11.496608644271948,72.71628981330606,2026-09-19 00:13:39,1,Healthy
435,Aristo-500ix,36.48649946350852,153.8706547016574,10.394274318187698,59.57245326232485,2026-09-19 00:13:39,1,Healthy
436,Warrior-500i,33.26215731505558,222.78351908983205,16.469048969552887,63.958885714674,2026-09-19 00:18:39,1,Healthy
437,Rogue-ET,33.121375408049005,224.352536666135,13.479628666613731,54.646124735651625,2026-09-19 00:18:39,1,Healthy
438,Aristo-500ix,22.076770439825875,174.17592746381547,13.245034248082064,60.0522316068338,2026-09-19 00:18:39,1,Healthy
439,Warrior-500i,31.477431158844034,166.58934794014954,10.547695132812454,57.513307505630316,2026-09-19 00:23:39,1,Healthy
440,Rogue-ET,37.908806459832434,272.38958024702913,14.925109258022662,74.01669686048203,2026-09-19 00:23:39,1,Healthy
441,Aristo-500ix,29.16787024296464,230.54347428292547,12.706671047692808,48.01557996525227,2026-09-19 00:23:39,1,Healthy
442,Warrior-500i,24.1529995350449,199.5155702077924,12.543493000396763,68.97313357894937,2026-09-19 00:28:39,1,Healthy
443,Rogue-ET,29.5172512767652,156.26463343422134,11.15209872595685,56.316369139271124,2026-09-19 00:28:39,1,Healthy
444,Aristo-500ix,29.027045367086025,278.1548270635889,17.545225912203158,59.3819945810293,2026-09-19 00:28:39,1,Healthy
445,Warrior-500i,32.99133347257856,298.0251339472762,16.1799059935847,68.6259711558345,2026-09-19 00:33:39,1,Healthy
446,Rogue-ET,23.421650138098478,259.7170579754966,16.512565515962716,56.37445453207212,2026-09-19 00:33:39,1,Healthy
447,Aristo-500ix,23.11405184677458,153.35393432828818,13.325651631085776,74.44571937064656,2026-09-19 00:33:39,1,Healthy
448,Warrior-500i,25.156749786987156,248.17708444507844,13.661826929135454,58.630104510583735,2026-09-19 00:38:39,1,Healthy
449,Rogue-ET,28.12560120983501,226.98878197560737,17.345155879183594,49.02955980453936,2026-09-19 00:38:39,1,Healthy
450,Aristo-500ix,23.83256987165518,208.73804154953146,17.709792322857993,62.128858394431674,2026-09-19 00:38:39,1,Healthy
451,Warrior-500i,32.47487816035876,205.1545475708948,14.332134299278886,54.209781617337285,2026-09-19 00:43:39,1,Healthy
452,Rogue-ET,32.2676095474742,282.0863857333996,12.698118244629166,66.6007206567883,2026-09-19 00:43:39,1,Healthy
453,Aristo-500ix,26.755028307655962,252.78330271105386,14.459779288508186,56.07428543551966,2026-09-19 00:43:39,1,Healthy
454,Warrior-500i,32.50276893272389,166.73720783435468,14.127162962181883,61.52257466331159,2026-09-19 00:48:39,1,Healthy
455,Rogue-ET,37.161892163088254,246.17765660936692,13.686129937773913,48.022837861260875,2026-09-19 00:48:39,1,Healthy
456,Aristo-500ix,24.624343218228866,182.8316744114336,17.1671624759861,63.438710415719186,2026-09-19 00:48:39,1,Healthy
457,Warrior-500i,37.37192173869488,252.36762017506965,11.019034255479975,57.5437081263523,2026-09-19 00:53:39,1,Healthy
458,Rogue-ET,23.748168535614624,248.79453128676192,17.215151935643853,59.68262547135119,2026-09-19 00:53:39,1,Healthy
459,Aristo-500ix,37.7345656029116,221.35934779000692,12.701600898199635,74.81187607174056,2026-09-19 00:53:39,1,Healthy
460,Warrior-500i,23.563450156485942,251.50892140023288,13.927025136963277,65.26126375316873,2026-09-19 00:58:39,1,Healthy
461,Rogue-ET,25.802910145756584,203.8937334786487,13.005472768464397,51.47822331510159,2026-09-19 00:58:39,1,Healthy
462,Aristo-500ix,28.923894423952547,291.89657702275775,17.254683041623437,67.66552343123001,2026-09-19 00:58:39,1,Healthy
463,Warrior-500i,23.013120707163317,296.8815314617884,13.617589126805855,71.96680692003044,2026-09-19 01:03:39,1,Healthy
464,Rogue-ET,22.214116613046585,245.53231380988154,10.685617001709044,56.91459322718458,2026-09-19 01:03:39,1,Healthy
465,Aristo-500ix,33.18536884216472,206.869985214755,16.073414665955237,72.36035541516188,2026-09-19 01:03:39,1,Healthy
466,Warrior-500i,31.094890427258385,238.90097087151838,13.933244611668787,56.65978394560534,2026-09-19 01:08:39,1,Healthy
467,Rogue-ET,37.421551101568774,179.38110462557898,14.21227008519326,59.38257382121582,2026-09-19 01:08:39,1,Healthy
468,Aristo-500ix,23.01537271083036,173.31053358729997,13.876278014408044,73.92209046174995,2026-09-19 01:08:39,1,Healthy
469,Warrior-500i,22.654275768311727,152.77727620855424,10.251436024667257,62.908612225095474,2026-09-19 01:13:39,1,Healthy
470,Rogue-ET,26.344140162212263,202.08537679655052,11.668500340767183,69.89469915568463,2026-09-19 01:13:39,1,Healthy
471,Aristo-500ix,31.23136393697014,204.75886028955708,16.060701362130626,49.95279497636726,2026-09-19 01:13:39,1,Healthy
472,Warrior-500i,31.377992348943625,190.86411842941283,17.086051819607484,57.96798246833895,2026-09-19 01:18:39,1,Healthy
473,Rogue-ET,29.743918732093746,255.19251357761692,12.876907494074242,47.31563424154144,2026-09-19 01:18:39,1,Healthy
474,Aristo-500ix,34.76226944400994,281.51243180527433,12.760603520118798,67.39482962652895,2026-09-19 01:18:39,1,Healthy
475,Warrior-500i,24.115762779924488,290.04566061784794,17.238426147686965,68.05634840899647,2026-09-19 01:23:39,1,Healthy
476,Rogue-ET,28.407865742644873,285.3829926760514,14.678587213286178,61.109505951213734,2026-09-19 01:23:39,1,Healthy
477,Aristo-500ix,23.435571022157816,267.50182442931066,16.244452195191286,52.361591538001335,2026-09-19 01:23:39,1,Healthy
478,Warrior-500i,30.7065508324508,265.85553582569037,11.94937144604378,65.58780936934545,2026-09-19 01:28:39,1,Healthy
479,Rogue-ET,35.45510363579741,282.8879081636378,13.601355468580154,69.22470246115437,2026-09-19 01:28:39,1,Healthy
480,Aristo-500ix,35.15289877448922,205.5732004586015,12.096931916175812,73.35564987451578,2026-09-19 01:28:39,1,Healthy
481,Warrior-500i,34.374409031157796,257.33134934824244,11.241429978850146,56.99599464238119,2026-09-19 01:33:39,1,Healthy
482,Rogue-ET,25.17450489562931,200.13683148457176,17.45832582327126,67.96530290781394,2026-09-19 01:33:39,1,Healthy
483,Aristo-500ix,34.648271312826864,192.434048327273,12.658265567173277,47.26914784798826,2026-09-19 01:33:39,1,Healthy
484,Warrior-500i,33.748438156092185,165.20336888744512,14.323460465796412,67.35590397558377,2026-09-19 01:38:39,1,Healthy
485,Rogue-ET,30.386963153837513,224.06784991398376,15.173406583672811,47.81900169267655,2026-09-19 01:38:39,1,Healthy
486,Aristo-500ix,30.110240056529676,153.18909029879035,16.629529459378926,66.6782460441469,2026-09-19 01:38:39,1,Healthy
487,Warrior-500i,22.349765099778224,200.9817497891383,11.957916003405659,60.10202824306574,2026-09-19 01:43:39,1,Healthy
488,Rogue-ET,32.261302958135225,219.21080356715706,15.850768628104031,57.28994184260354,2026-09-19 01:43:39,1,Healthy
489,Aristo-500ix,32.96583567809022,174.96944819022764,15.945965659161729,67.9866679470949,2026-09-19 01:43:39,1,Healthy
490,Warrior-500i,29.88371050739589,155.98424037449402,15.720022655769665,69.41477601861973,2026-09-19 01:48:39,1,Healthy
491,Rogue-ET,29.68749618841041,191.09292605189668,14.356388692960195,71.35206162408656,2026-09-19 01:48:39,1,Healthy
492,Aristo-500ix,35.11793872042382,198.69747340968848,10.308107845198409,47.864701952073986,2026-09-19 01:48:39,1,Healthy
493,Warrior-500i,26.538728637936998,267.55378872347075,15.242865480217283,52.62604917225795,2026-09-19 01:53:39,1,Healthy
494,Rogue-ET,35.55568455183982,236.26724747749,15.314745110459903,46.97491461098662,2026-09-19 01:53:39,1,Healthy
495,Aristo-500ix,32.58761829275248,233.6631333505016,13.518150532508878,72.98205714442594,2026-09-19 01:53:39,1,Healthy
496,Warrior-500i,32.24310058785055,258.6898477252198,12.253879185006994,68.08818701040464,2026-09-19 01:58:39,1,Healthy
497,Rogue-ET,24.45105056942911,265.3767510144968,13.027767883637418,68.0925690594119,2026-09-19 01:58:39,1,Healthy
498,Aristo-500ix,33.51688472306827,294.7249002920554,17.301311858013946,74.37442390962767,2026-09-19 01:58:39,1,Healthy
499,Warrior-500i,30.359361540368468,158.53698104844383,13.60848003094465,65.29323907011765,2026-09-19 02:03:39,1,Healthy
500,Rogue-ET,22.323740092370116,188.74700202535536,13.58491772868819,63.31939925277625,2026-09-19 02:03:39,1,Healthy
501,Aristo-500ix,29.69670141412039,159.37873026214464,11.560138034330425,67.28987485312463,2026-09-19 02:03:39,1,Healthy
502,Warrior-500i,27.81529502372291,164.49030989304134,13.64146405636585,72.58200024298682,2026-09-19 02:08:39,1,Healthy
503,Rogue-ET,33.480439258721454,183.89848166364482,14.554877465032916,47.75768724623432,2026-09-19 02:08:39,1,Healthy
504,Aristo-500ix,32.33099635543493,216.76651584055674,14.462616694073368,71.04079859439011,2026-09-19 02:08:39,1,Healthy
505,Warrior-500i,35.669577196978835,296.34965776289255,15.929179088716499,74.89628334107286,2026-09-19 02:13:39,-1,Action Required
506,Rogue-ET,33.67997685716409,164.02360293383407,17.984486350844392,74.33820323696747,2026-09-19 02:13:39,1,Healthy
507,Aristo-500ix,33.697257382176836,250.18782738703766,13.73864156282636,51.18852407456736,2026-09-19 02:13:39,1,Healthy
508,Warrior-500i,22.401150937443358,150.577534384021,14.55622589779538,47.90612403909991,2026-09-19 02:18:39,-1,Action Required
509,Rogue-ET,30.17354213671262,277.25171524414964,11.52442906796907,74.79343244583859,2026-09-19 02:18:39,1,Healthy
510,Aristo-500ix,34.13461980725929,264.5316434649135,10.130133697122968,70.05181484274027,2026-09-19 02:18:39,1,Healthy
511,Warrior-500i,30.441351183690227,233.62552054630402,12.66914556726946,59.77884949957205,2026-09-19 02:23:39,1,Healthy
512,Rogue-ET,25.600622093980235,210.54317220972615,13.145540931692615,66.2978881481209,2026-09-19 02:23:39,1,Healthy
513,Aristo-500ix,28.99848912560515,281.4690885569661,15.695747474189151,52.693787086794316,2026-09-19 02:23:39,1,Healthy
514,Warrior-500i,28.681754069094453,168.99443267762024,17.629203483351425,53.009251862613475,2026-09-19 02:28:39,1,Healthy
515,Rogue-ET,26.041751525826925,166.47686708914253,13.777891506533882,73.59078406317546,2026-09-19 02:28:39,1,Healthy
516,Aristo-500ix,36.95781922196295,295.0961430573288,15.704446618942118,74.2013904037858,2026-09-19 02:28:39,1,Healthy
517,Warrior-500i,32.0919227384891,265.2251283950708,13.267089051547762,55.13081058247837,2026-09-19 02:33:39,1,Healthy
518,Rogue-ET,32.348995117971455,185.43778821561585,14.769174427946837,59.62142967448076,2026-09-19 02:33:39,1,Healthy
519,Aristo-500ix,31.137840361852202,195.4673903498711,10.94560351291781,69.48121326311275,2026-09-19 02:33:39,1,Healthy
520,Warrior-500i,28.48212620605095,285.5528071221547,11.114134499641136,63.24744656203467,2026-09-19 02:38:39,1,Healthy
521,Rogue-ET,23.234215748783832,156.85166488072016,14.52909746383402,74.03925234498034,2026-09-19 02:38:39,1,Healthy
522,Aristo-500ix,37.64010958112242,230.7349935495959,13.462090710273035,60.959279577789275,2026-09-19 02:38:39,1,Healthy
523,Warrior-500i,22.15580510076748,208.10176032056657,12.350862455280684,68.20392881636144,2026-09-19 02:43:39,1,Healthy
524,Rogue-ET,34.37231867600537,158.56015518784224,11.293184644097613,70.35230226980833,2026-09-19 02:43:39,1,Healthy
525,Aristo-500ix,25.884051012955172,218.02530603370457,14.805801224377188,70.84722922867724,2026-09-19 02:43:39,1,Healthy
526,Warrior-500i,37.486616645663716,161.6282136155205,16.81384764576123,71.87442689336658,2026-09-19 02:48:39,1,Healthy
527,Rogue-ET,28.012893084439327,175.76136066243427,13.407694237689778,63.904661404970284,2026-09-19 02:48:39,1,Healthy
528,Aristo-500ix,28.811984161423304,214.69143140179926,13.918239856317033,56.226889994570584,2026-09-19 02:48:39,1,Healthy
529,Warrior-500i,22.954000405550417,153.11575984037242,15.487372644916993,49.96626605197455,2026-09-19 02:53:39,1,Healthy
530,Rogue-ET,26.941554007143502,184.42601668231666,15.23229051753207,58.335862954517786,2026-09-19 02:53:39,1,Healthy
531,Aristo-500ix,26.90242210952483,235.69815877188273,16.31168633611081,65.58853515235208,2026-09-19 02:53:39,1,Healthy
532,Warrior-500i,31.306746140795166,183.25146390657787,11.57763389504772,52.97006340657905,2026-09-19 02:58:39,1,Healthy
533,Rogue-ET,37.68187848136445,156.50425144374992,11.359636598147668,65.08410071249752,2026-09-19 02:58:39,1,Healthy
534,Aristo-500ix,22.88488525930837,253.8568418532989,16.355588328557808,74.30926190239182,2026-09-19 02:58:39,1,Healthy
535,Warrior-500i,26.350105050028354,194.66213367771888,16.686744657357252,71.22845462569212,2026-09-19 03:03:39,1,Healthy
536,Rogue-ET,37.35153750910584,196.00777291320318,10.563091018678282,54.82003043801021,2026-09-19 03:03:39,1,Healthy
537,Aristo-500ix,24.825174220030476,252.956715708356,16.886307320481528,64.66690149606323,2026-09-19 03:03:39,1,Healthy
538,Warrior-500i,22.73270383125195,268.0377644129103,15.651208448505798,74.87903133175382,2026-09-19 03:08:39,1,Healthy
539,Rogue-ET,35.83424832950901,202.82551113954932,14.673913342881482,74.63548464302224,2026-09-19 03:08:39,1,Healthy
540,Aristo-500ix,29.128043913052252,203.22439452552888,15.507415010784936,73.89729970267379,2026-09-19 03:08:39,1,Healthy
541,Warrior-500i,36.798492258179444,233.64244206636488,13.183666104185793,61.048305170032265,2026-09-19 03:13:39,1,Healthy
542,Rogue-ET,32.435079007634826,154.0022702126667,15.101557345669004,67.22692684263163,2026-09-19 03:13:39,1,Healthy
543,Aristo-500ix,26.89812944722494,185.12478769966316,11.331252368155496,50.77104790765599,2026-09-19 03:13:39,1,Healthy
544,Warrior-500i,28.20877265699174,264.70783925546294,10.153490378931298,72.37786681107681,2026-09-19 03:18:39,1,Healthy
545,Rogue-ET,26.602422449633984,279.90639017611903,13.054683396891242,60.91855942857988,2026-09-19 03:18:39,1,Healthy
546,Aristo-500ix,29.74472596652712,176.8957169109374,17.91905763202181,51.31719718329691,2026-09-19 03:18:39,1,Healthy
547,Warrior-500i,25.515049593809735,234.18767110374796,10.005358964952698,73.84197459366453,2026-09-19 03:23:39,1,Healthy
548,Rogue-ET,34.71021556050074,183.59745680501393,15.38210828633678,46.86699759471055,2026-09-19 03:23:39,1,Healthy
549,Aristo-500ix,29.36211865191354,263.9052563000779,16.620602046288667,67.56052677793282,2026-09-19 03:23:39,1,Healthy
550,Warrior-500i,29.029934066452405,150.76999591020677,16.209408371659215,54.06055289519624,2026-09-19 03:28:39,1,Healthy
551,Rogue-ET,22.097147582267045,251.6103271938589,16.198694688323755,63.55273408724705,2026-09-19 03:28:39,1,Healthy
552,Aristo-500ix,30.34204902587331,214.33490937015915,14.632818014006677,61.70941574697125,2026-09-19 03:28:39,1,Healthy
553,Warrior-500i,32.69798195580817,243.5017719411269,12.909277336013089,72.79536598124024,2026-09-19 03:33:39,1,Healthy
554,Rogue-ET,34.70728790484989,244.48333121708595,14.189820275848934,51.23953144007432,2026-09-19 03:33:39,1,Healthy
555,Aristo-500ix,24.630666252064415,298.77472663035724,13.541866297443498,63.8711878615282,2026-09-19 03:33:39,1,Healthy
556,Warrior-500i,22.888496983852242,262.66556018610123,12.854542720130281,61.50017130942056,2026-09-19 03:38:39,1,Healthy
557,Rogue-ET,26.799126330586002,270.02806913138784,13.070814751252964,60.946422062840384,2026-09-19 03:38:39,1,Healthy
558,Aristo-500ix,33.928974793738575,242.0878928141405,13.2765465741968,64.51518617192937,2026-09-19 03:38:39,1,Healthy
559,Warrior-500i,29.128450487418622,195.88769296113745,10.351941391749635,48.71598652847403,2026-09-19 03:43:39,1,Healthy
560,Rogue-ET,22.668400988695794,293.13091048028775,17.737300783735773,54.78666135482291,2026-09-19 03:43:39,1,Healthy
561,Aristo-500ix,23.965848800341817,230.43800344711713,13.95760255243832,48.40713853531194,2026-09-19 03:43:39,1,Healthy
562,Warrior-500i,31.90698264731046,217.51765476381232,15.810251220215097,71.61479322555894,2026-09-19 03:48:39,1,Healthy
563,Rogue-ET,22.402104134711724,288.03268247472795,16.178240734384616,47.67339173274585,2026-09-19 03:48:39,1,Healthy
564,Aristo-500ix,28.49356540688965,265.10603251059297,17.736694864799368,71.29980127514885,2026-09-19 03:48:39,1,Healthy
565,Warrior-500i,32.09737373268816,201.22229882727632,15.184355520520583,67.46329669972143,2026-09-19 03:53:39,1,Healthy
566,Rogue-ET,31.21586773316327,277.8401213669589,16.797148061063332,63.66891441216072,2026-09-19 03:53:39,1,Healthy
567,Aristo-500ix,35.251753163499195,165.21956332030834,12.820581730102145,72.33170999528595,2026-09-19 03:53:39,1,Healthy
568,Warrior-500i,27.69995319028657,186.60968446001786,11.146990449127365,49.58825884166602,2026-09-19 03:58:39,1,Healthy
569,Rogue-ET,25.521145992090624,260.71690127556843,10.186378888036764,53.024139218232634,2026-09-19 03:58:39,1,Healthy
570,Aristo-500ix,31.250387886333293,201.70654258115954,10.803850087948454,69.10197912959416,2026-09-19 03:58:39,1,Healthy
571,Warrior-500i,27.80398475893101,178.36443971085023,11.215789152913676,53.8219669364894,2026-09-19 04:03:39,1,Healthy
572,Rogue-ET,37.153868206184825,195.875669819609,13.139528409201056,60.8601660065102,2026-09-19 04:03:39,1,Healthy
573,Aristo-500ix,33.70150351288016,267.7079966656232,16.371880658874574,67.50156564400999,2026-09-19 04:03:39,1,Healthy
574,Warrior-500i,37.91813076572119,234.64441971597634,13.740718897966659,61.04447818415016,2026-09-19 04:08:39,1,Healthy
575,Rogue-ET,32.096108719654296,222.03108873693617,12.984076067990294,49.4980684439275,2026-09-19 04:08:39,1,Healthy
576,Aristo-500ix,31.741173945657707,202.47102347445258,10.005665269906483,52.97470940063515,2026-09-19 04:08:39,1,Healthy
577,Warrior-500i,35.98790312508262,194.3592450389054,17.77937427945795,61.86776647899981,2026-09-19 04:13:39,1,Healthy
578,Rogue-ET,36.890748112312096,170.7501861406251,12.549136134409666,63.199607828633816,2026-09-19 04:13:39,1,Healthy
579,Aristo-500ix,34.65221441816253,253.7382285368355,10.026255434564114,56.88246142767981,2026-09-19 04:13:39,1,Healthy
580,Warrior-500i,25.74163905065828,157.37792551593773,16.962595485267574,62.5652303921953,2026-09-19 04:18:39,1,Healthy
581,Rogue-ET,27.566223687774915,236.34257603500464,14.62703697113091,60.00549881894317,2026-09-19 04:18:39,1,Healthy
582,Aristo-500ix,26.558143085537367,215.6382814239334,14.777455609256673,73.14811028188728,2026-09-19 04:18:39,1,Healthy
583,Warrior-500i,33.46266334368563,239.46229751399244,14.246922494165307,69.87770178747986,2026-09-19 04:23:39,1,Healthy
584,Rogue-ET,36.21627046635553,267.01096156162635,17.603226298590332,53.67696759665067,2026-09-19 04:23:39,1,Healthy
585,Aristo-500ix,23.617153587529824,255.33182618511754,13.935289289286999,66.97872321348726,2026-09-19 04:23:39,1,Healthy
586,Warrior-500i,28.811115227942594,204.40151393702757,14.135360327022122,47.93327077756829,2026-09-19 04:28:39,1,Healthy
587,Rogue-ET,32.91237674758939,213.46139728663525,12.691519775208548,58.576248238838744,2026-09-19 04:28:39,1,Healthy
588,Aristo-500ix,31.573794829829893,249.03885592559573,11.245940617189326,55.54925331201924,2026-09-19 04:28:39,1,Healthy
589,Warrior-500i,24.587793162444466,246.21328962451636,11.447665194551277,59.660646378531126,2026-09-19 04:33:39,1,Healthy
590,Rogue-ET,37.45614264472903,298.6767506756039,17.067684254728533,63.77127696131974,2026-09-19 04:33:39,1,Healthy
591,Aristo-500ix,28.90791911998909,234.92432447181287,13.6943860564992,46.56710189616405,2026-09-19 04:33:39,1,Healthy
592,Warrior-500i,26.19396974671695,251.0142470652592,15.852314279248246,68.91433236073635,2026-09-19 04:38:39,1,Healthy
593,Rogue-ET,32.983328988895764,241.2613791743898,13.889946965579114,65.16987405847016,2026-09-19 04:38:39,1,Healthy
594,Aristo-500ix,29.939756131101355,223.53592579545,12.403129526626849,63.276306767979655,2026-09-19 04:38:39,1,Healthy
595,Warrior-500i,36.793464203479914,251.07788310067824,16.376496170789256,60.320225756796845,2026-09-19 04:43:39,1,Healthy
596,Rogue-ET,37.06770741410679,170.50613676040777,12.66416977639621,72.4560675132312,2026-09-19 04:43:39,1,Healthy
597,Aristo-500ix,27.16607119296046,245.11699312126393,16.02312672626248,58.600554786423714,2026-09-19 04:43:39,1,Healthy
598,Warrior-500i,33.81665762267535,194.80434172802046,14.800487921084287,47.38783288442134,2026-09-19 04:48:39,1,Healthy
599,Rogue-ET,25.333341943697043,162.620315724886,12.925248726911825,74.44564229031447,2026-09-19 04:48:39,1,Healthy
600,Aristo-500ix,33.36006070290233,169.17354309465262,17.130038531494883,56.740161964234346,2026-09-19 04:48:39,1,Healthy
601,Warrior-500i,48.62992640955967,232.3010670133463,16.62542061836247,103.74883430840522,2026-09-19 04:53:39,-1,Action Required
602,Rogue-ET,30.90463347755628,166.04550775096635,14.026563371759902,49.38318841971855,2026-09-19 04:53:39,1,Healthy
603,Aristo-500ix,24.500715256743923,179.58221465437342,14.14925576514776,64.2455164137031,2026-09-19 04:53:39,1,Healthy
604,Warrior-500i,45.09303288318265,259.21633126022084,16.912838795541568,104.43413731444713,2026-09-19 04:58:39,-1,Action Required
605,Rogue-ET,24.33369780936017,234.05063818066583,12.999528624463771,69.15328033688114,2026-09-19 04:58:39,1,Healthy
606,Aristo-500ix,28.50957540077472,157.3407062637248,17.81532905476714,64.16762307323172,2026-09-19 04:58:39,1,Healthy
607,Warrior-500i,46.248621980200646,252.32794440526067,16.399000598714835,96.4642167036889,2026-09-19 05:03:39,-1,Action Required
608,Rogue-ET,34.034487968253615,212.1673070053945,12.838166751407417,49.25062296003514,2026-09-19 05:03:39,1,Healthy
609,Aristo-500ix,32.93925287891553,163.44163944926117,16.00314542777543,54.13609930878938,2026-09-19 05:03:39,1,Healthy
610,Warrior-500i,48.37946103582098,255.59770947155812,13.048535502677954,95.36531273174376,2026-09-19 05:08:39,-1,Action Required
611,Rogue-ET,34.80550422009534,256.68214999250466,16.042998910849622,71.74362144702273,2026-09-19 05:08:39,1,Healthy
612,Aristo-500ix,32.946878566049016,271.1680031719202,13.5033235156708,55.38633531635741,2026-09-19 05:08:39,1,Healthy
613,Warrior-500i,45.434853353428636,297.8707483013245,16.229100848958826,100.27197757837102,2026-09-19 05:13:39,-1,Action Required
614,Rogue-ET,31.651082467581126,152.8378920823375,13.184459990246609,61.881558639874115,2026-09-19 05:13:39,1,Healthy
615,Aristo-500ix,33.03711696371233,170.85416768488096,17.094057763673696,46.92453260244898,2026-09-19 05:13:39,1,Healthy
616,Warrior-500i,53.72551920740323,274.05835016997946,15.527395270718392,106.13766471103143,2026-09-19 05:18:39,-1,Action Required
617,Rogue-ET,25.9629955168244,272.7213976183142,15.322816640479736,74.04067004372475,2026-09-19 05:18:39,1,Healthy
618,Aristo-500ix,30.582612465399954,229.60365444006464,14.90276940520992,68.38198530053312,2026-09-19 05:18:39,1,Healthy
619,Warrior-500i,51.127223796865245,157.39825496938414,14.207461805681838,100.36338242873423,2026-09-19 05:23:39,-1,Action Required
620,Rogue-ET,23.958731292633754,236.21979888345126,14.538405056609157,57.52243980792561,2026-09-19 05:23:39,1,Healthy
621,Aristo-500ix,28.302227628941274,273.4995012124964,12.38980453457982,72.49976386548745,2026-09-19 05:23:39,1,Healthy
622,Warrior-500i,47.46257003795408,213.42703529531587,10.81469839367877,107.40230489811593,2026-09-19 05:28:39,-1,Action Required
623,Rogue-ET,23.24373426314587,197.6096423504693,12.656627883571442,74.14659592230731,2026-09-19 05:28:39,1,Healthy
624,Aristo-500ix,29.472591290863583,202.08894255131307,17.787898776421407,54.761817152258146,2026-09-19 05:28:39,1,Healthy
625,Warrior-500i,53.9893758682331,294.6283577934115,16.458188968367498,106.75538527407389,2026-09-19 05:33:39,-1,Action Required
626,Rogue-ET,37.257300980857664,255.3153776093265,17.940888399131826,68.13126933872454,2026-09-19 05:33:39,1,Healthy
627,Aristo-500ix,28.759977667398097,203.76349714592402,14.05527872740744,52.61885974819241,2026-09-19 05:33:39,1,Healthy
628,Warrior-500i,50.957986445822854,294.24777996921955,11.402921671137706,109.87729899944472,2026-09-19 05:38:39,-1,Action Required
629,Rogue-ET,27.544695614377126,263.71111470682035,11.568929191551073,49.49175240329247,2026-09-19 05:38:39,1,Healthy
630,Aristo-500ix,35.41245515999914,281.8581104758036,12.534746910311592,51.802392045702746,2026-09-19 05:38:39,1,Healthy
631,Warrior-500i,49.22009735311129,200.46215072336486,16.030717901122316,100.45322901901068,2026-09-19 05:43:39,-1,Action Required
632,Rogue-ET,23.023277213069008,173.56442475003547,16.08514375475071,48.68751090826314,2026-09-19 05:43:39,1,Healthy
633,Aristo-500ix,29.873039330010887,259.82570468146344,15.772748137407334,52.938023175166,2026-09-19 05:43:39,1,Healthy
634,Warrior-500i,46.390467192608895,224.87604093708353,14.86845716469303,102.6968445143536,2026-09-19 05:48:39,-1,Action Required
635,Rogue-ET,32.89519527733575,274.19359589264604,12.266976758449484,74.87759332001366,2026-09-19 05:48:39,1,Healthy
636,Aristo-500ix,25.297058548810732,250.71498099637859,16.22430177457366,46.66510296286246,2026-09-19 05:48:39,1,Healthy
637,Warrior-500i,49.33011681358983,236.14675897881668,10.749894140699102,101.04739167556791,2026-09-19 05:53:39,-1,Action Required
638,Rogue-ET,34.347367029596825,171.60754598282156,11.983350127028935,63.66989629494877,2026-09-19 05:53:39,1,Healthy
639,Aristo-500ix,30.295301839514856,154.18485427684277,17.021767265610105,54.648085431344725,2026-09-19 05:53:39,1,Healthy
640,Warrior-500i,46.206931209625616,193.6793267185297,15.216180006826528,95.33384146147105,2026-09-19 05:58:39,-1,Action Required
641,Rogue-ET,36.62776429474158,152.02658974534208,16.634039260421495,61.69052891008911,2026-09-19 05:58:39,1,Healthy
642,Aristo-500ix,28.404031501013794,246.12710898082457,16.195918834008623,61.92498775928489,2026-09-19 05:58:39,1,Healthy
643,Warrior-500i,48.806677694139154,266.86384856234014,14.390571244539533,105.48327674107912,2026-09-19 06:03:39,-1,Action Required
644,Rogue-ET,35.60201279548017,161.7756559450782,10.483200299587224,49.17416146916943,2026-09-19 06:03:39,1,Healthy
645,Aristo-500ix,33.380420603537814,281.6978043794568,16.93795925979914,71.36711403352732,2026-09-19 06:03:39,1,Healthy
646,Warrior-500i,37.83812259739472,298.2698239556513,12.082923514869506,55.4549865155392,2026-09-19 06:08:39,1,Healthy
647,Rogue-ET,33.38955712773531,232.81153911638228,10.873370545470834,63.40014265125831,2026-09-19 06:08:39,1,Healthy
648,Aristo-500ix,37.41905615486451,281.30307385791014,11.54069507851106,63.72260048823085,2026-09-19 06:08:39,1,Healthy
649,Warrior-500i,27.3563288841868,200.8925087410471,16.86805171367267,62.76496364194794,2026-09-19 06:13:39,1,Healthy
650,Rogue-ET,37.86256059306026,206.4551780187171,16.37051680305566,56.81852180039047,2026-09-19 06:13:39,1,Healthy
651,Aristo-500ix,22.13536047928315,153.60236952514148,10.621469884683872,66.61849679195448,2026-09-19 06:13:39,1,Healthy
652,Warrior-500i,29.232950500853697,157.7536049103113,14.421958893961566,55.488793631943366,2026-09-19 06:18:39,1,Healthy
653,Rogue-ET,23.099308421725283,175.62761863557648,11.118532891835228,74.86963914039089,2026-09-19 06:18:39,1,Healthy
654,Aristo-500ix,31.314847715785476,292.81750584652286,10.16393395235922,74.25733917086846,2026-09-19 06:18:39,-1,Action Required
655,Warrior-500i,26.410322075489432,191.9059510676107,14.519224710423266,67.8936731120956,2026-09-19 06:23:39,1,Healthy
656,Rogue-ET,29.171342597599782,238.54026524814554,15.588695254738342,51.05286975809888,2026-09-19 06:23:39,1,Healthy
657,Aristo-500ix,24.61275169510045,183.81092195776154,17.577184134043662,61.62542287459044,2026-09-19 06:23:39,1,Healthy
658,Warrior-500i,25.850254720152645,216.95234828989885,10.517048276902598,54.370635507349306,2026-09-19 06:28:39,1,Healthy
659,Rogue-ET,27.59054778987197,232.89930790137925,14.76146282156525,49.995524631615474,2026-09-19 06:28:39,1,Healthy
660,Aristo-500ix,28.055488607711126,240.28369432709889,10.107909653832394,57.8591509148892,2026-09-19 06:28:39,1,Healthy
661,Warrior-500i,27.00349377827745,233.35648257861567,10.689978284441029,59.82674451821259,2026-09-19 06:33:39,1,Healthy
662,Rogue-ET,27.94569356236248,195.7503654414154,10.412221956276962,53.29903845917617,2026-09-19 06:33:39,1,Healthy
663,Aristo-500ix,29.038327893431706,157.99608367605472,17.352568344860654,52.4695330918841,2026-09-19 06:33:39,1,Healthy
664,Warrior-500i,33.13538222045649,175.598055220195,14.15925641047042,73.7604603837435,2026-09-19 06:38:39,1,Healthy
665,Rogue-ET,30.993884275017525,184.1147285066802,10.752374612464944,45.17821358600133,2026-09-19 06:38:39,1,Healthy
666,Aristo-500ix,28.335740641630252,217.66614778003037,17.918187667566595,62.816205628325875,2026-09-19 06:38:39,1,Healthy
667,Warrior-500i,25.313975824428027,204.6781972012074,17.92472245292796,73.91925263190069,2026-09-19 06:43:39,1,Healthy
668,Rogue-ET,23.17708338954725,253.06669792110858,15.751190104681537,55.013815233501056,2026-09-19 06:43:39,1,Healthy
669,Aristo-500ix,32.02538323912791,230.89485689558023,14.057646335592292,54.2521981441838,2026-09-19 06:43:39,1,Healthy
670,Warrior-500i,25.824869085703636,293.7001862942486,16.250417930010688,71.60200793730333,2026-09-19 06:48:39,1,Healthy
671,Rogue-ET,34.699220682029186,244.66480057935468,10.153731844554507,55.35424473235244,2026-09-19 06:48:39,1,Healthy
672,Aristo-500ix,25.026209818380586,222.99647312675393,17.72212941393104,60.553380648348025,2026-09-19 06:48:39,1,Healthy
673,Warrior-500i,22.717727548411577,180.5629340652013,14.580405036234541,52.138653955080855,2026-09-19 06:53:39,1,Healthy
674,Rogue-ET,25.796310586502777,207.759746783855,15.135552196388499,61.5082144156602,2026-09-19 06:53:39,1,Healthy
675,Aristo-500ix,26.442245769952297,184.8791722980307,12.477055299625706,73.90262598048412,2026-09-19 06:53:39,1,Healthy
676,Warrior-500i,29.13950054498844,167.1424526613474,14.037579774324211,52.34380671617405,2026-09-19 06:58:39,1,Healthy
677,Rogue-ET,26.222510265793606,220.24391621030006,12.16650445604369,63.9079623672726,2026-09-19 06:58:39,1,Healthy
678,Aristo-500ix,28.130430129497555,299.61823444930985,12.33044955114461,66.28845832751514,2026-09-19 06:58:39,1,Healthy
679,Warrior-500i,37.35020995790877,191.63817663743805,15.178753161272244,71.03387922549908,2026-09-19 07:03:39,1,Healthy
680,Rogue-ET,25.536336180373226,167.93439408135913,16.23796237704578,49.77092611093778,2026-09-19 07:03:39,1,Healthy
681,Aristo-500ix,26.389973492753484,275.2120936968957,12.23509007181405,50.32166895018954,2026-09-19 07:03:39,1,Healthy
682,Warrior-500i,36.77462489989763,204.66032299944786,12.120654871812494,66.01751887305117,2026-09-19 07:08:39,1,Healthy
683,Rogue-ET,26.424382519603263,254.3763337765908,17.31048033333378,45.666662375627425,2026-09-19 07:08:39,1,Healthy
684,Aristo-500ix,23.108844886084963,299.542471361155,14.157519320186374,59.537889022157394,2026-09-19 07:08:39,1,Healthy
685,Warrior-500i,28.65883609936774,222.1749935633263,11.474798137605129,54.695869856537534,2026-09-19 07:13:39,1,Healthy
686,Rogue-ET,30.09253020009724,194.55655199671986,11.870271584095065,47.24473124511908,2026-09-19 07:13:39,1,Healthy
687,Aristo-500ix,35.280739695697854,209.81315767380346,17.168115547395047,63.42244618482821,2026-09-19 07:13:39,1,Healthy
688,Warrior-500i,22.45558043431616,287.92501527887043,11.170615082623604,48.01706353211853,2026-09-19 07:18:39,1,Healthy
689,Rogue-ET,34.39855625911463,166.17136053074648,15.874611267833243,63.859419403089284,2026-09-19 07:18:39,1,Healthy
690,Aristo-500ix,24.869799788905144,158.5248557481071,14.849289497523461,50.64489491602368,2026-09-19 07:18:39,1,Healthy
691,Warrior-500i,27.03897739003595,286.92882592219337,13.784500613338764,46.734792644606884,2026-09-19 07:23:39,1,Healthy
692,Rogue-ET,37.765714185790586,155.22075092831454,17.35537467881882,68.57300114963977,2026-09-19 07:23:39,1,Healthy
693,Aristo-500ix,26.213381654888153,167.86356749283257,17.822068355304612,58.60189272933413,2026-09-19 07:23:39,1,Healthy
694,Warrior-500i,34.94395292467735,257.05361669997984,12.875253650167615,65.67461216076121,2026-09-19 07:28:39,1,Healthy
695,Rogue-ET,28.88567069167273,193.69015546034618,11.143016394131614,58.34687318621197,2026-09-19 07:28:39,1,Healthy
696,Aristo-500ix,22.203507356113064,150.88179241948416,14.27077426017313,49.889779694972205,2026-09-19 07:28:39,-1,Action Required
697,Warrior-500i,24.038810244199432,286.7244935853645,16.43101591986294,72.98764419906028,2026-09-19 07:33:39,1,Healthy
698,Rogue-ET,31.69671771370145,283.8940317175003,11.92903201287669,54.79057180035103,2026-09-19 07:33:39,1,Healthy
699,Aristo-500ix,36.448725941805336,192.87705663703963,10.114427564004284,61.082486249694405,2026-09-19 07:33:39,1,Healthy
700,Warrior-500i,23.08887013507728,221.9413260963699,14.90306210027746,59.12332924776613,2026-09-19 07:38:39,1,Healthy
701,Rogue-ET,27.093273204562276,237.94527180811568,11.060808864082405,50.51512708236298,2026-09-19 07:38:39,1,Healthy
702,Aristo-500ix,37.036890688282796,224.7394197798411,17.231633581620514,66.97822187553146,2026-09-19 07:38:39,1,Healthy
703,Warrior-500i,34.927575859025026,273.3396022549887,12.332884388195673,55.1379632495335,2026-09-19 07:43:39,1,Healthy
704,Rogue-ET,28.34136060297955,272.1714950539921,17.093341987587443,48.212262388445,2026-09-19 07:43:39,1,Healthy
705,Aristo-500ix,34.40477792346725,247.8045161446472,15.790242570529655,68.22243675874934,2026-09-19 07:43:39,1,Healthy
706,Warrior-500i,25.254666061821545,165.64389361722021,15.655065265232203,70.36755926477242,2026-09-19 07:48:39,1,Healthy
707,Rogue-ET,35.702797148439394,202.90245896747072,11.595929105389416,72.37773183372121,2026-09-19 07:48:39,1,Healthy
708,Aristo-500ix,30.329954999705734,194.09103632045915,13.08084995536862,66.01176623708488,2026-09-19 07:48:39,1,Healthy
709,Warrior-500i,23.754709432612007,244.33532036364306,14.75138156248476,62.66877810285976,2026-09-19 07:53:39,1,Healthy
710,Rogue-ET,29.85717305674103,267.251439762653,17.823402788881506,51.26726890090362,2026-09-19 07:53:39,1,Healthy
711,Aristo-500ix,36.32202171240235,165.191372462999,14.212787407167678,74.0557783691921,2026-09-19 07:53:39,1,Healthy
712,Warrior-500i,26.99729737213606,272.11990623480347,11.974565873066393,46.938795152555,2026-09-19 07:58:39,1,Healthy
713,Rogue-ET,31.905807708369593,189.293503469203,11.772574580598139,61.993971003614064,2026-09-19 07:58:39,1,Healthy
714,Aristo-500ix,22.683438244971775,182.21557446326543,16.484083011280358,47.65202309961088,2026-09-19 07:58:39,1,Healthy
715,Warrior-500i,28.50557557463562,255.79781406687067,16.283433745479503,59.61500236198542,2026-09-19 08:03:39,1,Healthy
716,Rogue-ET,31.28065848332705,259.76861801130065,17.537030997947205,60.549870262860956,2026-09-19 08:03:39,1,Healthy
717,Aristo-500ix,28.909542141867096,207.95653471770473,15.045486716750972,67.82414802009856,2026-09-19 08:03:39,1,Healthy
718,Warrior-500i,35.4296209396985,297.17104843717095,11.267240264165483,66.07406070921755,2026-09-19 08:08:39,1,Healthy
719,Rogue-ET,24.904812179466315,297.0692276973184,11.133842211683696,52.48389067717538,2026-09-19 08:08:39,1,Healthy
720,Aristo-500ix,25.91680335527675,210.2366291719658,12.3730962604412,47.503140717789854,2026-09-19 08:08:39,1,Healthy
721,Warrior-500i,32.343694637054284,297.69545480356527,11.425050283607867,46.47148288390553,2026-09-19 08:13:39,1,Healthy
722,Rogue-ET,33.19763707303357,151.06553262906078,15.160343434889004,52.96131743957907,2026-09-19 08:13:39,1,Healthy
723,Aristo-500ix,26.73783503084948,206.72220407119596,12.50056001159231,46.828501489829144,2026-09-19 08:13:39,1,Healthy
724,Warrior-500i,26.116472119462305,201.5209039561971,15.30055611168446,66.99085032520266,2026-09-19 08:18:39,1,Healthy
725,Rogue-ET,24.225458681237022,289.16636114634184,13.64794723701818,68.70669634958605,2026-09-19 08:18:39,1,Healthy
726,Aristo-500ix,26.467025174887375,216.68408777318876,10.092905705987304,72.33349246853986,2026-09-19 08:18:39,1,Healthy
727,Warrior-500i,22.226086004373883,259.15541641508196,12.15591034546867,50.95375718270685,2026-09-19 08:23:39,1,Healthy
728,Rogue-ET,22.98669209766803,171.88109667227522,15.425758447403524,68.23291721949745,2026-09-19 08:23:39,1,Healthy
729,Aristo-500ix,26.843158997839648,200.46069721438386,17.63602502832083,46.949806313301885,2026-09-19 08:23:39,1,Healthy
730,Warrior-500i,28.113213511373914,174.4744437885386,17.256851570961402,56.02826105833545,2026-09-19 08:28:39,1,Healthy
731,Rogue-ET,35.78854537370121,243.50507768909836,16.2316350533094,55.22041130138497,2026-09-19 08:28:39,1,Healthy
732,Aristo-500ix,30.45080860594276,186.97559110048297,14.532838919848292,47.520142464296235,2026-09-19 08:28:39,1,Healthy
733,Warrior-500i,33.69074749279419,211.6969518166553,17.303333574143643,57.07948123007568,2026-09-19 08:33:39,1,Healthy
734,Rogue-ET,22.57227804823207,236.01588937522985,17.751934940109336,52.180748514162204,2026-09-19 08:33:39,1,Healthy
735,Aristo-500ix,31.289857232878134,158.93910989563454,13.411690804782275,51.04463380413141,2026-09-19 08:33:39,1,Healthy
736,Warrior-500i,26.15259455202263,230.27829884061669,10.276569545890478,61.80521412762267,2026-09-19 08:38:39,1,Healthy
737,Rogue-ET,33.654507102146724,214.05755392035366,17.624735161837336,70.80490952471263,2026-09-19 08:38:39,1,Healthy
738,Aristo-500ix,33.35187578658734,175.43988351988085,10.544270222380003,53.235703129967504,2026-09-19 08:38:39,1,Healthy
739,Warrior-500i,25.529330937317752,278.29225838599393,14.159410968217724,68.78926185429273,2026-09-19 08:43:39,1,Healthy
740,Rogue-ET,36.207003316065276,226.97656478419407,13.780202104179242,54.09098282327484,2026-09-19 08:43:39,1,Healthy
741,Aristo-500ix,36.56230749482343,297.2317642108868,12.973045188376188,53.85571979023125,2026-09-19 08:43:39,1,Healthy
742,Warrior-500i,28.149743881341898,293.383423717283,17.695590357669804,74.28442824443115,2026-09-19 08:48:39,1,Healthy
743,Rogue-ET,33.73007502817824,278.1931168286147,14.631316133102025,57.5896947838509,2026-09-19 08:48:39,1,Healthy
744,Aristo-500ix,24.153483157930555,168.39708062240481,15.356161686773204,47.215561320895134,2026-09-19 08:48:39,1,Healthy
745,Warrior-500i,30.18956591151959,182.12632659589204,16.675580174344415,45.046284382331336,2026-09-19 08:53:39,1,Healthy
746,Rogue-ET,35.65774566992381,265.55796671795423,12.000239297197417,71.89335771401633,2026-09-19 08:53:39,1,Healthy
747,Aristo-500ix,24.10083478954369,257.15714619109406,12.850476038005706,71.46773740162672,2026-09-19 08:53:39,1,Healthy
748,Warrior-500i,27.303661834719975,222.73944236843658,17.6454239479152,47.94329736778312,2026-09-19 08:58:39,1,Healthy
749,Rogue-ET,30.686130509180956,281.89162280631865,15.37661043442328,45.43995713761874,2026-09-19 08:58:39,1,Healthy
750,Aristo-500ix,29.06329502989489,191.8848055416734,14.433775568757152,69.66058931800637,2026-09-19 08:58:39,1,Healthy
751,Warrior-500i,29.147655841727197,164.8301480672472,16.564694558314287,68.85792008068712,2026-09-19 09:03:39,1,Healthy
752,Rogue-ET,28.49820832900211,170.413735405006,17.209026453385334,72.9883110203624,2026-09-19 09:03:39,1,Healthy
753,Aristo-500ix,26.578394796409086,203.17611415865701,13.495452307328556,59.473160538181986,2026-09-19 09:03:39,1,Healthy
754,Warrior-500i,28.42047007973582,214.19714573504447,13.433048055048525,56.762307006806076,2026-09-19 09:08:39,1,Healthy
755,Rogue-ET,24.809239847336038,159.5178742865941,15.451379483871243,60.15550211273205,2026-09-19 09:08:39,1,Healthy
756,Aristo-500ix,25.763204854700408,256.25419647796684,14.624647717571733,51.494012940373615,2026-09-19 09:08:39,1,Healthy
757,Warrior-500i,32.49298976503239,229.8414528988948,12.593500148842262,71.93675443976916,2026-09-19 09:13:39,1,Healthy
758,Rogue-ET,26.00008167034527,256.03028193518304,17.219681164732116,72.08978132522964,2026-09-19 09:13:39,1,Healthy
759,Aristo-500ix,37.35697278626063,221.67440797413977,12.714146375778846,73.84835555907608,2026-09-19 09:13:39,1,Healthy
760,Warrior-500i,32.99742172108663,235.85688836138763,12.941366525684996,52.52920169370179,2026-09-19 09:18:39,1,Healthy
761,Rogue-ET,34.27649342329701,295.33588137199735,11.746893674597814,47.57526722315896,2026-09-19 09:18:39,1,Healthy
762,Aristo-500ix,29.830632164789865,198.00759801878507,12.389497940214767,73.42261307125958,2026-09-19 09:18:39,1,Healthy
763,Warrior-500i,35.73266922220966,222.04893861561067,12.770461857795148,60.38695014095912,2026-09-19 09:23:39,1,Healthy
764,Rogue-ET,23.405515337781182,260.0189250873229,10.8231513209656,74.22126104164761,2026-09-19 09:23:39,1,Healthy
765,Aristo-500ix,24.492620625152398,205.48467490797324,17.331355197169245,71.89107135759087,2026-09-19 09:23:39,1,Healthy
766,Warrior-500i,35.76550164855479,160.57734665155735,11.562612982654516,50.451050993900274,2026-09-19 09:28:39,1,Healthy
767,Rogue-ET,22.74875884616902,235.45264473194126,12.861213009144564,73.63834731062954,2026-09-19 09:28:39,1,Healthy
768,Aristo-500ix,28.17400603097184,206.90752428626658,16.840874775090874,73.73595614180175,2026-09-19 09:28:39,1,Healthy
769,Warrior-500i,33.15450927516498,283.2684069326906,10.731446689050319,62.86708228345281,2026-09-19 09:33:39,1,Healthy
770,Rogue-ET,36.75697569717095,298.9866139981789,17.059067332196992,67.53836949756753,2026-09-19 09:33:39,1,Healthy
771,Aristo-500ix,22.314309520077266,226.12897156478772,14.633108294415628,48.68517376375892,2026-09-19 09:33:39,1,Healthy
772,Warrior-500i,22.832269533689935,235.25812086025883,10.762493244786485,53.13553154986423,2026-09-19 09:38:39,1,Healthy
773,Rogue-ET,35.72298487807009,289.36338407279936,15.52458706067728,59.97796604437012,2026-09-19 09:38:39,1,Healthy
774,Aristo-500ix,30.481279937714927,275.81386109764316,17.549525102903605,71.65045092240044,2026-09-19 09:38:39,1,Healthy
775,Warrior-500i,28.426129656867154,226.0113677958837,12.158469682351493,62.56811947283696,2026-09-19 09:43:39,1,Healthy
776,Rogue-ET,27.62696590316559,246.01410039519152,12.287147301036077,70.11122837217366,2026-09-19 09:43:39,1,Healthy
777,Aristo-500ix,30.6553801377054,291.0190010826691,14.288247471318684,56.52557163030782,2026-09-19 09:43:39,1,Healthy
778,Warrior-500i,22.20944650874176,242.53824844648997,16.721768537332203,69.24356488497422,2026-09-19 09:48:39,1,Healthy
779,Rogue-ET,29.637932511271593,175.79917149840261,15.154050112631229,54.90807170598351,2026-09-19 09:48:39,1,Healthy
780,Aristo-500ix,32.174753687826126,226.04567659305155,12.149752321156488,51.70022674104348,2026-09-19 09:48:39,1,Healthy
781,Warrior-500i,29.163628762592776,258.5455063484716,15.473941463434397,49.06538050971061,2026-09-19 09:53:39,1,Healthy
782,Rogue-ET,30.30006190131318,223.48304695810413,10.068780814381128,59.745400374349465,2026-09-19 09:53:39,1,Healthy
783,Aristo-500ix,33.35736507129443,231.8422462405863,11.166716487426633,57.12749791768591,2026-09-19 09:53:39,1,Healthy
784,Warrior-500i,29.383510797702453,296.54017656213847,17.8941400184724,51.13235500594629,2026-09-19 09:58:39,1,Healthy
785,Rogue-ET,30.49046296234578,230.529191765983,13.06289832677422,52.54489964318451,2026-09-19 09:58:39,1,Healthy
786,Aristo-500ix,22.312585387824406,159.9419084626282,15.912783883635434,68.08417849871583,2026-09-19 09:58:39,1,Healthy
787,Warrior-500i,35.788704810455506,237.65574985955467,10.862423152883363,69.46056385841042,2026-09-19 10:03:39,1,Healthy
788,Rogue-ET,24.114413704104088,263.7595841758378,10.880487243306208,47.1834465576733,2026-09-19 10:03:39,1,Healthy
789,Aristo-500ix,34.960511342665185,170.04283612339853,10.048740487517378,69.8671195506362,2026-09-19 10:03:39,1,Healthy
790,Warrior-500i,26.91814731670698,154.0923029576825,17.00969933415889,68.44011674871373,2026-09-19 10:08:39,1,Healthy
791,Rogue-ET,26.079175508296355,174.00074675428294,14.395228894081107,66.30239855469658,2026-09-19 10:08:39,1,Healthy
792,Aristo-500ix,25.6804767167488,160.57241678024366,17.874150409668886,53.764297373183545,2026-09-19 10:08:39,1,Healthy
793,Warrior-500i,32.47842403953488,268.16230034185116,12.297788466655927,59.024291895432825,2026-09-19 10:13:39,1,Healthy
794,Rogue-ET,36.63714774947073,292.459734604355,14.841842546580796,61.067649960421946,2026-09-19 10:13:39,1,Healthy
795,Aristo-500ix,28.605260159032838,294.40258034062606,11.013257165251186,45.89944081302619,2026-09-19 10:13:39,1,Healthy
796,Warrior-500i,23.848552224475533,240.30220062170142,11.690310090220052,52.14811985678356,2026-09-19 10:18:39,1,Healthy
797,Rogue-ET,36.947707644259125,186.35698682787068,13.534017822488154,56.35684223377395,2026-09-19 10:18:39,1,Healthy
798,Aristo-500ix,23.61190989507208,263.29660441776207,13.89050048556783,74.82287052855267,2026-09-19 10:18:39,1,Healthy
799,Warrior-500i,23.287909447528314,253.62979413261525,16.421581329061656,62.76357309063951,2026-09-19 10:23:39,1,Healthy
800,Rogue-ET,30.938967587000867,150.50928182829438,14.71998117903994,57.304111322022166,2026-09-19 10:23:39,1,Healthy
801,Aristo-500ix,33.04042581726953,165.6999352450982,10.616894838975433,56.037253655370904,2026-09-19 10:23:39,1,Healthy
802,Warrior-500i,35.16565842558383,201.3327747874768,10.559550371494831,49.04888107211199,2026-09-19 10:28:39,1,Healthy
803,Rogue-ET,24.682517887941195,270.458555461471,15.01371232514095,47.69673072105458,2026-09-19 10:28:39,1,Healthy
804,Aristo-500ix,25.192047013018065,245.7966634316274,10.251259248315048,54.46169975262321,2026-09-19 10:28:39,1,Healthy
805,Warrior-500i,35.596421468105824,155.53652208773258,17.544688646143886,56.5965746409518,2026-09-19 10:33:39,1,Healthy
806,Rogue-ET,28.982446633896018,157.91421629530782,13.14730610243885,74.35521097686643,2026-09-19 10:33:39,1,Healthy
807,Aristo-500ix,36.680864874148895,234.52030455022984,12.324311042888747,50.67034773902672,2026-09-19 10:33:39,1,Healthy
808,Warrior-500i,26.178045499474877,245.2824689913915,13.995582831959506,52.52679786785413,2026-09-19 10:38:39,1,Healthy
809,Rogue-ET,30.881574617940068,180.49045388617418,16.894887743288063,53.85405594240783,2026-09-19 10:38:39,1,Healthy
810,Aristo-500ix,22.989396767631675,270.10212079452754,10.894378629649161,72.59898646067477,2026-09-19 10:38:39,1,Healthy
811,Warrior-500i,25.10297204383948,177.80170696688447,16.159169468551816,52.86349290050487,2026-09-19 10:43:39,1,Healthy
812,Rogue-ET,30.68168381441215,197.67373184763653,12.024562378348413,69.7687943577159,2026-09-19 10:43:39,1,Healthy
813,Aristo-500ix,28.632756506367265,243.28157834839521,14.494833932711824,54.073473584977094,2026-09-19 10:43:39,1,Healthy
814,Warrior-500i,32.910494677766785,224.79420742406552,12.860445429193492,73.89178355389359,2026-09-19 10:48:39,1,Healthy
815,Rogue-ET,22.04574703891416,249.8062305666217,11.777744415904008,69.22251756345679,2026-09-19 10:48:39,1,Healthy
816,Aristo-500ix,30.49440107106718,157.1391162527056,13.36805656927862,62.41843659324661,2026-09-19 10:48:39,1,Healthy
817,Warrior-500i,30.79306769503637,215.62041751049105,17.54450077600141,66.66500167361704,2026-09-19 10:53:39,1,Healthy
818,Rogue-ET,25.807542656326998,163.63274983496862,15.83231696714336,49.337537770542646,2026-09-19 10:53:39,1,Healthy
819,Aristo-500ix,25.31286138945366,239.06569872749452,17.542594118831005,67.93541716711502,2026-09-19 10:53:39,1,Healthy
820,Warrior-500i,24.194350762334345,248.8307155593923,14.6242163035968,50.411698431761415,2026-09-19 10:58:39,1,Healthy
821,Rogue-ET,22.55878125147369,276.9930847446647,10.292904658275976,63.390875746640994,2026-09-19 10:58:39,1,Healthy
822,Aristo-500ix,29.581025640562512,273.5424981508615,11.20636964903112,47.99553129460832,2026-09-19 10:58:39,1,Healthy
823,Warrior-500i,31.157386736109622,267.8753306955255,17.72740400630464,50.98189206659242,2026-09-19 11:03:39,1,Healthy
824,Rogue-ET,31.920346614919005,185.73740269954135,11.84333814390548,73.97113472832021,2026-09-19 11:03:39,1,Healthy
825,Aristo-500ix,31.460337701465292,250.13005594558047,12.462641751605428,57.15077029612607,2026-09-19 11:03:39,1,Healthy
826,Warrior-500i,23.70797120989886,259.333217668608,17.736786503899992,57.537322098005106,2026-09-19 11:08:39,1,Healthy
827,Rogue-ET,36.3229584208421,283.4477810697026,10.254541368743276,49.88168994468934,2026-09-19 11:08:39,1,Healthy
828,Aristo-500ix,29.829608743501986,232.5533210938471,11.138227498956589,45.5472908836782,2026-09-19 11:08:39,1,Healthy
829,Warrior-500i,22.829400764543045,161.9355245377046,15.841096017225041,60.88771055994305,2026-09-19 11:13:39,1,Healthy
830,Rogue-ET,36.310340833960765,191.00085603431023,10.33687197123873,69.67898917841427,2026-09-19 11:13:39,1,Healthy
831,Aristo-500ix,32.314532208532555,229.31196015588074,10.061323087303803,56.665300123062764,2026-09-19 11:13:39,1,Healthy
832,Warrior-500i,24.18691940921824,200.43138316201149,14.226388659498104,60.53807810966686,2026-09-19 11:18:39,1,Healthy
833,Rogue-ET,25.26062750868993,195.23932524878248,11.072409969099123,71.20948126686679,2026-09-19 11:18:39,1,Healthy
834,Aristo-500ix,27.56288645551794,275.9990207024294,13.062740477386644,68.13641529777061,2026-09-19 11:18:39,1,Healthy
835,Warrior-500i,35.31761978804091,289.4914273532914,11.883538500559705,49.50546982929339,2026-09-19 11:23:39,1,Healthy
836,Rogue-ET,26.625771140808517,235.49643195864724,15.805080079353672,64.4151357085568,2026-09-19 11:23:39,1,Healthy
837,Aristo-500ix,32.11905847260415,181.5242753586822,12.22760763550442,46.8572823336281,2026-09-19 11:23:39,1,Healthy
838,Warrior-500i,24.893773947142563,287.4798554483029,14.257577828753051,67.98959742467325,2026-09-19 11:28:39,1,Healthy
839,Rogue-ET,24.391568060550618,244.28109503117167,14.43199807715241,64.83638024665925,2026-09-19 11:28:39,1,Healthy
840,Aristo-500ix,25.289068517464827,267.8005258235013,12.3540147790713,45.744752508014344,2026-09-19 11:28:39,1,Healthy
841,Warrior-500i,30.45723725014853,171.144161058991,14.977541643870428,70.77158839181546,2026-09-19 11:33:39,1,Healthy
842,Rogue-ET,25.481276915604482,166.79102142472786,15.672489073787084,58.90293168471478,2026-09-19 11:33:39,1,Healthy
843,Aristo-500ix,34.22031890515447,228.5060484644347,10.225403521901384,48.9001134130381,2026-09-19 11:33:39,1,Healthy
844,Warrior-500i,27.463937282218005,205.4072641172497,15.465729414368498,54.01092497883838,2026-09-19 11:38:39,1,Healthy
845,Rogue-ET,37.67629668852433,260.3568533516274,15.058318385779007,46.52767982954855,2026-09-19 11:38:39,1,Healthy
846,Aristo-500ix,31.012346304835518,187.94774060513558,11.08372628301857,50.50683246779339,2026-09-19 11:38:39,1,Healthy
847,Warrior-500i,24.546260401657975,210.93619164018452,14.949835116061017,49.330216910287376,2026-09-19 11:43:39,1,Healthy
848,Rogue-ET,30.871543283229116,201.76507887729431,14.137769399923275,74.53835071437487,2026-09-19 11:43:39,1,Healthy
849,Aristo-500ix,36.79319512673658,260.0343869931543,13.564065930146548,50.68541051762513,2026-09-19 11:43:39,1,Healthy
850,Warrior-500i,27.118350703785467,163.453000743861,15.895037858323757,61.499837213555324,2026-09-19 11:48:39,1,Healthy
851,Rogue-ET,22.04969524029015,200.3112536039187,10.876802756020355,65.09966734255445,2026-09-19 11:48:39,1,Healthy
852,Aristo-500ix,36.73730281116744,150.25488931171665,11.989405830752407,67.96473531347048,2026-09-19 11:48:39,1,Healthy
853,Warrior-500i,35.7513701222492,184.35550309171046,15.187146914232308,48.791026599756265,2026-09-19 11:53:39,1,Healthy
854,Rogue-ET,32.026845983995265,167.4791943131012,16.37407448788238,55.52620458064162,2026-09-19 11:53:39,1,Healthy
855,Aristo-500ix,37.36475278436432,172.86332500613798,15.448199267333667,58.44453830926929,2026-09-19 11:53:39,1,Healthy
856,Warrior-500i,26.331131376329083,236.1379337154895,15.397116610102596,72.48380698134682,2026-09-19 11:58:39,1,Healthy
857,Rogue-ET,35.03052593140627,156.97850930366076,17.119413185862996,46.131656312371476,2026-09-19 11:58:39,-1,Action Required
858,Aristo-500ix,30.07259498415867,264.4314151660967,17.060063453935864,67.00093873632176,2026-09-19 11:58:39,1,Healthy
859,Warrior-500i,34.496983364776476,224.17699776366322,10.742351244932085,67.40854347607112,2026-09-19 12:03:39,1,Healthy
860,Rogue-ET,24.16473261744725,206.33250847941613,10.125922081161761,51.8135323319918,2026-09-19 12:03:39,1,Healthy
861,Aristo-500ix,34.513712790154635,161.43420135898327,16.992316663442914,68.84281229496494,2026-09-19 12:03:39,1,Healthy
862,Warrior-500i,26.433425241155376,170.84878293981657,12.45383356592172,74.16484780149904,2026-09-19 12:08:39,1,Healthy
863,Rogue-ET,30.48190502337095,271.1406246480818,12.690817902993246,48.52106568171136,2026-09-19 12:08:39,1,Healthy
864,Aristo-500ix,33.365075440982686,260.0020482463885,14.226166653583014,58.92716347270642,2026-09-19 12:08:39,1,Healthy
865,Warrior-500i,29.17451395435924,249.22193813210197,12.749611173599384,53.927167895912405,2026-09-19 12:13:39,1,Healthy
866,Rogue-ET,30.55118067805476,295.0382488040236,15.322795458681433,70.45978054093572,2026-09-19 12:13:39,1,Healthy
867,Aristo-500ix,29.470294893079583,226.10379938730313,14.905105798888592,64.99446472952125,2026-09-19 12:13:39,1,Healthy
868,Warrior-500i,29.20479812076961,235.1992245471548,15.166894943948469,52.29722425655374,2026-09-19 12:18:39,1,Healthy
869,Rogue-ET,36.3103483283867,176.24199844422964,14.399345976991135,57.92748660409573,2026-09-19 12:18:39,1,Healthy
870,Aristo-500ix,30.050909288324767,220.87769032828248,10.623877008745922,60.88673423704173,2026-09-19 12:18:39,1,Healthy
871,Warrior-500i,26.76561543166448,239.13988171862556,16.926996362146404,54.66236629140793,2026-09-19 12:23:39,1,Healthy
872,Rogue-ET,37.39647430378812,221.11268510401896,12.323463002704173,58.70609662821202,2026-09-19 12:23:39,1,Healthy
873,Aristo-500ix,33.6162015324815,250.74749994758574,12.795107120796231,49.929284467655705,2026-09-19 12:23:39,1,Healthy
874,Warrior-500i,31.13015101107652,260.0116528378825,13.185790631627716,71.28364755940802,2026-09-19 12:28:39,1,Healthy
875,Rogue-ET,34.483580324674904,281.9133030085907,10.620459037353443,69.56444272696834,2026-09-19 12:28:39,1,Healthy
876,Aristo-500ix,35.78768476689645,155.3686198539738,11.03782293482281,52.895956269966305,2026-09-19 12:28:39,1,Healthy
877,Warrior-500i,37.19075193503676,160.32823336870368,11.322192804242247,62.80912117411445,2026-09-19 12:33:39,1,Healthy
878,Rogue-ET,26.748349504248363,213.73623964577118,10.75963538986127,67.99259313590703,2026-09-19 12:33:39,1,Healthy
879,Aristo-500ix,27.788979187988083,276.7880127770515,10.671702173794012,48.97329093936099,2026-09-19 12:33:39,1,Healthy
880,Warrior-500i,25.261790634433964,269.9321493643973,15.249042605625707,59.917298987553835,2026-09-19 12:38:39,1,Healthy
881,Rogue-ET,34.564752889306604,161.34194644335417,17.902554060754966,47.01670616031693,2026-09-19 12:38:39,1,Healthy
882,Aristo-500ix,27.448106445853703,220.01362460740356,13.765715857346155,45.1184551572164,2026-09-19 12:38:39,1,Healthy
883,Warrior-500i,26.570414982685037,197.30695078802367,14.701826527402293,71.27941877670328,2026-09-19 12:43:39,1,Healthy
884,Rogue-ET,31.04525075061724,175.32127187381326,16.232915849652176,52.61015923464639,2026-09-19 12:43:39,1,Healthy
885,Aristo-500ix,31.750046931847166,155.0814225382793,13.2478971958793,68.77222400179582,2026-09-19 12:43:39,1,Healthy
886,Warrior-500i,27.6079498250118,177.08788570525846,15.418501819691782,67.91006818917684,2026-09-19 12:48:39,1,Healthy
887,Rogue-ET,29.656280686855577,264.6743412242928,15.410368321869477,70.61354678833273,2026-09-19 12:48:39,1,Healthy
888,Aristo-500ix,30.049501970633646,259.30462490079753,16.180614225229753,50.49306465901936,2026-09-19 12:48:39,1,Healthy
889,Warrior-500i,32.320645167976934,269.89490697143947,14.153897385133028,67.90037556507072,2026-09-19 12:53:39,1,Healthy
890,Rogue-ET,35.16736518940897,193.41510420090577,12.970972247349312,66.51781225585523,2026-09-19 12:53:39,1,Healthy
891,Aristo-500ix,25.55092559106719,182.83845827595576,15.898973093454359,62.55918591635417,2026-09-19 12:53:39,1,Healthy
892,Warrior-500i,23.306835959381072,212.50649556167167,12.572433975597455,72.8893416767054,2026-09-19 12:58:39,1,Healthy
893,Rogue-ET,25.08301649439135,275.1171384581425,14.998827880706806,74.50467175138783,2026-09-19 12:58:39,1,Healthy
894,Aristo-500ix,31.54696915022346,158.4668114563855,16.846883720892475,72.74175756717463,2026-09-19 12:58:39,1,Healthy
895,Warrior-500i,25.92512735349635,206.6278550953981,15.556193797016892,64.59344577594514,2026-09-19 13:03:39,1,Healthy
896,Rogue-ET,33.554244628226314,275.8064196160991,17.70994474479646,47.53067277420541,2026-09-19 13:03:39,1,Healthy
897,Aristo-500ix,29.52858941127836,223.50503017077324,11.562480700910857,71.53143157067407,2026-09-19 13:03:39,1,Healthy
898,Warrior-500i,25.989467701737027,284.18951972124955,15.076027633519534,50.079157382952275,2026-09-19 13:08:39,1,Healthy
899,Rogue-ET,27.319779227489413,270.815831431025,13.833651100460344,65.5957244297388,2026-09-19 13:08:39,1,Healthy
900,Aristo-500ix,28.649743360909973,213.71949081875647,14.7922247063375,64.36680242102344,2026-09-19 13:08:39,1,Healthy
901,Warrior-500i,30.48458943115667,245.4879280042664,11.056757079903297,73.81535270042745,2026-09-19 13:13:39,1,Healthy
902,Rogue-ET,37.55271703257779,260.6955107031873,15.700011732238082,45.33780923497075,2026-09-19 13:13:39,1,Healthy
903,Aristo-500ix,29.728756964944008,226.8660596044495,12.81801489471771,65.41681538280395,2026-09-19 13:13:39,1,Healthy
904,Warrior-500i,33.92648170534697,298.0642476109886,11.142787210606244,59.4696500885307,2026-09-19 13:18:39,1,Healthy
905,Rogue-ET,25.860983872828704,237.57494831004476,16.552740192508626,50.324151402353095,2026-09-19 13:18:39,1,Healthy
906,Aristo-500ix,32.76762417210377,250.99169555837472,11.054814447115731,56.45092759822326,2026-09-19 13:18:39,1,Healthy
907,Warrior-500i,35.71974283855235,276.03847810754803,11.922977920093924,74.36223022469426,2026-09-19 13:23:39,1,Healthy
908,Rogue-ET,32.19862112039387,253.12136891222775,14.65248893848865,48.02311657872833,2026-09-19 13:23:39,1,Healthy
909,Aristo-500ix,37.00910947488011,263.16253159312254,13.160317653639952,74.58656071853247,2026-09-19 13:23:39,1,Healthy
910,Warrior-500i,33.190805530690746,221.01982231499994,11.664917656671488,56.422441223997225,2026-09-19 13:28:39,1,Healthy
911,Rogue-ET,36.111930550538425,233.06761811808505,12.384970924476374,70.09797472828535,2026-09-19 13:28:39,1,Healthy
912,Aristo-500ix,29.799672712188812,254.54630158731524,14.8343393184512,52.87984251579448,2026-09-19 13:28:39,1,Healthy
913,Warrior-500i,23.41785749432061,262.34280492566256,13.370452703785318,70.40501593658107,2026-09-19 13:33:39,1,Healthy
914,Rogue-ET,35.18989052937864,150.75118873400186,13.987835286270503,69.41476154059222,2026-09-19 13:33:39,1,Healthy
915,Aristo-500ix,29.491374846970146,177.38104680809764,13.766414569932994,62.449454571604846,2026-09-19 13:33:39,1,Healthy
916,Warrior-500i,36.158721230107105,151.49000140462243,12.318962880074173,63.528785651876575,2026-09-19 13:38:39,1,Healthy
917,Rogue-ET,30.65929197023874,265.3256040783988,12.923532218620416,74.57690953144159,2026-09-19 13:38:39,1,Healthy
918,Aristo-500ix,37.530625169389225,222.8110267254579,10.984680923985294,56.90042052612514,2026-09-19 13:38:39,1,Healthy
919,Warrior-500i,23.299026107552017,186.942649519057,10.8900717007572,45.275432328529426,2026-09-19 13:43:39,1,Healthy
920,Rogue-ET,22.71382230879973,185.54743220676778,17.2238946626053,66.40216662304283,2026-09-19 13:43:39,1,Healthy
921,Aristo-500ix,22.678335615786104,242.10227386437182,17.15703473628227,71.18759922144233,2026-09-19 13:43:39,1,Healthy
922,Warrior-500i,36.04971819833713,212.4423713683811,10.113999925762837,64.35553850354714,2026-09-19 13:48:39,1,Healthy
923,Rogue-ET,34.90345050380303,254.80980848925034,10.339359704453177,63.03638492351692,2026-09-19 13:48:39,1,Healthy
924,Aristo-500ix,33.12917479282563,261.6702393045439,17.14262590066791,63.72541242531976,2026-09-19 13:48:39,1,Healthy
925,Warrior-500i,33.15471007006059,183.79512525813493,15.01073223219248,62.394224317098164,2026-09-19 13:53:39,1,Healthy
926,Rogue-ET,22.919341998162515,230.46538400508388,10.227105577931624,52.018731188462844,2026-09-19 13:53:39,1,Healthy
927,Aristo-500ix,37.118422102205855,214.53116908797972,15.966346534792017,52.20180844560757,2026-09-19 13:53:39,1,Healthy
928,Warrior-500i,27.458762870288993,180.37091657419884,16.537891316273715,49.86330883853276,2026-09-19 13:58:39,1,Healthy
929,Rogue-ET,25.31156634476924,251.74407204733998,12.082162324790723,59.30958471528881,2026-09-19 13:58:39,1,Healthy
930,Aristo-500ix,35.741611847149045,296.65615082028194,12.790478246944225,53.413419439370784,2026-09-19 13:58:39,1,Healthy
931,Warrior-500i,26.035531940355703,229.8649497387371,17.0596131120958,72.26653820973445,2026-09-19 14:03:39,1,Healthy
932,Rogue-ET,32.66437033743205,168.40232940379553,12.918350343272397,52.320737198812886,2026-09-19 14:03:39,1,Healthy
933,Aristo-500ix,32.28240550642321,238.95832824613453,10.82462870391656,62.26168924759448,2026-09-19 14:03:39,1,Healthy
934,Warrior-500i,33.44693671024683,212.4956380724441,11.650830539991468,47.93523424132444,2026-09-19 14:08:39,1,Healthy
935,Rogue-ET,34.19801085373932,185.14258619575378,13.318340087311174,59.56196335688605,2026-09-19 14:08:39,1,Healthy
936,Aristo-500ix,23.860422410636076,193.21736625695374,11.87161052963286,70.93984885482537,2026-09-19 14:08:39,1,Healthy
937,Warrior-500i,26.0652544003976,193.86338686889462,10.047206349999751,55.358184842980634,2026-09-19 14:13:39,1,Healthy
938,Rogue-ET,24.873255488763263,250.58944563531327,14.436260415593672,64.78017770725691,2026-09-19 14:13:39,1,Healthy
939,Aristo-500ix,36.61176162609986,185.3000678674967,13.824816847630224,74.5602871026544,2026-09-19 14:13:39,1,Healthy
940,Warrior-500i,32.934230819395296,182.85452270169392,10.77413716561324,60.05430388255865,2026-09-19 14:18:39,1,Healthy
941,Rogue-ET,27.393065709001096,205.06367601481824,13.820952938942316,47.44080696643404,2026-09-19 14:18:39,1,Healthy
942,Aristo-500ix,32.30232143072599,242.1658183958177,15.665061740792702,65.79254037447907,2026-09-19 14:18:39,1,Healthy
943,Warrior-500i,34.93588138774657,190.1150004563777,16.93041983929261,62.32955788222145,2026-09-19 14:23:39,1,Healthy
944,Rogue-ET,36.29424850988791,276.25663173827,14.362042416819651,73.1061471682022,2026-09-19 14:23:39,1,Healthy
945,Aristo-500ix,34.20521448787798,269.4387191052609,12.877594108929532,59.161608617304715,2026-09-19 14:23:39,1,Healthy
946,Warrior-500i,35.89801053770357,264.5352455828237,16.660281625851084,53.606972950442135,2026-09-19 14:28:39,1,Healthy
947,Rogue-ET,30.085055777356587,261.32114323780996,12.625021368103614,74.36150991473974,2026-09-19 14:28:39,1,Healthy
948,Aristo-500ix,32.436141687919,175.47515967039618,15.092229039174182,74.53754553496027,2026-09-19 14:28:39,1,Healthy
949,Warrior-500i,27.643659201427795,276.0448485488291,13.713316617745317,70.1399666791897,2026-09-19 14:33:39,1,Healthy
950,Rogue-ET,37.199934887306526,292.53667541614016,17.529628806233283,56.60398270970579,2026-09-19 14:33:39,1,Healthy
951,Aristo-500ix,33.02327158926151,197.52096120552778,13.594061988148933,60.5348997601392,2026-09-19 14:33:39,1,Healthy
952,Warrior-500i,30.394129312511662,230.60091958108097,14.199589205639114,56.10532132508096,2026-09-19 14:38:39,1,Healthy
953,Rogue-ET,35.094678684681384,254.1846519123945,12.79133387003867,49.59185441034835,2026-09-19 14:38:39,1,Healthy
954,Aristo-500ix,36.92948042135659,274.0284374383947,13.513971499951626,58.18635250937267,2026-09-19 14:38:39,1,Healthy
955,Warrior-500i,28.218141668461996,171.99402666184008,15.004239816117693,59.53759846196276,2026-09-19 14:43:39,1,Healthy
956,Rogue-ET,27.67607002289195,278.27484062034125,16.064328372490248,68.10668600977917,2026-09-19 14:43:39,1,Healthy
957,Aristo-500ix,35.67763393757953,198.43977525248957,12.39737366767644,49.98843664642107,2026-09-19 14:43:39,1,Healthy
958,Warrior-500i,30.930296631940074,217.73357655841335,16.541919961942025,69.14354128114087,2026-09-19 14:48:39,1,Healthy
959,Rogue-ET,36.42646003390554,166.4195832968589,15.657475528897725,65.5900387683475,2026-09-19 14:48:39,1,Healthy
960,Aristo-500ix,31.784065328867314,216.28282149804215,12.609815528900311,53.39372366251607,2026-09-19 14:48:39,1,Healthy
961,Warrior-500i,25.53724300917574,151.19619391079866,11.765734334576841,73.30432588404912,2026-09-19 14:53:39,1,Healthy
962,Rogue-ET,26.1634078124518,216.75856574436997,14.707995184826267,68.07163981076413,2026-09-19 14:53:39,1,Healthy
963,Aristo-500ix,32.74728888855991,222.42494155292133,13.15733812665691,52.09682184242654,2026-09-19 14:53:39,1,Healthy
964,Warrior-500i,33.4408430260083,285.0096127730892,12.900029412477004,66.47787309435162,2026-09-19 14:58:39,1,Healthy
965,Rogue-ET,31.333905870167946,271.95990971636013,13.538202674295928,63.322082638337925,2026-09-19 14:58:39,1,Healthy
966,Aristo-500ix,31.313529709449803,233.17248281229138,10.398661196303284,45.684929350340894,2026-09-19 14:58:39,1,Healthy
967,Warrior-500i,30.987504488656874,269.080530311915,14.124886761620772,52.8241534146832,2026-09-19 15:03:39,1,Healthy
968,Rogue-ET,24.736352207066204,197.61654084590924,11.091423530439036,64.74034052061045,2026-09-19 15:03:39,1,Healthy
969,Aristo-500ix,29.243236855117125,211.36751207001575,15.285328159081995,49.22791198872497,2026-09-19 15:03:39,1,Healthy
970,Warrior-500i,30.525174686962686,183.7315267265871,13.396850489070978,58.59449561459515,2026-09-19 15:08:39,1,Healthy
971,Rogue-ET,28.744376313308,179.51443009739182,14.863639537773029,56.625697179368,2026-09-19 15:08:39,1,Healthy
972,Aristo-500ix,36.71014701109385,243.6728615285267,16.268816990514228,48.542723149054105,2026-09-19 15:08:39,1,Healthy
973,Warrior-500i,37.64348681974939,172.5306147121392,10.31807495927566,56.281534755227526,2026-09-19 15:13:39,1,Healthy
974,Rogue-ET,29.64177091139807,284.2813848992057,12.252634872514715,69.69208874224964,2026-09-19 15:13:39,1,Healthy
975,Aristo-500ix,32.49138865676868,204.1917715510476,10.794925947360968,47.469637982850855,2026-09-19 15:13:39,1,Healthy
976,Warrior-500i,32.69359364731797,224.32160633383143,14.14600087102241,72.55600083494336,2026-09-19 15:18:39,1,Healthy
977,Rogue-ET,22.49656318788609,163.63704937553945,15.40471486174106,72.89469810381243,2026-09-19 15:18:39,1,Healthy
978,Aristo-500ix,23.79586078671527,206.51184703872008,17.315929506911683,68.87489652462571,2026-09-19 15:18:39,1,Healthy
979,Warrior-500i,29.95843761389091,249.04097562507832,10.76993524858354,52.07433014504277,2026-09-19 15:23:39,1,Healthy
980,Rogue-ET,25.08370112945621,166.78036149167576,10.264576553451814,55.62703815282775,2026-09-19 15:23:39,1,Healthy
981,Aristo-500ix,36.73020857874868,172.69176367375255,17.649803430897077,52.00401170708592,2026-09-19 15:23:39,1,Healthy
982,Warrior-500i,32.37687053035001,251.05499356560418,17.655277587433044,72.74976749457281,2026-09-19 15:28:39,1,Healthy
983,Rogue-ET,36.187387293963845,221.2483413989801,16.563509447225638,57.457100851796625,2026-09-19 15:28:39,1,Healthy
984,Aristo-500ix,37.39654380570006,293.2923154104526,11.110562571068323,46.21998692833192,2026-09-19 15:28:39,-1,Action Required
985,Warrior-500i,23.737535443322322,158.6135466338231,17.02248720491243,51.80875190090041,2026-09-19 15:33:39,1,Healthy
986,Rogue-ET,32.428661676788835,260.4231649901761,17.846006888245064,61.96116690144976,2026-09-19 15:33:39,1,Healthy
987,Aristo-500ix,30.67290300884101,284.37585153533684,13.461260499582114,45.65057487593823,2026-09-19 15:33:39,1,Healthy
988,Warrior-500i,36.02184759898013,203.02644734094176,10.972748379237533,48.08432453842016,2026-09-19 15:38:39,1,Healthy
989,Rogue-ET,34.572000100322995,222.3277396928235,10.134519344855455,53.640260219101705,2026-09-19 15:38:39,1,Healthy
990,Aristo-500ix,31.146936950773117,281.39827672299907,13.504556756965819,56.266580404765655,2026-09-19 15:38:39,1,Healthy
991,Warrior-500i,24.05517485590687,187.6469106380563,10.743717381638834,58.215946862413126,2026-09-19 15:43:39,1,Healthy
992,Rogue-ET,36.803780849436755,154.94971756122658,14.808435175042984,59.99331766897974,2026-09-19 15:43:39,1,Healthy
993,Aristo-500ix,22.055709058453424,193.24048492173432,14.947769863040087,62.61968045365941,2026-09-19 15:43:39,1,Healthy
994,Warrior-500i,23.971518376488966,264.6448951573909,11.988639118563505,68.64328633699063,2026-09-19 15:48:39,1,Healthy
995,Rogue-ET,24.23791573348782,288.467095899877,10.567905034022623,45.484842998663254,2026-09-19 15:48:39,-1,Action Required
996,Aristo-500ix,31.826311184826668,276.8812387121832,11.075638646690702,62.61004368483549,2026-09-19 15:48:39,1,Healthy
997,Warrior-500i,31.773529559504066,172.16243076565206,15.855835096536772,49.23096703332061,2026-09-19 15:53:39,1,Healthy
998,Rogue-ET,28.37827221889392,271.5717420710248,12.572115821648726,55.92814552936582,2026-09-19 15:53:39,1,Healthy
999,Aristo-500ix,30.66574552488635,290.7001226001338,15.124492565235123,55.56950381117131,2026-09-19 15:53:39,1,Healthy
1000,Warrior-500i,24.765961558810417,296.38018938343816,10.242979038397714,62.111200150504295,2026-09-19 15:58:39,1,Healthy
1001,Rogue-ET,29.795251655679547,297.456387551052,12.807639586031758,47.37697491652413,2026-09-19 15:58:39,1,Healthy
1002,Aristo-500ix,33.73204496262217,214.92321289208897,11.750873347414718,56.802134405277684,2026-09-19 15:58:39,1,Healthy
1003,Warrior-500i,27.951625074507056,197.04524827570023,11.28531548771803,61.16250276390774,2026-09-19 16:03:39,1,Healthy
1004,Rogue-ET,33.34382429190375,288.55583245250114,14.645388052745208,48.92769768148823,2026-09-19 16:03:39,1,Healthy
1005,Aristo-500ix,28.185420609457736,241.24243109732038,12.523937021585354,56.74694965051222,2026-09-19 16:03:39,1,Healthy
1006,Warrior-500i,33.396954551564434,202.72333539660093,17.85388710616628,47.351593016753434,2026-09-19 16:08:39,1,Healthy
1007,Rogue-ET,26.593448781703096,299.9355087237526,16.20525943281961,49.93573077583352,2026-09-19 16:08:39,1,Healthy
1008,Aristo-500ix,32.97060937569515,268.81116419694854,14.63526311939874,53.20327904250175,2026-09-19 16:08:39,1,Healthy
1009,Warrior-500i,26.41735052212173,151.8096737085731,10.357459948176212,48.697479285581494,2026-09-19 16:13:39,1,Healthy
1010,Rogue-ET,31.64815501157959,289.4284643796519,15.039890920063954,50.20608179906837,2026-09-19 16:13:39,1,Healthy
1011,Aristo-500ix,37.6958643263097,259.92323221705647,11.02291970297889,50.79564826572635,2026-09-19 16:13:39,1,Healthy
1012,Warrior-500i,32.02646890572153,253.184274932972,10.26022821333009,46.56288915866673,2026-09-19 16:18:39,1,Healthy
1013,Rogue-ET,32.53493852383252,293.0172983681655,15.701094596774352,58.72898631608356,2026-09-19 16:18:39,1,Healthy
1014,Aristo-500ix,35.86504950478922,273.5977501510086,17.116450779708217,63.258039506123936,2026-09-19 16:18:39,1,Healthy
1015,Warrior-500i,29.001411604118708,224.4426814728084,11.90620966650238,49.932977110125044,2026-09-19 16:23:39,1,Healthy
1016,Rogue-ET,36.33946589423913,211.5652617436205,13.084964250974021,59.35656297744313,2026-09-19 16:23:39,1,Healthy
1017,Aristo-500ix,32.03880104877435,175.983986877092,14.777306279182444,56.70845384077678,2026-09-19 16:23:39,1,Healthy
1018,Warrior-500i,36.51586750133019,293.0104451141255,11.529437441711167,48.38995058802196,2026-09-19 16:28:39,1,Healthy
1019,Rogue-ET,27.054946841606334,279.17743749600487,15.810939520995401,68.2706144154194,2026-09-19 16:28:39,1,Healthy
1020,Aristo-500ix,31.21067892497335,257.1073036434281,13.239029648116148,45.12748234900333,2026-09-19 16:28:39,1,Healthy
1021,Warrior-500i,35.06078749165927,270.6374983460504,12.020986690920093,70.04162807775155,2026-09-19 16:33:39,1,Healthy
1022,Rogue-ET,33.5500534255245,179.98230054095356,15.211409662079118,67.92319938159662,2026-09-19 16:33:39,1,Healthy
1023,Aristo-500ix,34.825643482306106,177.92974887578694,10.625599084071105,74.66178569295346,2026-09-19 16:33:39,1,Healthy
1024,Warrior-500i,33.93728224626357,197.93639112304027,16.832693526925564,52.3330555133471,2026-09-19 16:38:39,1,Healthy
1025,Rogue-ET,22.933263185684893,295.74581279861616,11.105437455794902,64.20621225172295,2026-09-19 16:38:39,1,Healthy
1026,Aristo-500ix,32.57988627318581,170.85106564757805,12.402813086226033,60.02425749230953,2026-09-19 16:38:39,1,Healthy
1027,Warrior-500i,32.23019005192674,252.44062164381853,17.004656348929363,64.23817460492063,2026-09-19 16:43:39,1,Healthy
1028,Rogue-ET,36.195316078806385,269.1817410917313,10.761381025689499,73.16798260616012,2026-09-19 16:43:39,1,Healthy
1029,Aristo-500ix,37.413595653358314,186.97687777565096,12.105338803352431,56.48141835361901,2026-09-19 16:43:39,1,Healthy
1030,Warrior-500i,33.52228404651759,221.47650529790073,11.439396859617496,74.25781371142361,2026-09-19 16:48:39,1,Healthy
1031,Rogue-ET,35.58596506060966,258.9616077852538,13.95788026646744,74.64876883884772,2026-09-19 16:48:39,1,Healthy
1032,Aristo-500ix,30.84343795749077,152.1884226599526,10.210228089136756,53.43237193273087,2026-09-19 16:48:39,1,Healthy
1033,Warrior-500i,27.983602578986535,150.34272258311563,15.787075927658215,50.88807331555063,2026-09-19 16:53:39,1,Healthy
1034,Rogue-ET,23.49039096069196,277.9411186650398,14.6049798951077,57.60932736940313,2026-09-19 16:53:39,1,Healthy
1035,Aristo-500ix,33.92266642679959,170.36269965328114,13.04239574824166,62.440182142298056,2026-09-19 16:53:39,1,Healthy
1036,Warrior-500i,29.81452925943281,200.55319547756508,16.741141000191202,51.64135333386379,2026-09-19 16:58:39,1,Healthy
1037,Rogue-ET,22.908623853930614,244.1721975581192,16.686171181001523,71.90546564746978,2026-09-19 16:58:39,1,Healthy
1038,Aristo-500ix,37.56161322659841,204.9447776566766,17.237576087599003,52.45416630464816,2026-09-19 16:58:39,1,Healthy
1039,Warrior-500i,32.50772837288129,274.4311931459845,17.12131959024746,51.62314230037793,2026-09-19 17:03:39,1,Healthy
1040,Rogue-ET,22.433693006780366,270.67641268451973,16.612049071119877,69.20534606153058,2026-09-19 17:03:39,1,Healthy
1041,Aristo-500ix,36.52882764987521,196.82189748971732,13.00196295751908,48.4281545257536,2026-09-19 17:03:39,1,Healthy
1042,Warrior-500i,31.768151182399365,271.2693501691102,17.45702606595389,71.19956595379283,2026-09-19 17:08:39,1,Healthy
1043,Rogue-ET,28.041524570506496,283.50113949936645,12.549215127712973,46.67241930919998,2026-09-19 17:08:39,1,Healthy
1044,Aristo-500ix,37.47097075691868,211.25588783017952,10.927401644514074,73.61091493339887,2026-09-19 17:08:39,1,Healthy
1045,Warrior-500i,36.315076565050575,277.5449848206284,15.998699813670799,64.30276029039821,2026-09-19 17:13:39,1,Healthy
1046,Rogue-ET,25.43246737744043,275.54291413279554,15.809978263980554,70.35380247213024,2026-09-19 17:13:39,1,Healthy
1047,Aristo-500ix,24.08281717301793,264.7628802217876,13.036047493644546,50.444229358546245,2026-09-19 17:13:39,1,Healthy
1048,Warrior-500i,31.80735218601704,253.1255622777556,13.186299385349782,52.02381119496852,2026-09-19 17:18:39,1,Healthy
1049,Rogue-ET,33.599075764208,242.71880213111194,13.034062910228677,72.80149676460553,2026-09-19 17:18:39,1,Healthy
1050,Aristo-500ix,30.672277637494986,234.40376097624173,10.37373210835328,66.24192399281007,2026-09-19 17:18:39,1,Healthy
1051,Warrior-500i,32.70425338196989,185.9559591246324,17.98766065303829,57.46789537535436,2026-09-19 17:23:39,1,Healthy
1052,Rogue-ET,37.91200543904705,275.15957969877223,17.495125356875217,70.1016111846618,2026-09-19 17:23:39,1,Healthy
1053,Aristo-500ix,37.22807172536524,298.1700187187363,16.915662085024568,60.56375305245393,2026-09-19 17:23:39,1,Healthy
1054,Warrior-500i,31.338870540361413,184.9173378200429,11.451324727286828,51.76739445376211,2026-09-19 17:28:39,1,Healthy
1055,Rogue-ET,33.528574748769486,167.8952478486147,14.36990535101384,48.05665544314022,2026-09-19 17:28:39,1,Healthy
1056,Aristo-500ix,36.555685492712634,248.28106159115242,12.87932221495085,73.0573312071406,2026-09-19 17:28:39,1,Healthy
1057,Warrior-500i,26.333374306960877,152.55173552544593,16.70177009193135,61.72055505929147,2026-09-19 17:33:39,1,Healthy
1058,Rogue-ET,27.835254299958393,231.0101055476335,15.764355790535639,63.41618605861836,2026-09-19 17:33:39,1,Healthy
1059,Aristo-500ix,28.54167700195802,205.74741211623603,15.802775751557931,62.83093190758352,2026-09-19 17:33:39,1,Healthy
1060,Warrior-500i,37.31928904268831,174.2121606533336,11.246184124488181,54.068188431652466,2026-09-19 17:38:39,1,Healthy
1061,Rogue-ET,28.55457835288599,160.92383925537538,11.407964416378025,66.30342111413069,2026-09-19 17:38:39,1,Healthy
1062,Aristo-500ix,30.49646705897544,207.25308109170413,12.586629546023467,54.05884449241785,2026-09-19 17:38:39,1,Healthy
1063,Warrior-500i,27.772024281840665,151.50768916430567,17.568175110276204,51.045796241347674,2026-09-19 17:43:39,1,Healthy
1064,Rogue-ET,25.0423557506817,237.15816362610053,16.955464861591402,69.31595124104237,2026-09-19 17:43:39,1,Healthy
1065,Aristo-500ix,33.14818258641928,202.56595097330643,17.325179084457783,51.0151315462889,2026-09-19 17:43:39,1,Healthy
1066,Warrior-500i,26.785873771544445,214.97452299365597,14.091159600812698,64.68306841143325,2026-09-19 17:48:39,1,Healthy
1067,Rogue-ET,23.049111130377884,178.04334356315806,13.426156004722525,50.788837626412516,2026-09-19 17:48:39,1,Healthy
1068,Aristo-500ix,23.737477117354274,179.78182250631892,17.53001143047144,49.818283748486174,2026-09-19 17:48:39,1,Healthy
1069,Warrior-500i,28.701623082981328,275.8930256703146,12.641630706545735,65.97288567686843,2026-09-19 17:53:39,1,Healthy
1070,Rogue-ET,35.20946951417018,180.9731761397118,14.004392959609,66.19400970317953,2026-09-19 17:53:39,1,Healthy
1071,Aristo-500ix,28.187840083472363,233.55839576719927,11.76626805895907,59.50462330297852,2026-09-19 17:53:39,1,Healthy
1072,Warrior-500i,27.07531029506225,211.04821532974077,11.972581319637408,62.98687284769085,2026-09-19 17:58:39,1,Healthy
1073,Rogue-ET,26.439057871893247,178.31763285474383,13.028182405361699,64.19160072184984,2026-09-19 17:58:39,1,Healthy
1074,Aristo-500ix,33.28805084569617,224.91804941881395,12.297414897098879,61.46578649560317,2026-09-19 17:58:39,1,Healthy
1075,Warrior-500i,26.873970903571347,199.78058456375697,17.070281786002493,53.87519244888246,2026-09-19 18:03:39,1,Healthy
1076,Rogue-ET,29.10827273520013,182.7970908463301,15.235147057369012,55.477885280571165,2026-09-19 18:03:39,1,Healthy
1077,Aristo-500ix,33.017553190514775,269.7705312297222,10.21295868463502,47.05680594048083,2026-09-19 18:03:39,1,Healthy
1078,Warrior-500i,22.399894149435198,152.2043022249922,17.842028048450267,74.95991455771637,2026-09-19 18:08:39,-1,Action Required
1079,Rogue-ET,36.42073496277352,187.40587353137818,14.849297393441244,72.21994298115118,2026-09-19 18:08:39,1,Healthy
1080,Aristo-500ix,32.1676939644317,177.62067440816656,13.785078447357792,53.85271874188117,2026-09-19 18:08:39,1,Healthy
1081,Warrior-500i,27.5561227729576,202.556408456576,12.593909367980253,62.39877220835373,2026-09-19 18:13:39,1,Healthy
1082,Rogue-ET,34.57561500434965,203.04255223461024,10.847910800715038,71.89780763383779,2026-09-19 18:13:39,1,Healthy
1083,Aristo-500ix,28.738523435796914,246.39570589065931,13.677387117229813,52.76892051685522,2026-09-19 18:13:39,1,Healthy
1084,Warrior-500i,36.51615014680922,162.0901146236838,16.469840659339447,47.281097049218054,2026-09-19 18:18:39,1,Healthy
1085,Rogue-ET,32.56193226363342,189.07327680113775,14.622103466969005,59.09260734353947,2026-09-19 18:18:39,1,Healthy
1086,Aristo-500ix,23.418916015075553,263.8864044971654,15.136382636602658,58.977486373063044,2026-09-19 18:18:39,1,Healthy
1087,Warrior-500i,33.1806244407005,173.7238746710159,10.57109817580163,66.60407084788147,2026-09-19 18:23:39,1,Healthy
1088,Rogue-ET,37.18921230320858,293.1787590808741,12.622298427250051,73.4610396505519,2026-09-19 18:23:39,1,Healthy
1089,Aristo-500ix,33.466201591806815,264.1670692771139,10.706987727663062,53.819579485061084,2026-09-19 18:23:39,1,Healthy
1090,Warrior-500i,22.37002268108207,202.21984234222307,10.41926748683725,56.350081819739906,2026-09-19 18:28:39,1,Healthy
1091,Rogue-ET,22.044840356733975,230.76277163603265,12.624938251267778,58.06814882346639,2026-09-19 18:28:39,1,Healthy
1092,Aristo-500ix,29.33720393056366,166.52486587327797,12.679539171107749,68.45293286042494,2026-09-19 18:28:39,1,Healthy
1093,Warrior-500i,37.92154382590862,283.6403439011054,11.041278028743921,53.932262943934724,2026-09-19 18:33:39,1,Healthy
1094,Rogue-ET,35.568880457181905,193.1702551776783,15.803275920201752,64.51124583645026,2026-09-19 18:33:39,1,Healthy
1095,Aristo-500ix,25.157108728364467,257.4051561359684,15.053758491478282,65.79807156814586,2026-09-19 18:33:39,1,Healthy
1096,Warrior-500i,30.46298079242328,185.6586733057675,15.481036504511877,72.0341211077021,2026-09-19 18:38:39,1,Healthy
1097,Rogue-ET,23.810987577343003,204.11294491433225,14.83990138573396,70.93210243338419,2026-09-19 18:38:39,1,Healthy
1098,Aristo-500ix,23.89133712907453,270.0198773700161,14.098077830479259,52.699564876172616,2026-09-19 18:38:39,1,Healthy
1099,Warrior-500i,23.552353180724197,247.50390806909903,14.547074884610963,53.42274547948091,2026-09-19 18:43:39,1,Healthy
1100,Rogue-ET,33.062347103064724,243.55362376680574,17.540819602047364,56.73802668438772,2026-09-19 18:43:39,1,Healthy
1101,Aristo-500ix,31.359274558999928,260.30705581648635,12.201187298047593,70.66293946276238,2026-09-19 18:43:39,1,Healthy
1102,Warrior-500i,30.931655589792065,176.12912160964663,14.226265327658874,73.42201596934672,2026-09-19 18:48:39,1,Healthy
1103,Rogue-ET,32.85533709061538,294.1178905743303,17.053738055242206,50.345487158754594,2026-09-19 18:48:39,1,Healthy
1104,Aristo-500ix,28.990313816657718,218.0808277777108,14.230164310644128,61.01714636546655,2026-09-19 18:48:39,1,Healthy
1105,Warrior-500i,37.158154988504776,272.75692415757464,15.109349010369737,51.55912351541736,2026-09-19 18:53:39,1,Healthy
1106,Rogue-ET,31.24889229147497,173.79676274979207,12.300898846573965,62.2597239994887,2026-09-19 18:53:39,1,Healthy
1107,Aristo-500ix,37.73242408090322,231.03563358020367,17.99570494843084,54.044350091672726,2026-09-19 18:53:39,1,Healthy
1108,Warrior-500i,34.68690430647436,201.92438696978553,16.545882252065656,50.16807549813068,2026-09-19 18:58:39,1,Healthy
1109,Rogue-ET,22.637050216563935,289.06916075219067,14.296335526359494,70.49283755277833,2026-09-19 18:58:39,1,Healthy
1110,Aristo-500ix,37.57930933098726,177.37404153967103,11.989711614187108,70.55383776940369,2026-09-19 18:58:39,1,Healthy
1111,Warrior-500i,36.53343256636954,218.3721405609225,14.241548818187947,73.30206421866879,2026-09-19 19:03:39,1,Healthy
1112,Rogue-ET,31.869731343182565,151.31908788733674,11.452427880358364,73.06843952093814,2026-09-19 19:03:39,1,Healthy
1113,Aristo-500ix,37.34199617176248,169.7490070375995,11.890234895818505,57.612432332192796,2026-09-19 19:03:39,1,Healthy
1114,Warrior-500i,36.18192444164617,225.1971605081468,14.271436717919435,50.54044671273061,2026-09-19 19:08:39,1,Healthy
1115,Rogue-ET,33.54232814440902,244.38991946595814,13.413819102910132,45.48251529528877,2026-09-19 19:08:39,1,Healthy
1116,Aristo-500ix,25.912224150193772,208.16767064968013,17.845003350676276,55.32525810069633,2026-09-19 19:08:39,1,Healthy
1117,Warrior-500i,28.95196663127649,202.32810989689054,12.346701648532008,48.92921641551982,2026-09-19 19:13:39,1,Healthy
1118,Rogue-ET,22.397919984877873,194.5590219031596,16.901878210728608,74.49504853334022,2026-09-19 19:13:39,1,Healthy
1119,Aristo-500ix,34.415554396491075,249.10616731991527,13.196292042882444,46.424228156738074,2026-09-19 19:13:39,1,Healthy
1120,Warrior-500i,28.400957989904246,198.58557346627305,12.959094581166973,59.10397462197693,2026-09-19 19:18:39,1,Healthy
1121,Rogue-ET,23.389187359705502,172.60032401993072,11.92138275177544,52.58697878271602,2026-09-19 19:18:39,1,Healthy
1122,Aristo-500ix,24.796288089004214,298.8410246741178,11.935032059064017,74.10515497173954,2026-09-19 19:18:39,1,Healthy
1123,Warrior-500i,33.31969860345789,192.06151557245778,15.965465176676885,49.43777239651765,2026-09-19 19:23:39,1,Healthy
1124,Rogue-ET,28.337027594963033,177.67620671464167,14.779118149012337,54.125507977329136,2026-09-19 19:23:39,1,Healthy
1125,Aristo-500ix,23.073693016183352,219.96103374998745,13.437729305407625,60.926843740864975,2026-09-19 19:23:39,1,Healthy
1126,Warrior-500i,22.709304200913532,278.343016666655,17.197002107887588,70.92206363292014,2026-09-19 19:28:39,1,Healthy
1127,Rogue-ET,34.958831412404535,283.8886717676397,15.904935024165354,67.58303474506631,2026-09-19 19:28:39,1,Healthy
1128,Aristo-500ix,37.35215835125664,247.75410540916897,11.198219052759063,53.608395435556474,2026-09-19 19:28:39,1,Healthy
1129,Warrior-500i,33.3504853095901,295.574888588861,17.04575601071822,69.59230578846213,2026-09-19 19:33:39,1,Healthy
1130,Rogue-ET,33.00220442605195,202.11626024651164,16.523783734282866,61.74302508282269,2026-09-19 19:33:39,1,Healthy
1131,Aristo-500ix,28.835884205970807,251.46001217456336,12.782649905562849,59.841265680658026,2026-09-19 19:33:39,1,Healthy
1132,Warrior-500i,35.347099371417066,241.662568465706,13.507414269503329,57.182622269203605,2026-09-19 19:38:39,1,Healthy
1133,Rogue-ET,30.232961267160917,178.92474374810797,13.2602220969923,68.92002393108253,2026-09-19 19:38:39,1,Healthy
1134,Aristo-500ix,25.073215608299755,230.47760282968773,14.501708124467095,65.30589298013076,2026-09-19 19:38:39,1,Healthy
1135,Warrior-500i,32.37372164892157,220.9512706586026,16.31961047982523,49.67812314551419,2026-09-19 19:43:39,1,Healthy
1136,Rogue-ET,26.110077584019567,226.38637070033036,15.894839266805995,71.44797085582792,2026-09-19 19:43:39,1,Healthy
1137,Aristo-500ix,32.36749387831422,168.61961488522218,15.999955551520966,57.285375456816226,2026-09-19 19:43:39,1,Healthy
1138,Warrior-500i,27.915495100429045,213.72197021122903,17.680752854854617,50.42607076352348,2026-09-19 19:48:39,1,Healthy
1139,Rogue-ET,34.41729514041853,293.3736244480554,10.572473618638867,71.45203934005892,2026-09-19 19:48:39,1,Healthy
1140,Aristo-500ix,30.208908592692744,260.9692903436532,17.990238388882066,50.95627410145726,2026-09-19 19:48:39,1,Healthy
1141,Warrior-500i,31.047842707170496,174.93956024470583,16.757706904452778,70.26685794208095,2026-09-19 19:53:39,1,Healthy
1142,Rogue-ET,27.665047331690356,193.09321532239176,10.514776881898417,49.13859538809836,2026-09-19 19:53:39,1,Healthy
1143,Aristo-500ix,23.78587089029216,168.28307526581654,16.315114575560788,53.61670648788572,2026-09-19 19:53:39,1,Healthy
1144,Warrior-500i,35.28261931691647,213.85483461026547,13.191998180502077,46.14110865712238,2026-09-19 19:58:39,1,Healthy
1145,Rogue-ET,34.25111935621931,228.61702428503202,14.860527921693958,58.83983974890896,2026-09-19 19:58:39,1,Healthy
1146,Aristo-500ix,24.211673845741316,237.52614174359832,17.58277459887039,58.32602597476842,2026-09-19 19:58:39,1,Healthy
1147,Warrior-500i,23.512802105365395,223.32372566408884,15.004931113363149,45.48691358841135,2026-09-19 20:03:39,1,Healthy
1148,Rogue-ET,29.545234900126673,287.5503881574223,16.048090823878034,64.50143108492875,2026-09-19 20:03:39,1,Healthy
1149,Aristo-500ix,22.574614673451904,175.71832140207226,14.856000806764776,49.16179232437962,2026-09-19 20:03:39,1,Healthy
1150,Warrior-500i,24.603996640404848,280.19994220318927,14.401641967479064,64.67231209315062,2026-09-19 20:08:39,1,Healthy
1151,Rogue-ET,28.33687323845929,244.85007799834133,14.52678151449716,50.892770066055746,2026-09-19 20:08:39,1,Healthy
1152,Aristo-500ix,33.04089495702531,246.18368019075012,17.340935611847083,58.2435338141695,2026-09-19 20:08:39,1,Healthy
1153,Warrior-500i,22.777069354193152,167.68870322424374,11.425497496638982,58.42843545057681,2026-09-19 20:13:39,1,Healthy
1154,Rogue-ET,31.764421308069902,283.50693484144887,17.17779101463888,52.96742320208194,2026-09-19 20:13:39,1,Healthy
1155,Aristo-500ix,33.73652287114568,230.95385243934717,12.639185129868407,67.06447528945358,2026-09-19 20:13:39,1,Healthy
1156,Warrior-500i,27.379439524669092,257.09889743651974,16.58905652837609,51.30213035542558,2026-09-19 20:18:39,1,Healthy
1157,Rogue-ET,27.00943617220677,250.45488078510783,16.995485077547173,73.91890458161706,2026-09-19 20:18:39,1,Healthy
1158,Aristo-500ix,28.401985670225308,216.61352697551493,13.112029207875732,74.28688621329374,2026-09-19 20:18:39,1,Healthy
1159,Warrior-500i,36.80103343968129,212.29982753744005,12.366042912560044,45.43168892480569,2026-09-19 20:23:39,1,Healthy
1160,Rogue-ET,29.566835423186106,180.45798122921826,15.62384359298063,51.563196683456,2026-09-19 20:23:39,1,Healthy
1161,Aristo-500ix,32.43683402519808,255.17254202669181,16.27691757116611,47.30818869146207,2026-09-19 20:23:39,1,Healthy
1162,Warrior-500i,24.779086324891225,162.26348643139792,15.94594983604452,52.555561907704664,2026-09-19 20:28:39,1,Healthy
1163,Rogue-ET,24.948009850298128,251.37929829817583,14.85708243429476,69.34887226339828,2026-09-19 20:28:39,1,Healthy
1164,Aristo-500ix,28.986542453140906,196.85496080994022,11.833670878306513,72.61185822327057,2026-09-19 20:28:39,1,Healthy
1165,Warrior-500i,26.669901053472294,179.56176130150538,14.882567766610418,71.69259946513097,2026-09-19 20:33:39,1,Healthy
1166,Rogue-ET,32.10753546819957,274.05730683423474,16.063449769906114,51.73232047902488,2026-09-19 20:33:39,1,Healthy
1167,Aristo-500ix,35.37183454385496,233.2658527983308,17.885294400636145,71.17159825685324,2026-09-19 20:33:39,1,Healthy
1168,Warrior-500i,28.832524209852664,202.80900469458368,15.941387807313511,59.97957176545545,2026-09-19 20:38:39,1,Healthy
1169,Rogue-ET,26.525904487029365,158.9455548810555,17.180404699967003,68.93742957811234,2026-09-19 20:38:39,1,Healthy
1170,Aristo-500ix,24.813424075062137,245.4236999007381,16.969500215572907,46.97511496882183,2026-09-19 20:38:39,1,Healthy
1171,Warrior-500i,34.001431880773765,256.8007354615771,12.897741130055035,48.149338547955296,2026-09-19 20:43:39,1,Healthy
1172,Rogue-ET,37.702271447446826,257.81854547015155,14.060197621226454,53.557476912236154,2026-09-19 20:43:39,1,Healthy
1173,Aristo-500ix,29.712078112743487,151.874824437848,16.073861399662476,72.29213225151616,2026-09-19 20:43:39,1,Healthy
1174,Warrior-500i,32.71628368055224,178.60330468558027,13.69211603350415,50.23039427230073,2026-09-19 20:48:39,1,Healthy
1175,Rogue-ET,28.139882321121043,189.62289397872004,16.614773675276602,52.087711954994816,2026-09-19 20:48:39,1,Healthy
1176,Aristo-500ix,33.645110577503964,233.2378213744422,13.139106272261088,70.85200180526013,2026-09-19 20:48:39,1,Healthy
1177,Warrior-500i,37.02604674420704,290.0097745253536,14.141262000984065,58.437127714193075,2026-09-19 20:53:39,1,Healthy
1178,Rogue-ET,32.10499079483329,171.50822256505006,14.65181827456271,67.57507649565316,2026-09-19 20:53:39,1,Healthy
1179,Aristo-500ix,31.360061045621855,221.42423886489826,16.193929522000975,68.18983304487142,2026-09-19 20:53:39,1,Healthy
1180,Warrior-500i,25.39434823468478,284.9707079250927,12.80391092660242,53.33532739983036,2026-09-19 20:58:39,1,Healthy
1181,Rogue-ET,26.831051248105894,266.4875695481189,13.136629797858514,74.36103046998596,2026-09-19 20:58:39,1,Healthy
1182,Aristo-500ix,31.021162243912215,205.16574778256924,10.253104708603718,57.74894035859179,2026-09-19 20:58:39,1,Healthy
1183,Warrior-500i,23.880362812571114,250.4459514176069,12.368273768261343,59.25609216902936,2026-09-19 21:03:39,1,Healthy
1184,Rogue-ET,29.40703738517559,267.69835189339534,11.180834235915743,51.68004251109008,2026-09-19 21:03:39,1,Healthy
1185,Aristo-500ix,34.724967628536504,200.17025101612805,16.415174257788152,57.174075790653745,2026-09-19 21:03:39,1,Healthy
1186,Warrior-500i,22.72861909100997,266.0439849529859,12.055039943209366,68.31254564539122,2026-09-19 21:08:39,1,Healthy
1187,Rogue-ET,32.70496702420587,221.65550320907414,10.993883019520428,54.63943819211909,2026-09-19 21:08:39,1,Healthy
1188,Aristo-500ix,28.077325184405176,232.7822133617777,10.240234879362617,67.89917427889249,2026-09-19 21:08:39,1,Healthy
1189,Warrior-500i,27.13949589411491,229.96032795277281,11.842856692798048,70.00045459147421,2026-09-19 21:13:39,1,Healthy
1190,Rogue-ET,32.15252988644188,211.41477568002787,17.046767468809648,55.92908821554626,2026-09-19 21:13:39,1,Healthy
1191,Aristo-500ix,33.0303377342388,170.49985715419416,13.019364863574257,65.31720262275753,2026-09-19 21:13:39,1,Healthy
1192,Warrior-500i,27.416151361865786,188.19531953519794,15.825214286674996,57.492380948586245,2026-09-19 21:18:39,1,Healthy
1193,Rogue-ET,29.732865694218212,236.17255179305886,14.197154646031755,71.790409931758,2026-09-19 21:18:39,1,Healthy
1194,Aristo-500ix,33.91012405701347,285.0396501712015,10.15114018663849,68.090667511193,2026-09-19 21:18:39,1,Healthy
1195,Warrior-500i,34.233160590012126,193.46519691852959,12.26051851854108,52.69181579121879,2026-09-19 21:23:39,1,Healthy
1196,Rogue-ET,37.153911093306164,287.7026094994492,10.73672021996579,53.76826726102437,2026-09-19 21:23:39,1,Healthy
1197,Aristo-500ix,30.62019890306115,163.16562722427165,17.65991191613328,74.64300904742386,2026-09-19 21:23:39,1,Healthy
1198,Warrior-500i,27.117192152553653,198.38100733874563,17.518943072823383,46.344274312547434,2026-09-19 21:28:39,1,Healthy
1199,Rogue-ET,30.739733448704015,234.32006478034108,14.100172583682111,49.38751184846965,2026-09-19 21:28:39,1,Healthy
1200,Aristo-500ix,27.901276416928,175.92030409902722,14.634249053241689,68.88113978936362,2026-09-19 21:28:39,1,Healthy
1201,Warrior-500i,22.10280162446579,240.39603294638485,12.683193969490926,60.20135701444803,2026-09-19 21:33:39,1,Healthy
1202,Rogue-ET,31.61557790016639,293.72675049081283,12.496246758357765,52.70337643929855,2026-09-19 21:33:39,1,Healthy
1203,Aristo-500ix,34.92589127791524,284.0310790244665,11.322770969827976,68.3115722082047,2026-09-19 21:33:39,1,Healthy
1204,Warrior-500i,36.22081024034202,176.02755710606684,13.407171601789207,61.30662241841809,2026-09-19 21:38:39,1,Healthy
1205,Rogue-ET,26.774257673255498,290.3377041930818,11.698759427232762,69.52813019499185,2026-09-19 21:38:39,1,Healthy
1206,Aristo-500ix,24.758966610560165,196.00134632645614,14.333743170348615,72.08885101253054,2026-09-19 21:38:39,1,Healthy
1207,Warrior-500i,35.202569114331695,172.16003849978165,13.296369808949521,50.41212835220069,2026-09-19 21:43:39,1,Healthy
1208,Rogue-ET,34.61715987498301,173.16183269764028,17.215465324213273,59.094872196126616,2026-09-19 21:43:39,1,Healthy
1209,Aristo-500ix,30.83862826068233,273.6722273310223,16.492124493628314,49.91289421564418,2026-09-19 21:43:39,1,Healthy
1210,Warrior-500i,30.085634860737034,201.96071580295128,16.66800213278251,53.688756800852474,2026-09-19 21:48:39,1,Healthy
1211,Rogue-ET,37.65831900167852,180.02714509443862,17.714414343296202,70.92275546819305,2026-09-19 21:48:39,1,Healthy
1212,Aristo-500ix,31.046905777273345,236.69667870235918,16.181580992190874,69.05338797455113,2026-09-19 21:48:39,1,Healthy
1213,Warrior-500i,35.086936787740356,249.49893840254504,17.551074395634004,59.84832734278342,2026-09-19 21:53:39,1,Healthy
1214,Rogue-ET,32.93666919820212,291.6193616474486,13.279760061769545,48.06777519600767,2026-09-19 21:53:39,1,Healthy
1215,Aristo-500ix,30.30573510497169,251.64934331493146,13.119149210840728,67.31276545781378,2026-09-19 21:53:39,1,Healthy
1216,Warrior-500i,28.737282944237492,231.6669826617166,14.474644633916066,73.32619576319112,2026-09-19 21:58:39,1,Healthy
1217,Rogue-ET,29.13060423665037,258.1503674479795,16.447406382555,60.18321463138568,2026-09-19 21:58:39,1,Healthy
1218,Aristo-500ix,30.958702842811913,195.16775031927034,11.577609450621921,52.70985815679942,2026-09-19 21:58:39,1,Healthy
1219,Warrior-500i,33.942498669403236,217.4142951554603,10.60741958379519,57.05834002425004,2026-09-19 22:03:39,1,Healthy
1220,Rogue-ET,34.2482264158816,249.11760829593754,11.309393946039258,67.24531735603011,2026-09-19 22:03:39,1,Healthy
1221,Aristo-500ix,26.943939824017075,157.65439223880557,14.4882933452568,73.65941562442399,2026-09-19 22:03:39,1,Healthy
1222,Warrior-500i,33.44896958108856,261.8862728741348,10.506437973654275,66.32170395648816,2026-09-19 22:08:39,1,Healthy
1223,Rogue-ET,32.77342492677104,183.9905013043787,14.828184564764555,66.81616604426644,2026-09-19 22:08:39,1,Healthy
1224,Aristo-500ix,31.73786913777728,245.70344020128806,15.147127415147114,59.285274895792824,2026-09-19 22:08:39,1,Healthy
1225,Warrior-500i,30.946548026194563,260.0630769376407,11.718130349234382,62.934515229853666,2026-09-19 22:13:39,1,Healthy
1226,Rogue-ET,27.592303665248323,245.4530296903261,16.967075644703343,50.398795936532736,2026-09-19 22:13:39,1,Healthy
1227,Aristo-500ix,27.036488341017716,232.74645815903406,12.168032505868641,64.32784783308198,2026-09-19 22:13:39,1,Healthy
1228,Warrior-500i,26.294628757334046,284.39061079636906,14.79501780984071,53.74118559081119,2026-09-19 22:18:39,1,Healthy
1229,Rogue-ET,24.46320393098368,210.0303171963214,11.504602992515801,58.79107680220279,2026-09-19 22:18:39,1,Healthy
1230,Aristo-500ix,24.44009217740642,203.7921477069754,17.002050788385908,65.48644648920902,2026-09-19 22:18:39,1,Healthy
1231,Warrior-500i,36.689708780341604,292.59308468090563,15.530740368397208,65.19952206662063,2026-09-19 22:23:39,1,Healthy
1232,Rogue-ET,32.32132754126314,247.33194743736635,15.066466583747518,62.29872528969645,2026-09-19 22:23:39,1,Healthy
1233,Aristo-500ix,36.257352991730684,208.8849528861868,17.752360243729832,52.50571723429147,2026-09-19 22:23:39,1,Healthy
1234,Warrior-500i,31.063409303751598,214.85530864091896,10.375157478731492,71.10663319700527,2026-09-19 22:28:39,1,Healthy
1235,Rogue-ET,30.423958041332487,223.53809961752552,11.250072370036136,65.91314246429846,2026-09-19 22:28:39,1,Healthy
1236,Aristo-500ix,28.259035215119972,292.03419590351143,10.866530717591644,71.89615194628118,2026-09-19 22:28:39,1,Healthy
1237,Warrior-500i,29.256951389209384,242.91132019399265,15.67208417030184,65.1862286383412,2026-09-19 22:33:39,1,Healthy
1238,Rogue-ET,26.504880414969165,182.29536675801359,15.902067217383413,72.99172677784367,2026-09-19 22:33:39,1,Healthy
1239,Aristo-500ix,32.77986498233963,288.8260096941547,16.691176957386954,45.17311401439046,2026-09-19 22:33:39,1,Healthy
1240,Warrior-500i,24.627298051422656,185.0933401670754,10.202146562049325,49.431199872371906,2026-09-19 22:38:39,1,Healthy
1241,Rogue-ET,27.92867764677719,219.3088371515347,15.486917928607294,60.161947787743756,2026-09-19 22:38:39,1,Healthy
1242,Aristo-500ix,32.069616028710946,177.90466873869732,10.076595970957907,71.51445032738766,2026-09-19 22:38:39,1,Healthy
1243,Warrior-500i,37.75235188857894,264.21445362637985,15.710317582586608,62.37618858868616,2026-09-19 22:43:39,1,Healthy
1244,Rogue-ET,32.45538481763228,287.929824427291,11.518451443987583,65.86138509924267,2026-09-19 22:43:39,1,Healthy
1245,Aristo-500ix,37.59547798763035,234.59426775811986,17.157499884161957,63.442828146391136,2026-09-19 22:43:39,1,Healthy
1246,Warrior-500i,27.826252713732558,268.20597423104033,11.952558906454456,66.37961058517585,2026-09-19 22:48:39,1,Healthy
1247,Rogue-ET,27.119186766617126,162.06656193232007,11.417428401775902,58.58377164522785,2026-09-19 22:48:39,1,Healthy
1248,Aristo-500ix,37.35805026614359,162.66372325494427,13.791901889594191,52.28516674128264,2026-09-19 22:48:39,1,Healthy
1249,Warrior-500i,36.316456030068395,258.59004796750696,14.56009226585859,61.982790711877,2026-09-19 22:53:39,1,Healthy
1250,Rogue-ET,34.36334491648965,241.84817952739385,16.409959103640745,51.8827160969613,2026-09-19 22:53:39,1,Healthy
1251,Aristo-500ix,37.016838713080176,220.45643328658832,17.465611964518637,56.06238826797515,2026-09-19 22:53:39,1,Healthy
1252,Warrior-500i,35.01841923403455,253.68377360372983,15.892031952497884,69.94023772169288,2026-09-19 22:58:39,1,Healthy
1253,Rogue-ET,24.43495566260205,219.7928348485676,14.20399115964933,72.10932128556482,2026-09-19 22:58:39,1,Healthy
1254,Aristo-500ix,25.363746758949638,264.3051225047825,10.807424497930374,72.3007622637572,2026-09-19 22:58:39,1,Healthy
1255,Warrior-500i,22.86393952174364,223.9760438623511,16.976082951924123,48.85019183848726,2026-09-19 23:03:39,1,Healthy
1256,Rogue-ET,23.836187354187118,190.2464174340307,15.303384226312538,74.96036218039585,2026-09-19 23:03:39,1,Healthy
1257,Aristo-500ix,25.922474186956347,286.888738177089,15.770539060011888,60.53005515398742,2026-09-19 23:03:39,1,Healthy
1258,Warrior-500i,36.71771307934178,286.83512374691986,17.94021111446999,46.80839696740603,2026-09-19 23:08:39,-1,Action Required
1259,Rogue-ET,27.24043708215151,158.18890613255965,16.196288402581658,74.71201131277215,2026-09-19 23:08:39,1,Healthy
1260,Aristo-500ix,24.39931819595263,250.75721559408464,13.680534958313485,65.85310546716788,2026-09-19 23:08:39,1,Healthy
1261,Warrior-500i,27.036342184015645,226.5565841527291,13.734627671997005,67.38484141397294,2026-09-19 23:13:39,1,Healthy
1262,Rogue-ET,35.033391898424625,219.4738721293807,17.027389317377953,66.05523597750762,2026-09-19 23:13:39,1,Healthy
1263,Aristo-500ix,36.83835767129304,287.7662332999919,10.9512498830579,69.71057689701419,2026-09-19 23:13:39,1,Healthy
1264,Warrior-500i,23.705657832795723,229.12814863914545,10.590375784607804,52.089307026958764,2026-09-19 23:18:39,1,Healthy
1265,Rogue-ET,22.42721539409673,236.29907627769794,14.549733375505397,72.76756236122023,2026-09-19 23:18:39,1,Healthy
1266,Aristo-500ix,33.30543394154959,184.80547555046007,15.332612313352836,61.537167869377996,2026-09-19 23:18:39,1,Healthy
1267,Warrior-500i,30.472135048116225,210.28936812994266,13.807998115764294,74.97695149916524,2026-09-19 23:23:39,1,Healthy
1268,Rogue-ET,24.426235536925923,177.95988547077621,10.8373397845154,68.72259864088302,2026-09-19 23:23:39,1,Healthy
1269,Aristo-500ix,36.1896587680797,164.0785597174077,12.869948986351535,66.91468556009944,2026-09-19 23:23:39,1,Healthy
1270,Warrior-500i,30.388046204265585,273.5750522514882,15.174326392478257,62.3552459728784,2026-09-19 23:28:39,1,Healthy
1271,Rogue-ET,29.400265689266572,241.40777102107415,16.422557844735294,53.03546441991928,2026-09-19 23:28:39,1,Healthy
1272,Aristo-500ix,27.602363955300277,200.2687466539453,10.294118279290757,53.19014191483505,2026-09-19 23:28:39,1,Healthy
1273,Warrior-500i,31.916060351206724,249.5264312027669,12.409702575825635,56.729198291204405,2026-09-19 23:33:39,1,Healthy
1274,Rogue-ET,25.918626819658158,162.7501066697413,16.776033676116107,54.12435526508583,2026-09-19 23:33:39,1,Healthy
1275,Aristo-500ix,36.53447271754745,263.3895782230891,11.436029874055144,74.8008213409679,2026-09-19 23:33:39,1,Healthy
1276,Warrior-500i,22.57550178906645,218.12449375248391,14.249208418369001,61.377066547486095,2026-09-19 23:38:39,1,Healthy
1277,Rogue-ET,35.668805505815286,234.40389000438523,12.944746185995939,60.641499786872174,2026-09-19 23:38:39,1,Healthy
1278,Aristo-500ix,22.766894497196745,172.58225729760014,17.18590573328679,69.05544462126804,2026-09-19 23:38:39,1,Healthy
1279,Warrior-500i,34.53074006271652,158.3986593092467,10.594553810031947,60.37773910772832,2026-09-19 23:43:39,1,Healthy
1280,Rogue-ET,25.041139424065396,284.50994724657994,17.367315172140277,60.888244359199966,2026-09-19 23:43:39,1,Healthy
1281,Aristo-500ix,31.965017617844197,187.73879792687336,16.15090613956359,59.50663122247478,2026-09-19 23:43:39,1,Healthy
1282,Warrior-500i,30.058511482294232,225.7465683233567,14.856619924233613,70.60427457346667,2026-09-19 23:48:39,1,Healthy
1283,Rogue-ET,33.01403387071697,262.99406476302244,12.417521635471562,55.750309800516945,2026-09-19 23:48:39,1,Healthy
1284,Aristo-500ix,24.1238626606025,190.0546166140945,12.033004831595346,60.20566346446818,2026-09-19 23:48:39,1,Healthy
1285,Warrior-500i,37.819793469355915,250.63819726337675,12.668737941760712,73.83953685850965,2026-09-19 23:53:39,1,Healthy
1286,Rogue-ET,29.302319847516227,161.4494042407025,13.98704557368804,64.87008693014198,2026-09-19 23:53:39,1,Healthy
1287,Aristo-500ix,22.73066601720336,174.6234483880081,17.391788612688885,58.70664212925145,2026-09-19 23:53:39,1,Healthy
1288,Warrior-500i,28.626856088683297,268.2059096973272,11.609154605388401,59.72914594879488,2026-09-19 23:58:39,1,Healthy
1289,Rogue-ET,26.407362059230742,157.42472593313266,14.026689677740755,70.32517928133726,2026-09-19 23:58:39,1,Healthy
1290,Aristo-500ix,24.627410925599442,238.72703596998366,15.065512316365286,70.65104498521386,2026-09-19 23:58:39,1,Healthy
1291,Warrior-500i,37.858344193596295,248.95677660428936,13.91272762438713,61.56725484809478,2026-09-20 00:03:39,1,Healthy
1292,Rogue-ET,29.525020255145854,216.66619389845732,10.562714169151818,70.02865188876554,2026-09-20 00:03:39,1,Healthy
1293,Aristo-500ix,29.7550780059534,273.02629320347353,14.7139494047947,55.621037760543814,2026-09-20 00:03:39,1,Healthy
1294,Warrior-500i,37.720064302382255,212.79300225739667,14.060380375521513,64.91872768868129,2026-09-20 00:08:39,1,Healthy
1295,Rogue-ET,31.5430401983226,269.14578175380274,13.701652345648162,70.29037606175089,2026-09-20 00:08:39,1,Healthy
1296,Aristo-500ix,28.629735305808424,222.93540513288502,11.306744720699076,58.327570145151114,2026-09-20 00:08:39,1,Healthy
1297,Warrior-500i,32.149883456961696,190.41457062273648,15.326007293797119,70.54079605520936,2026-09-20 00:13:39,1,Healthy
1298,Rogue-ET,26.507164657647113,180.9841247775828,13.006021166724901,67.5562035558378,2026-09-20 00:13:39,1,Healthy
1299,Aristo-500ix,23.197829577972072,216.3440162302703,12.20459580767816,53.11339983824334,2026-09-20 00:13:39,1,Healthy
1300,Warrior-500i,24.429455533160592,163.2681453109979,14.355059890220147,54.876938009896236,2026-09-20 00:18:39,1,Healthy
1301,Rogue-ET,34.467627153796585,217.36481649886036,16.462779160236913,49.99118805049798,2026-09-20 00:18:39,1,Healthy
1302,Aristo-500ix,26.792625841541458,211.40569884892557,14.33876874482479,59.79253630098181,2026-09-20 00:18:39,1,Healthy
1303,Warrior-500i,28.96231947639861,172.7537915337229,11.372213510471466,49.641019038530445,2026-09-20 00:23:39,1,Healthy
1304,Rogue-ET,27.30733344468356,165.44410386996643,10.427009898702742,61.974661961361335,2026-09-20 00:23:39,1,Healthy
1305,Aristo-500ix,27.75750310612894,245.74737337107774,12.689005370028429,65.63979576549426,2026-09-20 00:23:39,1,Healthy
1306,Warrior-500i,26.017290520280447,226.271007916339,15.678540327210339,66.86731967078948,2026-09-20 00:28:39,1,Healthy
1307,Rogue-ET,33.67924070251894,284.0639554562118,12.82154950391193,54.04094445090308,2026-09-20 00:28:39,1,Healthy
1308,Aristo-500ix,30.597380510423513,157.96648067260628,13.874339410517546,59.80509509380542,2026-09-20 00:28:39,1,Healthy
1309,Warrior-500i,28.68330591967122,155.1884076597727,11.25754029941887,58.1671633079327,2026-09-20 00:33:39,1,Healthy
1310,Rogue-ET,36.34456878265319,291.76039278252176,17.013999366203446,56.427628839017636,2026-09-20 00:33:39,1,Healthy
1311,Aristo-500ix,27.618726446110696,232.09543069348786,16.89112532687767,70.09418201736088,2026-09-20 00:33:39,1,Healthy
1312,Warrior-500i,34.11963594238918,297.7848360932443,17.73610389288993,53.70607002122263,2026-09-20 00:38:39,1,Healthy
1313,Rogue-ET,30.759116042094092,165.80349021473924,13.028701335171714,57.46095444911714,2026-09-20 00:38:39,1,Healthy
1314,Aristo-500ix,32.23437034610714,293.0452773925082,14.826015355922891,48.8664760748368,2026-09-20 00:38:39,1,Healthy
1315,Warrior-500i,32.505726013452325,153.23751867023282,11.457375136764014,74.97048978363044,2026-09-20 00:43:39,1,Healthy
1316,Rogue-ET,33.30980734222882,265.2782379423776,15.058788985616923,54.88152662332982,2026-09-20 00:43:39,1,Healthy
1317,Aristo-500ix,23.222880125887784,192.38098247963674,12.068664516629791,61.25893823709451,2026-09-20 00:43:39,1,Healthy
1318,Warrior-500i,37.615838258432156,169.8274845064883,17.174253885222054,55.465596942601344,2026-09-20 00:48:39,1,Healthy
1319,Rogue-ET,26.04756046932291,204.313619918799,10.456608492963191,57.50643003335121,2026-09-20 00:48:39,1,Healthy
1320,Aristo-500ix,32.85123558056488,225.9959084588337,11.716153536496442,67.07967047738043,2026-09-20 00:48:39,1,Healthy
1321,Warrior-500i,22.790902380505297,224.8374131419762,16.191204165004606,65.34330541152696,2026-09-20 00:53:39,1,Healthy
1322,Rogue-ET,24.746299148898167,190.91008674960412,12.79305708082984,67.15660365068403,2026-09-20 00:53:39,1,Healthy
1323,Aristo-500ix,30.34828805797946,191.32834667506637,12.632898015754133,61.794208841404966,2026-09-20 00:53:39,1,Healthy
1324,Warrior-500i,24.156483215738675,200.52907098113383,10.130739745104162,73.78253552807713,2026-09-20 00:58:39,1,Healthy
1325,Rogue-ET,22.84027281508356,190.75370552928865,14.423014414563834,60.14288699219633,2026-09-20 00:58:39,1,Healthy
1326,Aristo-500ix,30.2457609479822,207.38081577056687,15.651447996392356,72.34096666682801,2026-09-20 00:58:39,1,Healthy
1327,Warrior-500i,37.72985712798912,182.50680131843663,14.616057537084451,49.446290699157196,2026-09-20 01:03:39,1,Healthy
1328,Rogue-ET,22.40215297433711,254.58369571301867,16.481184893995707,58.39529136948462,2026-09-20 01:03:39,1,Healthy
1329,Aristo-500ix,22.423416181975227,176.8083520237435,16.160001840640646,59.83508692428956,2026-09-20 01:03:39,1,Healthy
1330,Warrior-500i,27.66780905705095,196.23061374051727,15.173257414281426,61.07345463613823,2026-09-20 01:08:39,1,Healthy
1331,Rogue-ET,23.47043542982977,232.60068450447795,14.996765863109637,46.98329013022521,2026-09-20 01:08:39,1,Healthy
1332,Aristo-500ix,28.864707090718223,200.52408183677903,17.312631514101824,50.4522998212569,2026-09-20 01:08:39,1,Healthy
1333,Warrior-500i,28.508434767117006,207.40908750807222,10.137040413888549,58.327332859855034,2026-09-20 01:13:39,1,Healthy
1334,Rogue-ET,29.58128969579093,201.91986061144078,13.887977954561663,74.9768719609589,2026-09-20 01:13:39,1,Healthy
1335,Aristo-500ix,31.232242859772853,192.173174730003,15.697487285980046,65.5247327857903,2026-09-20 01:13:39,1,Healthy
1336,Warrior-500i,36.92228001613395,267.599141732645,17.60053956405914,66.30035661936668,2026-09-20 01:18:39,1,Healthy
1337,Rogue-ET,35.31720368400818,264.4285444995794,15.165398325063133,52.349703134323875,2026-09-20 01:18:39,1,Healthy
1338,Aristo-500ix,35.27585744585859,256.3296750030678,12.610869210077627,59.089251027313864,2026-09-20 01:18:39,1,Healthy
1339,Warrior-500i,26.665143711659518,256.7569866659596,13.70144617156933,56.57274074804779,2026-09-20 01:23:39,1,Healthy
1340,Rogue-ET,32.698136775935865,282.25741205378256,13.74896502715698,65.77033256764497,2026-09-20 01:23:39,1,Healthy
1341,Aristo-500ix,23.633550461434176,254.74618144680443,15.85686258893679,49.162977942466156,2026-09-20 01:23:39,1,Healthy
1342,Warrior-500i,37.77506556240337,298.4544944307113,11.191351605056427,69.7271611169217,2026-09-20 01:28:39,1,Healthy
1343,Rogue-ET,32.4806568122236,271.2872868956507,17.86754227019492,54.33367629398764,2026-09-20 01:28:39,1,Healthy
1344,Aristo-500ix,37.215289439069146,273.7684939924802,17.81329310359392,62.354221383394744,2026-09-20 01:28:39,1,Healthy
1345,Warrior-500i,33.29245959320325,248.6478608140275,15.626728166113176,73.86913325570694,2026-09-20 01:33:39,1,Healthy
1346,Rogue-ET,22.44659709790095,230.53658730274793,11.699452491967914,62.83703213188846,2026-09-20 01:33:39,1,Healthy
1347,Aristo-500ix,33.868986208463326,269.81965809702353,16.443834187696094,65.65620541452901,2026-09-20 01:33:39,1,Healthy
1348,Warrior-500i,24.766958721404556,161.79170471625267,11.522222101834384,70.85146214683866,2026-09-20 01:38:39,1,Healthy
1349,Rogue-ET,35.40120155428109,250.91275278652452,10.54487913050454,72.90657420282696,2026-09-20 01:38:39,1,Healthy
1350,Aristo-500ix,26.02503227201973,206.30954169037955,13.502334549227305,49.4784580211939,2026-09-20 01:38:39,1,Healthy
1351,Warrior-500i,37.413594401268554,196.6291202646084,12.776079393438643,62.66236127479172,2026-09-20 01:43:39,1,Healthy
1352,Rogue-ET,33.75282644470674,242.5117536648313,12.76936630737542,68.57691001484503,2026-09-20 01:43:39,1,Healthy
1353,Aristo-500ix,25.07970432402278,212.72421510869327,12.941317001751305,49.01505947357367,2026-09-20 01:43:39,1,Healthy
1354,Warrior-500i,23.673660609699994,235.8664592431616,10.156944811321946,48.93171234922901,2026-09-20 01:48:39,1,Healthy
1355,Rogue-ET,32.28929131884201,181.10159209693822,16.18782621875529,46.448245671617,2026-09-20 01:48:39,1,Healthy
1356,Aristo-500ix,24.71729990605042,245.29343447364147,12.387263837911227,57.12426322823849,2026-09-20 01:48:39,1,Healthy
1357,Warrior-500i,29.31586832279519,297.6946736302208,10.892990763678927,71.44943104243113,2026-09-20 01:53:39,1,Healthy
1358,Rogue-ET,32.27417533259679,178.48755932699592,12.401029950385126,66.44072101230671,2026-09-20 01:53:39,1,Healthy
1359,Aristo-500ix,28.781024640458284,262.42723657494986,12.16200457231471,73.59800347368396,2026-09-20 01:53:39,1,Healthy
1360,Warrior-500i,34.82679682657088,282.5848773093064,13.616846000522894,70.63357150015544,2026-09-20 01:58:39,1,Healthy
1361,Rogue-ET,28.054486486170322,203.66372783468165,10.497155900554972,72.38179196592662,2026-09-20 01:58:39,1,Healthy
1362,Aristo-500ix,34.599888767261234,182.61068940882413,15.015505265730006,59.85209836651163,2026-09-20 01:58:39,1,Healthy
1363,Warrior-500i,28.893454933041497,295.5047244658583,16.135499335599018,53.92029432182912,2026-09-20 02:03:39,1,Healthy
1364,Rogue-ET,27.914472661128094,247.06960735968616,15.567406069723292,48.37291664665514,2026-09-20 02:03:39,1,Healthy
1365,Aristo-500ix,24.850735124772335,262.3482808656082,12.55046627278535,59.5527329387962,2026-09-20 02:03:39,1,Healthy
1366,Warrior-500i,24.235095930559112,203.46172407772224,12.419055097840925,70.66727556712542,2026-09-20 02:08:39,1,Healthy
1367,Rogue-ET,33.77125897287756,178.64059926650813,15.757532356817947,52.63071249854261,2026-09-20 02:08:39,1,Healthy
1368,Aristo-500ix,34.88031408618154,172.52337075171997,10.141107365566153,67.51651740656996,2026-09-20 02:08:39,1,Healthy
1369,Warrior-500i,25.821644444000775,267.7274366179796,14.92042882672023,74.2364045392339,2026-09-20 02:13:39,1,Healthy
1370,Rogue-ET,29.72783954846666,169.0978594981826,17.67282549853399,66.16569310998096,2026-09-20 02:13:39,1,Healthy
1371,Aristo-500ix,25.16187580558536,230.90089560685618,15.752589782442548,59.667740136937084,2026-09-20 02:13:39,1,Healthy
1372,Warrior-500i,30.17492254204415,200.01319268840876,12.615429799300413,57.40321301430901,2026-09-20 02:18:39,1,Healthy
1373,Rogue-ET,35.117957089530854,175.48242902369532,13.411987586810776,71.0185982033077,2026-09-20 02:18:39,1,Healthy
1374,Aristo-500ix,37.80423695160756,231.28898283280483,17.296588221759684,68.22769902144657,2026-09-20 02:18:39,1,Healthy
1375,Warrior-500i,27.034586613435696,225.85433519181237,11.890149203922581,47.57978733424235,2026-09-20 02:23:39,1,Healthy
1376,Rogue-ET,24.263102160885925,219.27540783815118,14.336909468344954,46.171703307888166,2026-09-20 02:23:39,1,Healthy
1377,Aristo-500ix,25.683033443146517,270.26269964507037,13.38496553980183,71.25470225236728,2026-09-20 02:23:39,1,Healthy
1378,Warrior-500i,37.88401378134909,265.25452094964174,12.364070669403933,48.472128291027175,2026-09-20 02:28:39,1,Healthy
1379,Rogue-ET,29.873062316631767,218.24893609349226,15.976939184773904,50.64820075675276,2026-09-20 02:28:39,1,Healthy
1380,Aristo-500ix,27.699192364296017,154.98892250502576,14.528981702286448,56.85627633515626,2026-09-20 02:28:39,1,Healthy
1381,Warrior-500i,26.165924934361982,246.82274217830306,15.046479993106546,63.81530455946838,2026-09-20 02:33:39,1,Healthy
1382,Rogue-ET,33.113581731367056,177.05139347650112,12.765593593093234,65.3418326663416,2026-09-20 02:33:39,1,Healthy
1383,Aristo-500ix,30.445479159562424,268.9619682299342,16.63367116463407,69.88522574299326,2026-09-20 02:33:39,1,Healthy
1384,Warrior-500i,24.323289126628406,184.46028696903733,11.804722311802788,53.51149035005886,2026-09-20 02:38:39,1,Healthy
1385,Rogue-ET,31.86485737223969,280.05611531785735,10.992391889389523,60.39495961779557,2026-09-20 02:38:39,1,Healthy
1386,Aristo-500ix,26.839330887253166,279.47797041898014,11.891496759267797,57.32929630099575,2026-09-20 02:38:39,1,Healthy
1387,Warrior-500i,27.180486413322345,161.35162342589024,15.759766502916415,54.92701217525795,2026-09-20 02:43:39,1,Healthy
1388,Rogue-ET,25.046111505040173,219.834550402993,10.14141541720769,49.05044464648603,2026-09-20 02:43:39,1,Healthy
1389,Aristo-500ix,34.732654691744386,215.94481620866918,16.443066252397827,69.01177021039688,2026-09-20 02:43:39,1,Healthy
1390,Warrior-500i,37.453671431275964,275.9842684926883,16.232761799201263,49.89522814760827,2026-09-20 02:48:39,1,Healthy
1391,Rogue-ET,34.502690220189045,263.18914071279033,14.93703760043232,68.09181959035338,2026-09-20 02:48:39,1,Healthy
1392,Aristo-500ix,29.416769125887704,194.55647132624017,14.808258370850744,51.28515015507911,2026-09-20 02:48:39,1,Healthy
1393,Warrior-500i,34.2988715343188,172.57071902640845,14.58514913014456,45.16872005352754,2026-09-20 02:53:39,1,Healthy
1394,Rogue-ET,36.61841764353686,271.16607394319095,16.37942166688473,60.24853251557527,2026-09-20 02:53:39,1,Healthy
1395,Aristo-500ix,27.77071884643481,294.6145108905504,12.611165719832611,64.98951300846957,2026-09-20 02:53:39,1,Healthy
1396,Warrior-500i,26.30536767183047,289.84723131802093,12.701178980956165,45.534792463114655,2026-09-20 02:58:39,1,Healthy
1397,Rogue-ET,28.568912643697264,175.68619013217932,12.371907126519233,73.8746631126672,2026-09-20 02:58:39,1,Healthy
1398,Aristo-500ix,32.47326499641112,292.93373105192813,16.147308157742827,49.562519673620805,2026-09-20 02:58:39,1,Healthy
1399,Warrior-500i,32.199118339540696,273.88591437003447,15.377885271634026,52.808644892845614,2026-09-20 03:03:39,1,Healthy
1400,Rogue-ET,35.444819026648624,233.3935360202351,17.520790407162725,63.96987743489379,2026-09-20 03:03:39,1,Healthy
1401,Aristo-500ix,37.7189053141616,285.7535533469943,15.472778559035586,55.821769205030776,2026-09-20 03:03:39,1,Healthy
1402,Warrior-500i,24.485526234882975,262.07295069057795,12.157983831600024,50.12093090067525,2026-09-20 03:08:39,1,Healthy
1403,Rogue-ET,31.645386567102555,169.82922320366765,15.290745767739615,63.26243817783697,2026-09-20 03:08:39,1,Healthy
1404,Aristo-500ix,32.646709764621924,257.80492205180195,10.984584098771165,64.09313205230306,2026-09-20 03:08:39,1,Healthy
1405,Warrior-500i,23.290376144921243,284.1596543210537,12.421360411019084,59.8220210160416,2026-09-20 03:13:39,1,Healthy
1406,Rogue-ET,33.08042492636717,264.1972516687898,12.563794874715093,53.938242942667216,2026-09-20 03:13:39,1,Healthy
1407,Aristo-500ix,28.275608340484865,209.47447338003315,12.24466634089703,62.66156248319071,2026-09-20 03:13:39,1,Healthy
1408,Warrior-500i,29.933306095913863,218.6727068222586,14.938223613481291,63.36875893057534,2026-09-20 03:18:39,1,Healthy
1409,Rogue-ET,31.01591228969039,213.28055218965247,16.310062213442425,45.256372153143715,2026-09-20 03:18:39,1,Healthy
1410,Aristo-500ix,34.20834422792203,263.1206820122351,11.484572344150854,60.71323873796719,2026-09-20 03:18:39,1,Healthy
1411,Warrior-500i,34.781618574299124,213.9249138450495,11.384256949108517,70.39615606029932,2026-09-20 03:23:39,1,Healthy
1412,Rogue-ET,24.541777349934815,229.99410226553303,14.58030132871746,49.22906879608552,2026-09-20 03:23:39,1,Healthy
1413,Aristo-500ix,31.72941816164805,252.31143837541867,11.42366691184877,46.17731840794113,2026-09-20 03:23:39,1,Healthy
1414,Warrior-500i,35.366044482301234,261.8454505132057,14.445626690672743,70.64388187249219,2026-09-20 03:28:39,1,Healthy
1415,Rogue-ET,36.899639274270854,275.25422827911507,11.417865809790412,47.35137822349841,2026-09-20 03:28:39,1,Healthy
1416,Aristo-500ix,24.025642952609992,193.45337299911026,10.014359614808338,52.10325901665986,2026-09-20 03:28:39,1,Healthy
1417,Warrior-500i,32.78647262341555,242.6343044569509,15.954037782673772,58.589905805053974,2026-09-20 03:33:39,1,Healthy
1418,Rogue-ET,32.5335298701666,236.66107823931105,10.243132342451897,55.34762020561901,2026-09-20 03:33:39,1,Healthy
1419,Aristo-500ix,30.869897385016593,192.15488860724827,16.207559616306796,69.8983074074045,2026-09-20 03:33:39,1,Healthy
1420,Warrior-500i,27.4795335645627,254.3457783646249,16.518309174292597,54.41665985760488,2026-09-20 03:38:39,1,Healthy
1421,Rogue-ET,29.266132697206018,203.6054079914029,12.590697329725804,63.98172412259408,2026-09-20 03:38:39,1,Healthy
1422,Aristo-500ix,30.573752419425624,297.6533428519317,12.636326107367044,61.3885793590985,2026-09-20 03:38:39,1,Healthy
1423,Warrior-500i,23.286985054545,299.9997128908509,11.342717427034506,45.42288950907901,2026-09-20 03:43:39,-1,Action Required
1424,Rogue-ET,22.069394525461746,279.6367129003268,17.541113852363456,61.62802485604931,2026-09-20 03:43:39,1,Healthy
1425,Aristo-500ix,35.73014567551155,278.1621941208124,17.2061462829359,68.1990456073903,2026-09-20 03:43:39,1,Healthy
1426,Warrior-500i,28.05118737295481,207.11518296288685,15.047810137654055,45.53360980798458,2026-09-20 03:48:39,1,Healthy
1427,Rogue-ET,29.77632951060312,230.32996121177575,12.923178053506707,73.79835373352284,2026-09-20 03:48:39,1,Healthy
1428,Aristo-500ix,23.566499621753557,228.08745426898457,17.856774200903367,51.99650867341549,2026-09-20 03:48:39,1,Healthy
1429,Warrior-500i,22.181024118225785,228.11320228225145,11.084901236540858,63.12071455305177,2026-09-20 03:53:39,1,Healthy
1430,Rogue-ET,27.872320006118965,158.08321936675037,12.623781900099228,64.48228303698708,2026-09-20 03:53:39,1,Healthy
1431,Aristo-500ix,23.81860332541938,196.0910459562071,16.421673815936632,66.99866155516372,2026-09-20 03:53:39,1,Healthy
1432,Warrior-500i,26.40905289281909,288.91648966436173,14.334325959439422,49.12511441422166,2026-09-20 03:58:39,1,Healthy
1433,Rogue-ET,33.40481951318384,297.7316960931706,12.976177762511595,65.76656771775924,2026-09-20 03:58:39,1,Healthy
1434,Aristo-500ix,35.64301861650122,221.07410474014318,16.19152460103999,63.48703458743418,2026-09-20 03:58:39,1,Healthy
1435,Warrior-500i,28.961687179673923,293.1882840863393,14.751903526911883,47.80700250009966,2026-09-20 04:03:39,1,Healthy
1436,Rogue-ET,25.826889563051992,270.2459693146346,14.042037868995923,48.13925789668259,2026-09-20 04:03:39,1,Healthy
1437,Aristo-500ix,35.74255605078865,265.5959948844589,15.367471873646906,66.32846571851357,2026-09-20 04:03:39,1,Healthy
1438,Warrior-500i,35.474078909119584,166.43466000598897,11.672212515232225,66.75074209677177,2026-09-20 04:08:39,1,Healthy
1439,Rogue-ET,33.01439258498586,197.27775800169474,13.409377590566393,60.52717574755529,2026-09-20 04:08:39,1,Healthy
1440,Aristo-500ix,36.648451815248904,151.1169020173227,17.93448372496595,49.436777869626034,2026-09-20 04:08:39,-1,Action Required
1441,Warrior-500i,37.553238851128974,186.40496545120686,13.219209799114285,64.40523337267575,2026-09-20 04:13:39,1,Healthy
1442,Rogue-ET,30.316011317619697,174.29245078192886,17.564103932220775,62.176302761637025,2026-09-20 04:13:39,1,Healthy
1443,Aristo-500ix,22.012605300730385,176.9235933063796,12.395160649294017,61.79009290212469,2026-09-20 04:13:39,1,Healthy
1444,Warrior-500i,29.15384899250294,178.53406330820894,13.811968366240514,59.66339340556168,2026-09-20 04:18:39,1,Healthy
1445,Rogue-ET,32.44597506772158,253.86539141238086,17.683357058568458,59.66845550983429,2026-09-20 04:18:39,1,Healthy
1446,Aristo-500ix,33.23542547917123,288.99745387940214,12.982275241396094,73.29771426268285,2026-09-20 04:18:39,1,Healthy
1447,Warrior-500i,37.12149794666104,298.53247393538953,13.856807216763734,60.280407170311925,2026-09-20 04:23:39,1,Healthy
1448,Rogue-ET,23.137950189088322,233.55801137327535,11.65332356158995,45.78558884165172,2026-09-20 04:23:39,1,Healthy
1449,Aristo-500ix,30.288932084333034,290.7913402297687,14.43716105027653,49.5223674436042,2026-09-20 04:23:39,1,Healthy
1450,Warrior-500i,34.0688122411919,257.3712743601561,13.69590280759107,61.232350481209444,2026-09-20 04:28:39,1,Healthy
1451,Rogue-ET,30.907747282929005,237.74476998896955,15.43408802901331,45.739863145910384,2026-09-20 04:28:39,1,Healthy
1452,Aristo-500ix,26.930668540028186,194.9216256660846,15.965354452277406,68.43021562782765,2026-09-20 04:28:39,1,Healthy
1453,Warrior-500i,29.98584455856389,153.3158809352823,12.934014475291539,69.88986226739496,2026-09-20 04:33:39,1,Healthy
1454,Rogue-ET,31.47377308558016,224.84810094149864,10.404412477162158,48.09780455597246,2026-09-20 04:33:39,1,Healthy
1455,Aristo-500ix,30.28313743042665,272.4506281571353,15.500853280177681,70.76970302285858,2026-09-20 04:33:39,1,Healthy
1456,Warrior-500i,22.227386105626817,271.0660373294939,16.05865030574667,60.4047576384784,2026-09-20 04:38:39,1,Healthy
1457,Rogue-ET,36.97806666791512,277.130388767665,13.759659749756402,67.75681045602593,2026-09-20 04:38:39,1,Healthy
1458,Aristo-500ix,29.675518289872265,260.1782074554584,12.647971897333306,65.20361687308915,2026-09-20 04:38:39,1,Healthy
1459,Warrior-500i,36.2128863203496,263.29144833708625,13.673867985519696,57.855265064019285,2026-09-20 04:43:39,1,Healthy
1460,Rogue-ET,33.37936337185657,169.97205069685063,13.988124768841967,72.05832216749204,2026-09-20 04:43:39,1,Healthy
1461,Aristo-500ix,28.926632182991327,183.98657802163342,16.51936145482263,53.296524610525005,2026-09-20 04:43:39,1,Healthy
1462,Warrior-500i,34.97195518702189,254.42700534182242,16.18990258167086,45.74149192034408,2026-09-20 04:48:39,1,Healthy
1463,Rogue-ET,30.626242767546348,262.2624950647795,12.065910769375535,73.70267604180306,2026-09-20 04:48:39,1,Healthy
1464,Aristo-500ix,31.203703083248904,219.66451216088842,12.64968214050754,53.11828981153277,2026-09-20 04:48:39,1,Healthy
1465,Warrior-500i,25.728363134568156,286.9452686434388,15.13591771574223,59.858094669948464,2026-09-20 04:53:39,1,Healthy
1466,Rogue-ET,29.30307108301624,204.3138132301591,12.815371621464969,57.64529359768899,2026-09-20 04:53:39,1,Healthy
1467,Aristo-500ix,36.70980968261054,163.5368476433669,12.255579625705929,69.92480337247031,2026-09-20 04:53:39,1,Healthy
1468,Warrior-500i,27.72186276966906,153.16167581507577,17.62646902368203,61.603429698748045,2026-09-20 04:58:39,1,Healthy
1469,Rogue-ET,37.24678544690214,209.8495404190266,16.46455988890464,49.91532858033665,2026-09-20 04:58:39,1,Healthy
1470,Aristo-500ix,33.46021130413203,170.3356625923668,10.777148631120504,63.29249100943557,2026-09-20 04:58:39,1,Healthy
1471,Warrior-500i,28.030085545692067,157.2483845806096,10.620993365590135,54.48438756076964,2026-09-20 05:03:39,1,Healthy
1472,Rogue-ET,32.00881312142417,282.6260820980846,17.630905455086285,74.17237867396234,2026-09-20 05:03:39,1,Healthy
1473,Aristo-500ix,22.674071406463987,282.9036809965123,17.649380455058385,72.00664672844019,2026-09-20 05:03:39,1,Healthy
1474,Warrior-500i,36.93918880506659,217.90820794972834,10.589426447065529,72.15483531944602,2026-09-20 05:08:39,1,Healthy
1475,Rogue-ET,32.749933894983684,256.23204305472,16.004938370592853,63.53928827725669,2026-09-20 05:08:39,1,Healthy
1476,Aristo-500ix,27.270769097192044,199.19040502490776,15.176436312032267,61.756174258340764,2026-09-20 05:08:39,1,Healthy
1477,Warrior-500i,28.00079736599696,224.79069541866994,11.975947046482627,66.06153032140014,2026-09-20 05:13:39,1,Healthy
1478,Rogue-ET,28.819554850364543,213.54677700221913,16.176674339944796,49.448444891853114,2026-09-20 05:13:39,1,Healthy
1479,Aristo-500ix,27.863624576199342,298.49126412164856,17.743075323982428,59.21665583027812,2026-09-20 05:13:39,1,Healthy
1480,Warrior-500i,29.86350069001484,215.6285270672117,17.45592246424006,58.25158972698589,2026-09-20 05:18:39,1,Healthy
1481,Rogue-ET,23.118451438243188,235.01156104329363,12.63932479060654,58.73368645278515,2026-09-20 05:18:39,1,Healthy
1482,Aristo-500ix,34.17717070461792,244.79921898635274,13.830248820071603,54.42476834958963,2026-09-20 05:18:39,1,Healthy
1483,Warrior-500i,22.111648734085755,197.05635737763652,13.872398457781483,73.79708017844875,2026-09-20 05:23:39,1,Healthy
1484,Rogue-ET,34.15411073172786,269.910390815896,15.366359697471768,59.17497428462132,2026-09-20 05:23:39,1,Healthy
1485,Aristo-500ix,22.43728756091939,193.08927110995606,14.93411898280635,48.613875435023445,2026-09-20 05:23:39,1,Healthy
1486,Warrior-500i,37.68961352951493,244.0583058053645,13.751648338486547,69.27191671067358,2026-09-20 05:28:39,1,Healthy
1487,Rogue-ET,30.88471506533097,152.31670987403643,10.477599689521067,62.122527309642834,2026-09-20 05:28:39,1,Healthy
1488,Aristo-500ix,30.792236868237985,298.55648751249163,15.908157638017368,46.51054462437321,2026-09-20 05:28:39,1,Healthy
1489,Warrior-500i,25.435236082996298,268.9909980501681,13.130461727748372,68.75694116673577,2026-09-20 05:33:39,1,Healthy
1490,Rogue-ET,32.405670756641825,271.5216767289728,16.394287696038003,63.58899830758486,2026-09-20 05:33:39,1,Healthy
1491,Aristo-500ix,25.60234519815444,222.29173248755586,10.292460840905514,53.64058348567987,2026-09-20 05:33:39,1,Healthy
1492,Warrior-500i,37.051217526939695,176.4074981562442,10.824143033901963,52.60855968637685,2026-09-20 05:38:39,1,Healthy
1493,Rogue-ET,35.43954851720107,196.05287985446483,17.582440194686143,72.74605196638603,2026-09-20 05:38:39,1,Healthy
1494,Aristo-500ix,35.90220422820869,209.22712555814712,11.542916654294237,63.2088421919961,2026-09-20 05:38:39,1,Healthy
1495,Warrior-500i,36.57440128113097,199.49024812164632,11.286297224223997,53.53417199007529,2026-09-20 05:43:39,1,Healthy
1496,Rogue-ET,27.34832578709954,262.1586019281018,12.57056976226891,72.06600788137506,2026-09-20 05:43:39,1,Healthy
1497,Aristo-500ix,36.16346387603878,220.35360876522435,12.326575855256461,52.26769812663747,2026-09-20 05:43:39,1,Healthy
1498,Warrior-500i,37.079416925161496,255.7412672642089,12.515411757901497,71.62376467412636,2026-09-20 05:48:39,1,Healthy
1499,Rogue-ET,33.24297599011467,273.4749775310803,12.762503849471885,56.4288955812885,2026-09-20 05:48:39,1,Healthy
1500,Aristo-500ix,37.328917980737025,274.96096665866077,10.705154003572527,72.4900794852405,2026-09-20 05:48:39,1,Healthy
1501,Warrior-500i,30.269321823572874,222.4700985825998,10.252690303646496,51.43501725570822,2026-09-20 05:53:39,1,Healthy
1502,Rogue-ET,23.960558087815937,152.20152747215005,17.891561526469893,66.20432887559406,2026-09-20 05:53:39,-1,Action Required
1503,Aristo-500ix,25.583320983365063,152.6984701240545,12.169003454047619,65.40090972559213,2026-09-20 05:53:39,1,Healthy
1504,Warrior-500i,28.245567451836557,236.80356975325267,10.231046588882936,70.10027064518741,2026-09-20 05:58:39,1,Healthy
1505,Rogue-ET,24.85467520070946,238.57448104467102,15.830444212706185,54.79611874541516,2026-09-20 05:58:39,1,Healthy
1506,Aristo-500ix,37.249185336075534,287.8020404801851,17.820063564583855,59.75094847551687,2026-09-20 05:58:39,1,Healthy
1507,Warrior-500i,24.79753361792235,256.45415055511893,14.023351819863482,70.87990245085392,2026-09-20 06:03:39,1,Healthy
1508,Rogue-ET,37.69319049839269,221.0777228380776,17.17877229309195,73.03182164079595,2026-09-20 06:03:39,1,Healthy
1509,Aristo-500ix,31.599025455375187,221.86555090467527,16.665866192331237,61.57251158107094,2026-09-20 06:03:39,1,Healthy
1510,Warrior-500i,32.27452131014818,251.76652872089787,14.561408658032242,46.15381216063078,2026-09-20 06:08:39,1,Healthy
1511,Rogue-ET,24.296006821896867,180.91414018897024,16.558567945575028,55.534426407790136,2026-09-20 06:08:39,1,Healthy
1512,Aristo-500ix,36.30498182571256,215.72881742835762,11.54484164293223,67.242085606404,2026-09-20 06:08:39,1,Healthy
1513,Warrior-500i,28.94861053605387,197.61044328899612,17.83826902620711,64.51409415929388,2026-09-20 06:13:39,1,Healthy
1514,Rogue-ET,24.04447743778106,256.68030573863,14.772244842763593,62.94323833003392,2026-09-20 06:13:39,1,Healthy
1515,Aristo-500ix,32.88264388373223,162.593541268059,16.296568869751457,53.32621793821067,2026-09-20 06:13:39,1,Healthy
1516,Warrior-500i,37.24244213871958,157.00670687145202,11.869207770602003,71.09761705541403,2026-09-20 06:18:39,1,Healthy
1517,Rogue-ET,32.98628578014962,204.33499390057239,15.492861761679167,45.90894978421406,2026-09-20 06:18:39,1,Healthy
1518,Aristo-500ix,30.50628094746985,281.4097905764928,12.384366912716253,52.3178883884481,2026-09-20 06:18:39,1,Healthy
1519,Warrior-500i,23.251052558377992,186.62812888618208,10.309864762911097,59.39956291347081,2026-09-20 06:23:39,1,Healthy
1520,Rogue-ET,28.96412675808031,233.98367985262047,13.247131728465801,66.13272873085911,2026-09-20 06:23:39,1,Healthy
1521,Aristo-500ix,34.89072570783557,245.8741853719386,15.015532463744325,58.78937265450366,2026-09-20 06:23:39,1,Healthy
1522,Warrior-500i,33.40856383723367,150.4273212433076,11.585515081480699,64.15217164729042,2026-09-20 06:28:39,1,Healthy
1523,Rogue-ET,37.71921296755339,154.3102391030373,15.627607051318654,46.5486926933608,2026-09-20 06:28:39,-1,Action Required
1524,Aristo-500ix,29.54502132743631,263.34496322553366,11.324391447292829,61.07806104419889,2026-09-20 06:28:39,1,Healthy
1525,Warrior-500i,35.24325081430474,166.6841378325953,11.394456241608031,52.02707759521189,2026-09-20 06:33:39,1,Healthy
1526,Rogue-ET,22.15564117741797,179.35106984006003,10.860643719504829,69.37342140423561,2026-09-20 06:33:39,1,Healthy
1527,Aristo-500ix,37.11564885583001,225.99017537770075,13.131948189373075,55.282043560198346,2026-09-20 06:33:39,1,Healthy
1528,Warrior-500i,23.36250156588282,233.8139958367383,15.829232870075984,63.94117162473279,2026-09-20 06:38:39,1,Healthy
1529,Rogue-ET,36.354408836204406,195.01997451558623,15.142499291323206,53.325438563065035,2026-09-20 06:38:39,1,Healthy
1530,Aristo-500ix,25.83014358958956,248.11446535717948,15.469430309373344,72.83618069492117,2026-09-20 06:38:39,1,Healthy
1531,Warrior-500i,26.31488216461764,201.75946017587285,15.596265157725895,46.568171135015426,2026-09-20 06:43:39,1,Healthy
1532,Rogue-ET,32.86293328848309,260.2176385305411,14.365727197807193,52.27885164480211,2026-09-20 06:43:39,1,Healthy
1533,Aristo-500ix,26.519445492973674,244.6751186979865,13.521640158170527,54.593083603395435,2026-09-20 06:43:39,1,Healthy
1534,Warrior-500i,32.922521552679875,235.72091259374804,15.391874344799731,52.19875130879641,2026-09-20 06:48:39,1,Healthy
1535,Rogue-ET,22.735603046215076,295.6169530326109,10.4325455175049,55.2745469256806,2026-09-20 06:48:39,1,Healthy
1536,Aristo-500ix,22.163881828220372,240.36382171503107,15.461291574167968,51.493529927131846,2026-09-20 06:48:39,1,Healthy
1537,Warrior-500i,25.641518864797252,265.2473955484071,11.324182160218852,46.48573001042411,2026-09-20 06:53:39,1,Healthy
1538,Rogue-ET,28.16552927331596,192.08823041122048,12.74798456118341,51.724994780289336,2026-09-20 06:53:39,1,Healthy
1539,Aristo-500ix,32.786859403298486,243.51958033538023,12.122169312012367,49.83791681435335,2026-09-20 06:53:39,1,Healthy
1540,Warrior-500i,22.46516639774488,208.25488572920807,10.775172550180997,72.15139443915879,2026-09-20 06:58:39,1,Healthy
1541,Rogue-ET,26.711677483409748,162.3931765105625,11.185130429774922,64.68309460879534,2026-09-20 06:58:39,1,Healthy
1542,Aristo-500ix,22.248687726695245,257.0801967989727,17.611903679660323,67.19866386869516,2026-09-20 06:58:39,1,Healthy
1543,Warrior-500i,25.07104475498815,167.64763959004654,13.36997046132132,51.25686223343646,2026-09-20 07:03:39,1,Healthy
1544,Rogue-ET,31.77271387870534,198.403203435462,13.574524514387495,65.71238782519015,2026-09-20 07:03:39,1,Healthy
1545,Aristo-500ix,36.79672981887286,174.34645192286175,14.42759138855267,68.97266097175144,2026-09-20 07:03:39,1,Healthy
1546,Warrior-500i,33.66025764049142,240.2806953843347,17.619890963484877,56.995713775605836,2026-09-20 07:08:39,1,Healthy
1547,Rogue-ET,32.70658149827719,150.38378445434338,10.395295017920024,72.21043811704827,2026-09-20 07:08:39,1,Healthy
1548,Aristo-500ix,22.96245184327846,229.56842385320536,14.603527285142132,73.22048252541123,2026-09-20 07:08:39,1,Healthy
1549,Warrior-500i,37.12975184143072,276.9673698478399,16.680595903507427,70.08872355586409,2026-09-20 07:13:39,1,Healthy
1550,Rogue-ET,31.645730914409413,208.30975286348055,13.888511645247743,49.76358492829708,2026-09-20 07:13:39,1,Healthy
1551,Aristo-500ix,30.77052232473506,182.83249141735286,15.937276977000266,46.98231664421387,2026-09-20 07:13:39,1,Healthy
1552,Warrior-500i,25.561051394595417,183.5473296244194,17.720280058589367,49.8471300748907,2026-09-20 07:18:39,1,Healthy
1553,Rogue-ET,25.895311880363707,222.80135757002995,16.87840528440508,48.886042880628644,2026-09-20 07:18:39,1,Healthy
1554,Aristo-500ix,29.491844019794982,249.73092471862552,17.130383788258456,51.38031653908741,2026-09-20 07:18:39,1,Healthy
1555,Warrior-500i,26.16327721185592,178.81789466544507,13.762803873264389,60.542002768744375,2026-09-20 07:23:39,1,Healthy
1556,Rogue-ET,36.83863520444522,266.11489677364887,13.330032311593104,65.02661214587481,2026-09-20 07:23:39,1,Healthy
1557,Aristo-500ix,35.4806963002963,238.51234296570448,13.440182551577692,47.17798556615531,2026-09-20 07:23:39,1,Healthy
1558,Warrior-500i,33.346690173325996,176.85256901223033,15.412002379568893,55.41436295482963,2026-09-20 07:28:39,1,Healthy
1559,Rogue-ET,26.68261327213989,216.45154963764384,17.305106059642306,71.22154026062952,2026-09-20 07:28:39,1,Healthy
1560,Aristo-500ix,33.7469887778918,294.5260096873951,12.577868906908737,65.2090778958531,2026-09-20 07:28:39,1,Healthy
1561,Warrior-500i,24.588001547022092,292.4742403875214,14.700527652692921,50.593290486987584,2026-09-20 07:33:39,1,Healthy
1562,Rogue-ET,24.45637728885968,268.7086398116718,12.627178025688352,55.89806709807606,2026-09-20 07:33:39,1,Healthy
1563,Aristo-500ix,25.42233626370685,190.5127723212197,10.642577428735116,47.866636793785375,2026-09-20 07:33:39,1,Healthy
1564,Warrior-500i,22.88483775679159,289.0987167854206,17.49140622230612,45.35531516597782,2026-09-20 07:38:39,-1,Action Required
1565,Rogue-ET,33.833396611313205,160.66692350331635,14.226622957073879,70.44093527010345,2026-09-20 07:38:39,1,Healthy
1566,Aristo-500ix,30.98753472885268,244.39810441246567,11.274356553021448,55.892795224528086,2026-09-20 07:38:39,1,Healthy
1567,Warrior-500i,37.43230038106829,204.68813799707968,13.960782377484549,47.33584534033978,2026-09-20 07:43:39,1,Healthy
1568,Rogue-ET,23.934080843201595,205.4536065001558,15.96482430785376,54.44957584449847,2026-09-20 07:43:39,1,Healthy
1569,Aristo-500ix,35.24903744010448,251.36847032531324,14.793727509612527,67.33920011289129,2026-09-20 07:43:39,1,Healthy
1570,Warrior-500i,36.47337066463132,178.88287429764824,10.701012898647356,52.30481689321713,2026-09-20 07:48:39,1,Healthy
1571,Rogue-ET,31.261969038467083,238.17593039269457,14.995045975619357,53.25529050539788,2026-09-20 07:48:39,1,Healthy
1572,Aristo-500ix,31.95392717126024,273.44921899265137,15.340856855745606,49.316699723922554,2026-09-20 07:48:39,1,Healthy
1573,Warrior-500i,22.025569347329572,298.24494098952283,11.13502293633556,45.77861560100402,2026-09-20 07:53:39,-1,Action Required
1574,Rogue-ET,31.685253851669735,175.2727384871289,14.047994400626294,67.97559118023649,2026-09-20 07:53:39,1,Healthy
1575,Aristo-500ix,26.190143732993548,256.04960359760975,17.804152458022372,51.62959274719245,2026-09-20 07:53:39,1,Healthy
1576,Warrior-500i,27.936792419372203,218.9627540198899,13.069002737246045,73.71477604361259,2026-09-20 07:58:39,1,Healthy
1577,Rogue-ET,26.260441069242034,173.7079223777874,14.17674440084842,53.36118402637121,2026-09-20 07:58:39,1,Healthy
1578,Aristo-500ix,30.867908706810578,267.37009498691054,10.910104678242211,54.67325325804142,2026-09-20 07:58:39,1,Healthy
1579,Warrior-500i,23.110557238678275,200.49979988763744,12.854221459934625,73.55803773219549,2026-09-20 08:03:39,1,Healthy
1580,Rogue-ET,23.310333919358005,178.49653445583488,12.281113037097743,73.8740964786269,2026-09-20 08:03:39,1,Healthy
1581,Aristo-500ix,30.937830422458394,211.50576171351315,17.853557618215454,55.43418851622293,2026-09-20 08:03:39,1,Healthy
1582,Warrior-500i,32.051533802064824,197.72957506290948,13.490356447348518,72.9171130835289,2026-09-20 08:08:39,1,Healthy
1583,Rogue-ET,22.452422189473314,218.22975975759613,12.717352760459711,65.91198380411623,2026-09-20 08:08:39,1,Healthy
1584,Aristo-500ix,27.30438491978061,269.6564039281455,17.427891258954162,57.04147770830389,2026-09-20 08:08:39,1,Healthy
1585,Warrior-500i,27.14770949506684,213.27677209869793,16.05487838610864,48.567480248632585,2026-09-20 08:13:39,1,Healthy
1586,Rogue-ET,25.99761766616949,275.6386366418492,13.061739986474684,71.17723975466582,2026-09-20 08:13:39,1,Healthy
1587,Aristo-500ix,32.47602912219617,164.2213643414671,10.220339837488424,47.701421693721386,2026-09-20 08:13:39,1,Healthy
1588,Warrior-500i,34.08533438673665,206.13788314605264,14.03601856350273,69.72991904775701,2026-09-20 08:18:39,1,Healthy
1589,Rogue-ET,29.255704697304317,154.64024086680516,17.45823584891289,61.4989431141007,2026-09-20 08:18:39,1,Healthy
1590,Aristo-500ix,36.383739885330876,198.68009509642576,10.029951088358931,71.94313586697247,2026-09-20 08:18:39,1,Healthy
1591,Warrior-500i,25.891480831291247,170.77025319829613,14.42726797345616,54.86571361143234,2026-09-20 08:23:39,1,Healthy
1592,Rogue-ET,29.80846663392867,221.96202685900033,10.456387737432,46.985070694074004,2026-09-20 08:23:39,1,Healthy
1593,Aristo-500ix,33.20605072798598,234.96477520164507,14.041356637441496,64.8654344771307,2026-09-20 08:23:39,1,Healthy
1594,Warrior-500i,35.26558135749096,212.1157687422182,13.094566637241204,63.8330210733034,2026-09-20 08:28:39,1,Healthy
1595,Rogue-ET,22.917244376715594,166.12942201590147,11.709516350063854,49.01222560513931,2026-09-20 08:28:39,1,Healthy
1596,Aristo-500ix,31.794246423406346,269.26380360974827,15.36314606196171,61.67746353296893,2026-09-20 08:28:39,1,Healthy
1597,Warrior-500i,28.077474934506977,198.20485025894476,11.777265733290923,47.84548513762769,2026-09-20 08:33:39,1,Healthy
1598,Rogue-ET,24.8393232601683,200.670682987936,13.3449722270988,47.30926031995191,2026-09-20 08:33:39,1,Healthy
1599,Aristo-500ix,36.36427399724462,242.16644791836194,11.59761904650195,47.05969291688801,2026-09-20 08:33:39,1,Healthy
1600,Warrior-500i,24.17759866408987,215.73589332915614,15.690432986157713,68.84798282018924,2026-09-20 08:38:39,1,Healthy
1601,Rogue-ET,31.75411767026906,277.23540026901503,15.881818731233807,54.013063843878676,2026-09-20 08:38:39,1,Healthy
1602,Aristo-500ix,37.369905317191154,188.14265301112786,15.422496916593568,54.41353610340206,2026-09-20 08:38:39,1,Healthy
1603,Warrior-500i,30.760755330506832,253.8930343450043,16.210149158548354,73.7200874735791,2026-09-20 08:43:39,1,Healthy
1604,Rogue-ET,28.425706141153142,259.33143018557905,15.598188828390336,74.59293782597352,2026-09-20 08:43:39,1,Healthy
1605,Aristo-500ix,25.08996259241712,156.7731487046125,11.212395450087175,59.69349477408673,2026-09-20 08:43:39,1,Healthy
1606,Warrior-500i,26.57362276671249,253.5387269766053,13.26649424616886,73.2596607338501,2026-09-20 08:48:39,1,Healthy
1607,Rogue-ET,30.928597259558597,267.2453332490385,16.371320808750646,55.14301025695163,2026-09-20 08:48:39,1,Healthy
1608,Aristo-500ix,37.17582207244526,276.9526872593757,16.242864248591594,57.598278222260056,2026-09-20 08:48:39,1,Healthy
1609,Warrior-500i,33.6108026786916,249.30843291520728,11.597731127996873,73.62577791826375,2026-09-20 08:53:39,1,Healthy
1610,Rogue-ET,27.542384743639445,190.88800942112886,16.951369106327064,58.92834882841662,2026-09-20 08:53:39,1,Healthy
1611,Aristo-500ix,37.22163529090737,182.3589342440914,17.171242564920856,67.13674600473564,2026-09-20 08:53:39,1,Healthy
1612,Warrior-500i,37.48460602229951,186.14038560629166,10.633259519246621,46.25628960785767,2026-09-20 08:58:39,1,Healthy
1613,Rogue-ET,33.896135640142475,261.38806619227387,12.190055230347149,68.49485995251275,2026-09-20 08:58:39,1,Healthy
1614,Aristo-500ix,27.984790324673554,259.0462942967226,12.644854997437486,58.58861275253303,2026-09-20 08:58:39,1,Healthy
1615,Warrior-500i,23.968501224805536,215.92581905479267,12.845244945948345,51.69118096071506,2026-09-20 09:03:39,1,Healthy
1616,Rogue-ET,22.390592581997048,212.5418401961027,15.978840934918324,62.93240113852369,2026-09-20 09:03:39,1,Healthy
1617,Aristo-500ix,34.02870464526287,261.2570811122995,12.528730864910779,63.06702483981134,2026-09-20 09:03:39,1,Healthy
1618,Warrior-500i,29.4669760165445,205.19938109716054,14.622767906272685,57.11952848140049,2026-09-20 09:08:39,1,Healthy
1619,Rogue-ET,31.388741181483933,211.8471558096036,14.81813320685881,58.99221629360662,2026-09-20 09:08:39,1,Healthy
1620,Aristo-500ix,31.068120383184993,236.31309078645108,11.408463197868539,67.88254347319707,2026-09-20 09:08:39,1,Healthy
1621,Warrior-500i,34.93711317846736,298.34239828374905,16.345069987885626,63.18436663972271,2026-09-20 09:13:39,1,Healthy
1622,Rogue-ET,32.758013462755684,175.16659196343676,13.06166593651474,52.05643524237774,2026-09-20 09:13:39,1,Healthy
1623,Aristo-500ix,32.7746386709711,261.49644258811406,11.67284192736178,50.50219592944353,2026-09-20 09:13:39,1,Healthy
1624,Warrior-500i,31.370722818715862,187.38877480067734,15.390527246425865,61.75881279501793,2026-09-20 09:18:39,1,Healthy
1625,Rogue-ET,26.803324664858856,229.82464176854103,15.240438584865245,48.91524332265328,2026-09-20 09:18:39,1,Healthy
1626,Aristo-500ix,22.027064274114053,249.4683465844725,16.006348369846425,68.42867731350347,2026-09-20 09:18:39,1,Healthy
1627,Warrior-500i,37.87117933178948,193.72211385294148,16.987441385090833,50.32596539437702,2026-09-20 09:23:39,1,Healthy
1628,Rogue-ET,31.484421498962163,220.71193497340082,16.49935914962508,54.129687080625935,2026-09-20 09:23:39,1,Healthy
1629,Aristo-500ix,32.46647272766298,217.32181522509546,17.91271504146674,63.73875804372456,2026-09-20 09:23:39,1,Healthy
1630,Warrior-500i,25.692736726986166,290.7580374503806,12.380507795134466,71.90665102157183,2026-09-20 09:28:39,1,Healthy
1631,Rogue-ET,33.19833714829613,226.27877862061513,16.7526596063142,50.12528013901591,2026-09-20 09:28:39,1,Healthy
1632,Aristo-500ix,28.347906338354427,154.94382607259058,14.020713758458896,68.41926349348844,2026-09-20 09:28:39,1,Healthy
1633,Warrior-500i,29.29257318393396,230.68160874735253,12.229184499929978,45.14575955561926,2026-09-20 09:33:39,1,Healthy
1634,Rogue-ET,22.324877663793643,189.348262635631,16.896528830641557,61.777220569088456,2026-09-20 09:33:39,1,Healthy
1635,Aristo-500ix,28.801416429136623,245.27827255644786,13.745204505787022,65.48026529842846,2026-09-20 09:33:39,1,Healthy
1636,Warrior-500i,37.65984790104146,213.95873486428457,15.204438695130703,45.34933615371513,2026-09-20 09:38:39,1,Healthy
1637,Rogue-ET,22.82599440028605,286.0652932625243,17.262391802062744,73.13925967446701,2026-09-20 09:38:39,1,Healthy
1638,Aristo-500ix,22.81282540845065,276.8156418215707,11.679289700241071,63.4906990599123,2026-09-20 09:38:39,1,Healthy
1639,Warrior-500i,30.83819037747002,156.3989306704912,13.372977148867164,71.55301653013113,2026-09-20 09:43:39,1,Healthy
1640,Rogue-ET,37.20064178881913,150.606617477067,10.913938489598884,55.972831696344784,2026-09-20 09:43:39,1,Healthy
1641,Aristo-500ix,36.98291772127368,289.3564747844398,17.516266234952784,73.21634099050297,2026-09-20 09:43:39,-1,Action Required
1642,Warrior-500i,35.209315508996426,266.27816932389,13.822843254094403,70.93615467693076,2026-09-20 09:48:39,1,Healthy
1643,Rogue-ET,35.5987017347076,189.44158237339732,13.489141366544738,69.82751900561516,2026-09-20 09:48:39,1,Healthy
1644,Aristo-500ix,30.066040996610944,227.38842730967002,16.6688873224271,74.95349376835523,2026-09-20 09:48:39,1,Healthy
1645,Warrior-500i,23.007743406652896,210.0358306445769,10.680088735848496,66.53952487373127,2026-09-20 09:53:39,1,Healthy
1646,Rogue-ET,25.70761869527891,252.83377379755632,11.265656237417655,65.45281717227033,2026-09-20 09:53:39,1,Healthy
1647,Aristo-500ix,27.149192395178186,196.00447185452148,13.111196621399932,45.30894473684922,2026-09-20 09:53:39,1,Healthy
1648,Warrior-500i,33.77072800217902,228.9290572012054,12.498523211820743,65.68257456427129,2026-09-20 09:58:39,1,Healthy
1649,Rogue-ET,35.592647516191406,220.2930314506449,10.660660818239364,58.58152490263071,2026-09-20 09:58:39,1,Healthy
1650,Aristo-500ix,36.578198901127024,222.50421433340375,11.292998062317967,55.11430205907975,2026-09-20 09:58:39,1,Healthy
1651,Warrior-500i,35.61890030828479,296.93080969808136,16.813202650895807,49.74824101396187,2026-09-20 10:03:39,1,Healthy
1652,Rogue-ET,30.321486626882958,184.6504280319608,11.172595735307208,69.14708342764446,2026-09-20 10:03:39,1,Healthy
1653,Aristo-500ix,27.72563960288442,252.2310163347094,10.927600158185022,45.810178316888816,2026-09-20 10:03:39,1,Healthy
1654,Warrior-500i,35.15421103960048,194.1492206423702,12.982503696378618,52.26442278893121,2026-09-20 10:08:39,1,Healthy
1655,Rogue-ET,28.169202023124818,212.43791011656046,14.68901496923074,74.6904600714116,2026-09-20 10:08:39,1,Healthy
1656,Aristo-500ix,28.50177313369467,207.77505688797515,14.699516962857299,67.28476027342657,2026-09-20 10:08:39,1,Healthy
1657,Warrior-500i,33.391226944620485,231.593089724736,10.400501314354798,61.083191420278254,2026-09-20 10:13:39,1,Healthy
1658,Rogue-ET,33.0130164894381,214.16328629338005,10.177294799809568,50.78510337360597,2026-09-20 10:13:39,1,Healthy
1659,Aristo-500ix,32.301961217345564,260.2332018602287,15.787335996653546,73.35085005545534,2026-09-20 10:13:39,1,Healthy
1660,Warrior-500i,33.406876933384225,153.11588040651569,10.589267926732543,56.834275844926154,2026-09-20 10:18:39,1,Healthy
1661,Rogue-ET,33.1441688097275,251.95646209842076,17.465686568208934,57.86911606140304,2026-09-20 10:18:39,1,Healthy
1662,Aristo-500ix,28.22950974367877,263.2225970348233,11.094585350752347,73.9667358307912,2026-09-20 10:18:39,1,Healthy
1663,Warrior-500i,36.13469127723541,226.02467555051123,15.807476023836163,57.80588802568539,2026-09-20 10:23:39,1,Healthy
1664,Rogue-ET,25.45213515017511,273.22018734667654,16.002902124452977,47.47190018736754,2026-09-20 10:23:39,1,Healthy
1665,Aristo-500ix,23.453602096241234,275.6948436965015,17.627315915177945,47.7140587186219,2026-09-20 10:23:39,1,Healthy
1666,Warrior-500i,31.726752047486478,267.07133942695384,11.683978159461159,65.5591403171384,2026-09-20 10:28:39,1,Healthy
1667,Rogue-ET,32.995344268409866,242.48300669319556,17.254624137351513,55.00028566793497,2026-09-20 10:28:39,1,Healthy
1668,Aristo-500ix,27.21243028844463,227.00166745337015,16.699689297303994,45.526516634807884,2026-09-20 10:28:39,1,Healthy
1669,Warrior-500i,33.84547527007175,299.80269784688744,15.670934698431289,55.828732710347225,2026-09-20 10:33:39,1,Healthy
1670,Rogue-ET,33.379634851792154,227.41259882390918,17.196929395872058,60.690900831172755,2026-09-20 10:33:39,1,Healthy
1671,Aristo-500ix,35.803492127419226,216.29676203198102,12.193595165022007,55.89050123883936,2026-09-20 10:33:39,1,Healthy
1672,Warrior-500i,36.59186038573111,259.5437585881198,11.68515481734817,59.9987022225259,2026-09-20 10:38:39,1,Healthy
1673,Rogue-ET,25.72631016602581,150.4141203793708,12.658259238091876,57.514820463047165,2026-09-20 10:38:39,1,Healthy
1674,Aristo-500ix,26.222324567060497,213.46656623967644,16.822726939674855,59.391951774698114,2026-09-20 10:38:39,1,Healthy
1675,Warrior-500i,32.74500827717027,288.03004911936046,17.220945493436048,59.12084154430004,2026-09-20 10:43:39,1,Healthy
1676,Rogue-ET,29.89225588623798,243.01701284493936,15.005921162966604,65.8286266196943,2026-09-20 10:43:39,1,Healthy
1677,Aristo-500ix,33.78394420055466,254.85213856318683,16.030842382813272,65.70885416049066,2026-09-20 10:43:39,1,Healthy
1678,Warrior-500i,31.05388007137989,249.0942650525472,10.55118069526452,50.73180001269886,2026-09-20 10:48:39,1,Healthy
1679,Rogue-ET,33.6234409283426,162.26498663380258,11.644847090325854,48.86734354014214,2026-09-20 10:48:39,1,Healthy
1680,Aristo-500ix,33.62038410959839,190.19194686289674,14.185125838712281,60.78170798005715,2026-09-20 10:48:39,1,Healthy
1681,Warrior-500i,23.466176078228486,255.36570103126076,17.556002748557432,45.387774806401104,2026-09-20 10:53:39,1,Healthy
1682,Rogue-ET,29.783313673920084,237.86058938299857,10.460702509081912,56.379745117706655,2026-09-20 10:53:39,1,Healthy
1683,Aristo-500ix,24.06082202023508,158.70169878714964,16.8271113656479,63.5237485451059,2026-09-20 10:53:39,1,Healthy
1684,Warrior-500i,30.507050535189848,285.1765463728192,15.734207608951838,53.93620292231219,2026-09-20 10:58:39,1,Healthy
1685,Rogue-ET,31.620423308039953,212.93548839897548,13.399140987801015,63.38113034129324,2026-09-20 10:58:39,1,Healthy
1686,Aristo-500ix,28.618380962876124,267.7236683504414,13.306703772236428,61.48693034654614,2026-09-20 10:58:39,1,Healthy
1687,Warrior-500i,22.923633432152656,219.98175649429038,15.249403176072114,65.75262847330461,2026-09-20 11:03:39,1,Healthy
1688,Rogue-ET,28.90794719093901,241.76175332726706,17.892060302819303,46.66223102514101,2026-09-20 11:03:39,1,Healthy
1689,Aristo-500ix,26.29208756926787,283.13972978398095,15.785332330688556,55.16238389401048,2026-09-20 11:03:39,1,Healthy
1690,Warrior-500i,26.981418020492136,276.44015635585254,16.00575959945274,62.56211034033545,2026-09-20 11:08:39,1,Healthy
1691,Rogue-ET,32.617295939988864,157.82184927455464,14.119292106391361,56.81218717931036,2026-09-20 11:08:39,1,Healthy
1692,Aristo-500ix,24.07719729585027,240.80303479424836,12.779990505290026,73.13179484172804,2026-09-20 11:08:39,1,Healthy
1693,Warrior-500i,32.58655053996442,199.86426724195678,11.639082583573177,72.3793667213807,2026-09-20 11:13:39,1,Healthy
1694,Rogue-ET,29.606148855858425,292.728585665544,11.9646530238102,68.46602614515076,2026-09-20 11:13:39,1,Healthy
1695,Aristo-500ix,24.62071992425183,154.0152340593237,17.850549496191338,48.80313036125124,2026-09-20 11:13:39,1,Healthy
1696,Warrior-500i,32.74149851269238,210.49216664856175,17.338528518738272,60.317622688015035,2026-09-20 11:18:39,1,Healthy
1697,Rogue-ET,22.64836573001604,259.2910164068621,14.265407181176002,72.54886964538856,2026-09-20 11:18:39,1,Healthy
1698,Aristo-500ix,22.909356769242812,182.05843652259466,11.978438655113125,69.00429468475538,2026-09-20 11:18:39,1,Healthy
1699,Warrior-500i,34.979035648775245,226.72449051792393,12.18577101150861,73.18362297723587,2026-09-20 11:23:39,1,Healthy
1700,Rogue-ET,28.969539207180105,230.75237599947533,17.318558420425024,63.22873563093143,2026-09-20 11:23:39,1,Healthy
1701,Aristo-500ix,24.817310090180932,170.96812297520685,14.691824639028123,59.93621716628145,2026-09-20 11:23:39,1,Healthy
1702,Warrior-500i,37.82165028933875,223.6097722012531,11.61642315940739,69.31894941896871,2026-09-20 11:28:39,1,Healthy
1703,Rogue-ET,29.21853602500262,179.73480451201954,16.661665716239842,49.5437784690129,2026-09-20 11:28:39,1,Healthy
1704,Aristo-500ix,31.54723907845561,244.65196178840424,13.304846366548439,57.05559824961324,2026-09-20 11:28:39,1,Healthy
1705,Warrior-500i,32.62787548811008,185.79116373017212,11.666926628233455,46.649856552696036,2026-09-20 11:33:39,1,Healthy
1706,Rogue-ET,32.58474858878934,172.09758850003388,11.472934071827478,52.52882104377523,2026-09-20 11:33:39,1,Healthy
1707,Aristo-500ix,30.325379513021318,286.277007303083,17.58007299963009,66.73329408424043,2026-09-20 11:33:39,1,Healthy
1708,Warrior-500i,27.148539234294827,229.0534435733589,13.975782988517626,57.42391908948446,2026-09-20 11:38:39,1,Healthy
1709,Rogue-ET,27.151310806789972,243.83858087927342,17.338380864587837,49.8495563125465,2026-09-20 11:38:39,1,Healthy
1710,Aristo-500ix,24.318185329968976,153.67754072176467,11.148325252345822,55.58276040353873,2026-09-20 11:38:39,1,Healthy
1711,Warrior-500i,25.649593989877815,153.2827685858892,11.855041670362798,53.63870504935196,2026-09-20 11:43:39,1,Healthy
1712,Rogue-ET,22.50881887209966,264.61446331075496,11.230164912051388,66.2787269667022,2026-09-20 11:43:39,1,Healthy
1713,Aristo-500ix,30.782740297200938,185.01293605601612,13.281922685184721,58.868316823478835,2026-09-20 11:43:39,1,Healthy
1714,Warrior-500i,22.03502697239897,253.83481108949007,13.726693354663663,55.737325602493314,2026-09-20 11:48:39,1,Healthy
1715,Rogue-ET,30.4393073555592,228.13059058495972,16.624878936763718,63.61721931516992,2026-09-20 11:48:39,1,Healthy
1716,Aristo-500ix,33.73055664508144,182.38911768269497,13.205353746904562,50.68117539015535,2026-09-20 11:48:39,1,Healthy
1717,Warrior-500i,25.904345895802283,189.9088830971771,15.775588605482703,57.89137104219988,2026-09-20 11:53:39,1,Healthy
1718,Rogue-ET,37.91602677462132,150.11778897723363,12.083780878103841,59.253373589971616,2026-09-20 11:53:39,1,Healthy
1719,Aristo-500ix,25.171098766924462,244.42834788223223,17.505014368594985,60.58954454708271,2026-09-20 11:53:39,1,Healthy
1720,Warrior-500i,36.40079888893765,247.03212443443115,13.569476335134818,61.238913055760676,2026-09-20 11:58:39,1,Healthy
1721,Rogue-ET,34.5834287681468,277.67164304982686,11.535043157187486,46.842185058275376,2026-09-20 11:58:39,1,Healthy
1722,Aristo-500ix,36.828590288772425,223.31190994825135,15.723624565666764,53.696381294588335,2026-09-20 11:58:39,1,Healthy
1723,Warrior-500i,26.873886572576197,173.34084560762594,13.834743589272634,65.94363183319106,2026-09-20 12:03:39,1,Healthy
1724,Rogue-ET,24.942101860567995,226.10097458290232,14.236776147477016,45.7249976415853,2026-09-20 12:03:39,1,Healthy
1725,Aristo-500ix,34.19341674314455,198.71106593942991,14.71992881439723,54.26777491362554,2026-09-20 12:03:39,1,Healthy
1726,Warrior-500i,36.55884061085976,282.98028885595033,17.687944017231132,67.39859995719209,2026-09-20 12:08:39,1,Healthy
1727,Rogue-ET,32.96307337693142,233.5405492513931,11.219219313745036,56.91088560436499,2026-09-20 12:08:39,1,Healthy
1728,Aristo-500ix,33.79373980116251,162.38016291091998,12.971228423976928,59.82216961313781,2026-09-20 12:08:39,1,Healthy
1729,Warrior-500i,34.79833346010458,165.53277435957148,12.724549287432003,46.02314182221684,2026-09-20 12:13:39,1,Healthy
1730,Rogue-ET,37.039720195102056,282.8254043511041,10.101314731109008,65.60665950140306,2026-09-20 12:13:39,1,Healthy
1731,Aristo-500ix,35.0143254222297,265.93529155297995,13.94895010679666,66.91819779826868,2026-09-20 12:13:39,1,Healthy
1732,Warrior-500i,24.020752537045087,206.76971444853098,11.915155538664916,65.78265132044211,2026-09-20 12:18:39,1,Healthy
1733,Rogue-ET,25.625238653672206,238.32760976201882,17.244943987863643,45.26117127660359,2026-09-20 12:18:39,1,Healthy
1734,Aristo-500ix,30.658140459583414,229.5857344886686,12.75103160523165,64.42271793536163,2026-09-20 12:18:39,1,Healthy
1735,Warrior-500i,27.980823138231646,178.03495805838017,15.10862352494647,48.91719279730235,2026-09-20 12:23:39,1,Healthy
1736,Rogue-ET,28.465938334089948,297.3285875459762,17.117185765639032,51.59827068476943,2026-09-20 12:23:39,1,Healthy
1737,Aristo-500ix,37.38545206471639,266.87350557770725,16.551917003208576,61.97891494887873,2026-09-20 12:23:39,1,Healthy
1738,Warrior-500i,22.296088584382844,246.4566452914936,12.105030133064247,73.92473474760938,2026-09-20 12:28:39,1,Healthy
1739,Rogue-ET,28.16658819426256,289.86400135843996,10.568157455351088,52.83249062394792,2026-09-20 12:28:39,1,Healthy
1740,Aristo-500ix,34.2599087080564,217.06529940177404,13.070010079590364,65.34079280415416,2026-09-20 12:28:39,1,Healthy
1741,Warrior-500i,34.304948272846104,253.46667478427986,13.13122165876944,46.5658584050227,2026-09-20 12:33:39,1,Healthy
1742,Rogue-ET,27.183771915079404,165.56605082331578,13.803079437437612,54.04912166635968,2026-09-20 12:33:39,1,Healthy
1743,Aristo-500ix,26.88327367621937,269.3759296032456,10.123000300198012,48.99616302797055,2026-09-20 12:33:39,1,Healthy
1744,Warrior-500i,36.40168269092367,164.38044718624357,10.773681261390724,72.00020096654157,2026-09-20 12:38:39,1,Healthy
1745,Rogue-ET,28.386272902281434,188.48477564017088,10.09367792753381,50.852746582052475,2026-09-20 12:38:39,1,Healthy
1746,Aristo-500ix,26.845031737975276,224.20360442627225,15.955405150504212,46.205988819816284,2026-09-20 12:38:39,1,Healthy
1747,Warrior-500i,27.50161395904167,206.49214011647052,10.386721923471654,68.96346553250643,2026-09-20 12:43:39,1,Healthy
1748,Rogue-ET,26.736965892211884,169.3735343459244,16.93687533094245,45.17799707855484,2026-09-20 12:43:39,1,Healthy
1749,Aristo-500ix,25.746577923230717,268.26473321032904,14.976921201187036,59.85653085432309,2026-09-20 12:43:39,1,Healthy
1750,Warrior-500i,37.53108191390514,277.7018848932833,11.005567332808262,54.139495507674894,2026-09-20 12:48:39,1,Healthy
1751,Rogue-ET,26.49967256126228,172.02926441114977,11.474031451024056,62.55720364435952,2026-09-20 12:48:39,1,Healthy
1752,Aristo-500ix,36.10575708660622,152.52779176315556,10.73645322464578,69.60382591739503,2026-09-20 12:48:39,1,Healthy
1753,Warrior-500i,30.419449135969376,225.77276945831846,17.86377786225085,57.851030167863996,2026-09-20 12:53:39,1,Healthy
1754,Rogue-ET,28.34186256559321,214.75818942886974,17.877412118264818,50.71780875736033,2026-09-20 12:53:39,1,Healthy
1755,Aristo-500ix,37.689617339889615,253.27736063674087,14.114305317317305,73.86115398537447,2026-09-20 12:53:39,1,Healthy
1756,Warrior-500i,36.77817581112794,225.22459101898875,12.928351084224866,64.74638117994047,2026-09-20 12:58:39,1,Healthy
1757,Rogue-ET,22.234749973799268,171.4541726829093,14.717408060161835,63.26893254506007,2026-09-20 12:58:39,1,Healthy
1758,Aristo-500ix,33.770221934526845,189.6814616882465,14.292541894210371,49.71921736774601,2026-09-20 12:58:39,1,Healthy
1759,Warrior-500i,35.545679100433375,196.75050651568068,10.016244998514424,72.49032855334973,2026-09-20 13:03:39,1,Healthy
1760,Rogue-ET,22.47958553417489,207.82808862341724,11.430475558234566,73.39358257938527,2026-09-20 13:03:39,1,Healthy
1761,Aristo-500ix,35.762716223425976,211.66284854908432,11.078247476351919,45.407877415185524,2026-09-20 13:03:39,1,Healthy
1762,Warrior-500i,25.88601360833531,276.06545857736353,13.496362726439273,58.331977975776965,2026-09-20 13:08:39,1,Healthy
1763,Rogue-ET,24.434272482779186,151.72948876194363,10.25916200670389,49.11893919236572,2026-09-20 13:08:39,1,Healthy
1764,Aristo-500ix,35.38527072690987,240.15673675404105,11.930358806937793,52.69868637533352,2026-09-20 13:08:39,1,Healthy
1765,Warrior-500i,23.161848763815577,280.46503203687735,10.500589709089517,64.14691736249489,2026-09-20 13:13:39,1,Healthy
1766,Rogue-ET,33.83341101787871,182.85217547705741,10.307816059107836,48.873558942670286,2026-09-20 13:13:39,1,Healthy
1767,Aristo-500ix,27.58160853816257,253.67114978204214,15.129218827215384,54.745252526123735,2026-09-20 13:13:39,1,Healthy
1768,Warrior-500i,36.38448980960186,226.64535532106083,10.500093859536513,74.41132154975467,2026-09-20 13:18:39,1,Healthy
1769,Rogue-ET,22.5069371562683,255.5059542015879,17.694525805834687,52.53963755861733,2026-09-20 13:18:39,1,Healthy
1770,Aristo-500ix,36.45583860827349,171.14808424558592,11.88121813631087,57.98803520630934,2026-09-20 13:18:39,1,Healthy
1771,Warrior-500i,23.867172692843802,241.9644438091861,12.36240537501725,61.05081595724174,2026-09-20 13:23:39,1,Healthy
1772,Rogue-ET,33.35185303755062,259.10597576034536,14.480078922565566,52.01618912569804,2026-09-20 13:23:39,1,Healthy
1773,Aristo-500ix,29.518793059508777,229.43896962331002,13.615622465031556,47.90441155558527,2026-09-20 13:23:39,1,Healthy
1774,Warrior-500i,31.5736009977232,178.3447301987977,10.54093403321676,62.31011702660898,2026-09-20 13:28:39,1,Healthy
1775,Rogue-ET,22.27701544394415,160.27280820838806,16.239442793530102,52.44854187318484,2026-09-20 13:28:39,1,Healthy
1776,Aristo-500ix,32.55307621492602,228.63023160973108,17.7655658484609,72.77214765542863,2026-09-20 13:28:39,1,Healthy
1777,Warrior-500i,27.70916181125294,173.26610493043754,13.712832945928628,50.51428792754067,2026-09-20 13:33:39,1,Healthy
1778,Rogue-ET,23.76394981782825,243.42366676234494,17.01164484486975,50.34207475935878,2026-09-20 13:33:39,1,Healthy
1779,Aristo-500ix,24.806219821346954,251.25529745948495,11.96258339395834,54.30915690064091,2026-09-20 13:33:39,1,Healthy
1780,Warrior-500i,32.707986866489364,166.5022423039914,14.763338218452404,71.15930728750234,2026-09-20 13:38:39,1,Healthy
1781,Rogue-ET,34.3376843668026,237.4776875564684,11.046315779624457,72.32508244741399,2026-09-20 13:38:39,1,Healthy
1782,Aristo-500ix,22.34354992658811,162.54334065247724,12.385305958900535,71.16863921530377,2026-09-20 13:38:39,1,Healthy
1783,Warrior-500i,37.39599515657417,246.0410731887411,12.195613032751464,74.21167688766255,2026-09-20 13:43:39,1,Healthy
1784,Rogue-ET,32.720165447989274,258.07413638122136,17.51666691839525,54.825187761028005,2026-09-20 13:43:39,1,Healthy
1785,Aristo-500ix,29.971044855101244,242.24532554769775,16.599264962158408,71.63439903948336,2026-09-20 13:43:39,1,Healthy
1786,Warrior-500i,37.76255703911608,202.42541205956275,15.674986548162739,65.29286192564233,2026-09-20 13:48:39,1,Healthy
1787,Rogue-ET,30.586704497111732,169.45748865099736,12.97779767558649,49.994357426655,2026-09-20 13:48:39,1,Healthy
1788,Aristo-500ix,32.13747614974842,165.1416064522113,15.875682680835402,65.94953570679428,2026-09-20 13:48:39,1,Healthy
1789,Warrior-500i,30.307119207621405,161.27414539032995,16.183040558498565,50.70881254190595,2026-09-20 13:53:39,1,Healthy
1790,Rogue-ET,36.792141907870004,183.34620494100446,14.942096857782962,73.65467546938451,2026-09-20 13:53:39,1,Healthy
1791,Aristo-500ix,29.975041696782235,164.69025533732454,12.987007578656748,60.11077537161317,2026-09-20 13:53:39,1,Healthy
1792,Warrior-500i,32.36551733545716,284.78667945535807,15.963016712768553,54.33493624424062,2026-09-20 13:58:39,1,Healthy
1793,Rogue-ET,35.82816351129331,293.04332349068306,10.3620552624905,73.81874519561876,2026-09-20 13:58:39,-1,Action Required
1794,Aristo-500ix,37.87003892748252,154.99938523411927,11.632944953433025,66.86059980124953,2026-09-20 13:58:39,1,Healthy
1795,Warrior-500i,28.45203544319552,293.6327330925696,12.50189905666007,59.899482835225676,2026-09-20 14:03:39,1,Healthy
1796,Rogue-ET,33.94319105061491,275.0307277192528,12.13197781702591,57.27719328476029,2026-09-20 14:03:39,1,Healthy
1797,Aristo-500ix,27.26114514182825,188.9935433962735,14.852210780581533,70.79521360531182,2026-09-20 14:03:39,1,Healthy
1798,Warrior-500i,22.76882925555504,222.99922036756402,13.61791165571815,69.11353990099737,2026-09-20 14:08:39,1,Healthy
1799,Rogue-ET,25.182671888129782,217.01556965038287,13.567368126929411,58.18178031556573,2026-09-20 14:08:39,1,Healthy
1800,Aristo-500ix,31.56814289730937,203.21614592043676,15.501951415173535,61.049760617684456,2026-09-20 14:08:39,1,Healthy
1801,Warrior-500i,31.034753560166415,265.3982242211448,10.333964973352625,62.66502110553641,2026-09-20 14:13:39,1,Healthy
1802,Rogue-ET,25.971922373309965,202.77872624007938,12.92528749449361,74.99181577766235,2026-09-20 14:13:39,1,Healthy
1803,Aristo-500ix,28.10556493468262,193.43989469736903,16.911574749126636,66.24208799247432,2026-09-20 14:13:39,1,Healthy
1804,Warrior-500i,22.133156487182987,225.64796358358342,14.856510946813025,61.29581229052828,2026-09-20 14:18:39,1,Healthy
1805,Rogue-ET,32.086123050241326,194.94743653035027,13.078008833409895,72.1265565021783,2026-09-20 14:18:39,1,Healthy
1806,Aristo-500ix,30.799147240155968,217.31773800325124,16.790462016833814,47.27278924478955,2026-09-20 14:18:39,1,Healthy
1807,Warrior-500i,26.03111511991213,235.64654419782948,17.45349699999985,73.44039621686164,2026-09-20 14:23:39,1,Healthy
1808,Rogue-ET,26.906220252616073,207.52183995890238,10.879691194628206,46.07197889238949,2026-09-20 14:23:39,1,Healthy
1809,Aristo-500ix,23.934243107711474,179.65939353967343,10.271145564516608,70.97357135749435,2026-09-20 14:23:39,1,Healthy
1810,Warrior-500i,27.517163713263162,256.83164165443736,16.6620149390902,57.773230545790476,2026-09-20 14:28:39,1,Healthy
1811,Rogue-ET,28.385958943980242,231.13520111147938,14.596587760735186,50.85162204979957,2026-09-20 14:28:39,1,Healthy
1812,Aristo-500ix,23.642569431361935,153.52547824297218,15.974499072850074,53.1568001857239,2026-09-20 14:28:39,1,Healthy
1813,Warrior-500i,37.63899537643641,228.25493493818408,16.840961531012084,55.73997307997284,2026-09-20 14:33:39,1,Healthy
1814,Rogue-ET,22.359783288921992,275.4388564626004,17.71620955076382,71.37849208981706,2026-09-20 14:33:39,1,Healthy
1815,Aristo-500ix,29.70133724359102,244.74720429976912,14.839374221882423,64.47916930337955,2026-09-20 14:33:39,1,Healthy
1816,Warrior-500i,22.035773985197395,193.12078476221598,14.35614733183804,70.94521723111345,2026-09-20 14:38:39,1,Healthy
1817,Rogue-ET,35.6319789844236,280.4435465062684,15.396288627699054,63.01769998755046,2026-09-20 14:38:39,1,Healthy
1818,Aristo-500ix,30.010472864661224,174.763698462834,15.037094012628053,60.53261665839725,2026-09-20 14:38:39,1,Healthy
1819,Warrior-500i,33.01750263394047,176.94924970361018,16.93767669833617,59.97843243528171,2026-09-20 14:43:39,1,Healthy
1820,Rogue-ET,28.87557242273226,180.94926041745293,15.291618981022037,54.7419217263605,2026-09-20 14:43:39,1,Healthy
1821,Aristo-500ix,34.887752380558446,237.02868244053434,14.497749407699846,72.53936170069358,2026-09-20 14:43:39,1,Healthy
1822,Warrior-500i,37.499513729192635,252.05762067292008,11.30163370678321,56.61055182174283,2026-09-20 14:48:39,1,Healthy
1823,Rogue-ET,25.99843277668049,165.7603113472818,11.626325507122292,52.90515886544493,2026-09-20 14:48:39,1,Healthy
1824,Aristo-500ix,28.545532510243227,165.1319768336306,11.247872542531525,62.96577821619826,2026-09-20 14:48:39,1,Healthy
1825,Warrior-500i,23.68952447105736,164.8682598394193,16.027849650489,62.65067000834502,2026-09-20 14:53:39,1,Healthy
1826,Rogue-ET,34.7123600508982,163.07184457872668,10.537446006882545,53.58131635135886,2026-09-20 14:53:39,1,Healthy
1827,Aristo-500ix,33.39168283486888,191.01687495586094,14.76019443175265,59.52059694809079,2026-09-20 14:53:39,1,Healthy
1828,Warrior-500i,31.619308934636564,223.71225381613283,16.63092584547129,48.04924006099499,2026-09-20 14:58:39,1,Healthy
1829,Rogue-ET,27.37035588138003,180.78912739640168,13.767432565600345,74.94196878894026,2026-09-20 14:58:39,1,Healthy
1830,Aristo-500ix,31.840600379336106,282.7616127862899,10.374968354743352,47.509800735417876,2026-09-20 14:58:39,1,Healthy
1831,Warrior-500i,24.59426549349363,207.71171210780804,10.520288151025223,48.77588558655769,2026-09-20 15:03:39,1,Healthy
1832,Rogue-ET,32.03132575474367,265.352826918824,11.499447298702455,65.9154289214772,2026-09-20 15:03:39,1,Healthy
1833,Aristo-500ix,34.135677089241085,198.85609229270045,11.150734750261886,70.75055809060899,2026-09-20 15:03:39,1,Healthy
1834,Warrior-500i,33.50442082218086,171.39829037684353,13.590786155776021,61.118277268044736,2026-09-20 15:08:39,1,Healthy
1835,Rogue-ET,28.351856897057353,258.3917060770016,14.497602279240212,64.07360145292927,2026-09-20 15:08:39,1,Healthy
1836,Aristo-500ix,23.295693458682415,163.46648328547377,13.001261533104731,46.63438361764979,2026-09-20 15:08:39,1,Healthy
1837,Warrior-500i,26.511868201973332,182.47860561652718,15.456192769012521,60.71087179691124,2026-09-20 15:13:39,1,Healthy
1838,Rogue-ET,31.56962732996316,152.34067492568497,11.129232883084002,48.786111289905634,2026-09-20 15:13:39,1,Healthy
1839,Aristo-500ix,24.544654569112396,161.1330030560439,10.069925146784687,59.04325507961285,2026-09-20 15:13:39,1,Healthy
1840,Warrior-500i,24.829820471250073,222.36463989024293,15.148424841030193,49.0224278709598,2026-09-20 15:18:39,1,Healthy
1841,Rogue-ET,28.16897351118316,242.38223303973712,17.49674773680937,49.17892908761664,2026-09-20 15:18:39,1,Healthy
1842,Aristo-500ix,34.396676010741125,258.76718760094764,16.161210719574512,56.9887723132954,2026-09-20 15:18:39,1,Healthy
1843,Warrior-500i,25.84719190786685,224.40093538589494,11.885698406415042,57.34437199006242,2026-09-20 15:23:39,1,Healthy
1844,Rogue-ET,32.043577894135964,212.25407325156178,14.070972030199801,55.25252257492456,2026-09-20 15:23:39,1,Healthy
1845,Aristo-500ix,32.570959907154055,279.4036133155381,13.14172476346614,49.16584357933611,2026-09-20 15:23:39,1,Healthy
1846,Warrior-500i,36.50927171372777,223.69830327650146,12.918434516082787,62.967384659105726,2026-09-20 15:28:39,1,Healthy
1847,Rogue-ET,32.71414139553102,162.85534661884185,11.096153096537062,74.44708946453244,2026-09-20 15:28:39,1,Healthy
1848,Aristo-500ix,34.66325654145322,218.85023310662666,10.55516177545606,45.500560317728564,2026-09-20 15:28:39,1,Healthy
1849,Warrior-500i,27.857055914288118,285.3420864722457,12.78500006097572,73.68247896222687,2026-09-20 15:33:39,1,Healthy
1850,Rogue-ET,37.42639750511261,210.70163765195053,10.579458590067265,72.99063125196614,2026-09-20 15:33:39,1,Healthy
1851,Aristo-500ix,24.922572222879644,287.06268705784566,17.439569054947594,71.01020937277946,2026-09-20 15:33:39,1,Healthy
1852,Warrior-500i,24.50882578175901,224.95554540091484,15.851738027067352,64.04594149477637,2026-09-20 15:38:39,1,Healthy
1853,Rogue-ET,28.413354035163238,229.01295158000232,12.500085110616535,55.182186361112635,2026-09-20 15:38:39,1,Healthy
1854,Aristo-500ix,23.697122217528822,230.85655486325305,17.413400574484598,74.17999271485992,2026-09-20 15:38:39,1,Healthy
1855,Warrior-500i,23.871790362015616,279.685433167663,14.040353862039655,53.35710829098182,2026-09-20 15:43:39,1,Healthy
1856,Rogue-ET,25.309273775146192,210.90088500425134,17.30151003931129,47.13135777234407,2026-09-20 15:43:39,1,Healthy
1857,Aristo-500ix,31.254608137867294,151.33105826736147,16.371252803071915,58.51784889548657,2026-09-20 15:43:39,1,Healthy
1858,Warrior-500i,36.574621722697586,239.92256074146775,12.918437748035942,45.340689472495356,2026-09-20 15:48:39,1,Healthy
1859,Rogue-ET,27.05222849367111,281.24372072009373,13.784840025623078,49.68108111571346,2026-09-20 15:48:39,1,Healthy
1860,Aristo-500ix,24.252972170675747,212.1537649533148,15.533986294345002,71.18108477929664,2026-09-20 15:48:39,1,Healthy
1861,Warrior-500i,27.967257499589735,165.34455549672154,14.974084204961592,47.50451897330616,2026-09-20 15:53:39,1,Healthy
1862,Rogue-ET,35.59607270099079,258.5853414713805,12.109008894127328,52.61628993508079,2026-09-20 15:53:39,1,Healthy
1863,Aristo-500ix,24.94631775145782,277.27322824751667,10.829433244113474,48.005206738832435,2026-09-20 15:53:39,1,Healthy
1864,Warrior-500i,33.693350321913,274.5355782538726,10.517561309697875,67.94309658086226,2026-09-20 15:58:39,1,Healthy
1865,Rogue-ET,32.47527355184004,268.8629172883533,16.451289325556672,53.43653291775628,2026-09-20 15:58:39,1,Healthy
1866,Aristo-500ix,23.263315432660665,291.7540833054642,16.805473713822337,73.65651843466186,2026-09-20 15:58:39,-1,Action Required
1867,Warrior-500i,34.01452243101924,233.14200907098348,12.070425637420078,73.09537561908726,2026-09-20 16:03:39,1,Healthy
1868,Rogue-ET,30.447065539461956,272.4765165571657,11.717238943438097,55.0415962437764,2026-09-20 16:03:39,1,Healthy
1869,Aristo-500ix,27.26235328023609,183.5260996623651,17.7421983417911,72.65008881435456,2026-09-20 16:03:39,1,Healthy
1870,Warrior-500i,29.93864533651722,157.5149140027591,11.737001771676919,61.095094842617826,2026-09-20 16:08:39,1,Healthy
1871,Rogue-ET,35.29637251364362,196.7228381329821,11.265984355218254,46.30712477531009,2026-09-20 16:08:39,1,Healthy
1872,Aristo-500ix,28.82593303773362,180.083795509326,16.597820770241157,51.376552505046085,2026-09-20 16:08:39,1,Healthy
1873,Warrior-500i,34.118338244104876,260.13500317307137,15.818679178789306,68.69260971765513,2026-09-20 16:13:39,1,Healthy
1874,Rogue-ET,24.375069210478067,156.31328672588563,13.9100990754892,55.83064864525252,2026-09-20 16:13:39,1,Healthy
1875,Aristo-500ix,37.62923891120917,171.66415188725244,10.331158099080255,57.38318325714125,2026-09-20 16:13:39,1,Healthy
1876,Warrior-500i,24.381622538937414,211.41994284371788,12.079240342289987,51.032506912054444,2026-09-20 16:18:39,1,Healthy
1877,Rogue-ET,23.185127268582434,197.51134008362632,16.68827858810828,60.23072703901783,2026-09-20 16:18:39,1,Healthy
1878,Aristo-500ix,35.82150299642727,245.8783951966984,10.647998950283657,62.52712054742878,2026-09-20 16:18:39,1,Healthy
1879,Warrior-500i,23.63889980095379,294.23970913418873,13.300282154060895,53.73271049174983,2026-09-20 16:23:39,1,Healthy
1880,Rogue-ET,25.980425843472997,220.0502301196435,11.502498373022256,62.68375022269214,2026-09-20 16:23:39,1,Healthy
1881,Aristo-500ix,30.01061092296453,177.43473847735365,13.324773298003299,62.63769988763935,2026-09-20 16:23:39,1,Healthy
1882,Warrior-500i,29.903680576999903,242.8900079682776,17.746293944085046,55.81892175249583,2026-09-20 16:28:39,1,Healthy
1883,Rogue-ET,34.026760298528984,288.12301157395166,12.170179360138926,50.33820854552992,2026-09-20 16:28:39,1,Healthy
1884,Aristo-500ix,34.359437312590956,214.12911811377307,10.235119788848168,55.872913919395344,2026-09-20 16:28:39,1,Healthy
1885,Warrior-500i,35.21047761692655,198.04650691427764,11.349056345714274,62.387215239831605,2026-09-20 16:33:39,1,Healthy
1886,Rogue-ET,23.045502991269807,164.28792083540156,11.279748394703276,69.50872708734329,2026-09-20 16:33:39,1,Healthy
1887,Aristo-500ix,28.059907590298305,282.4204855067178,10.177764124831395,63.014214299751615,2026-09-20 16:33:39,1,Healthy
1888,Warrior-500i,29.235996733095917,257.6568386728128,11.300603485923713,55.26823415959973,2026-09-20 16:38:39,1,Healthy
1889,Rogue-ET,28.390306770976345,217.2781746762641,12.333909191028045,58.92058636861179,2026-09-20 16:38:39,1,Healthy
1890,Aristo-500ix,35.78634384738973,152.11568075950197,14.458845344365875,64.5155300214669,2026-09-20 16:38:39,1,Healthy
1891,Warrior-500i,29.334826252252963,181.83690096281572,17.028776440645316,51.499548090810094,2026-09-20 16:43:39,1,Healthy
1892,Rogue-ET,29.241471063640677,264.6301462401397,13.152198795248694,64.01525919802194,2026-09-20 16:43:39,1,Healthy
1893,Aristo-500ix,36.35055259309889,183.80783790279852,13.058848479530461,72.94252300171789,2026-09-20 16:43:39,1,Healthy
1894,Warrior-500i,25.612906691971496,258.02130275554646,15.908412053029442,74.09403402408822,2026-09-20 16:48:39,1,Healthy
1895,Rogue-ET,37.91018841934941,225.31710114716316,15.207894773227334,67.87134661384572,2026-09-20 16:48:39,1,Healthy
1896,Aristo-500ix,37.63572576994933,188.84561368391715,12.929497888786239,71.88941038092804,2026-09-20 16:48:39,1,Healthy
1897,Warrior-500i,29.567830445887985,260.9289061633901,17.151632481466386,64.47957999049635,2026-09-20 16:53:39,1,Healthy
1898,Rogue-ET,29.62735397863646,177.65144570701705,11.040717420098314,59.46226881088357,2026-09-20 16:53:39,1,Healthy
1899,Aristo-500ix,37.42908196308068,265.9578755965118,10.321927445805782,64.0489043755818,2026-09-20 16:53:39,1,Healthy
1900,Warrior-500i,30.260383170686616,285.3572075523947,12.085519957774185,56.76983545678438,2026-09-20 16:58:39,1,Healthy
1901,Rogue-ET,34.290850199256646,229.25873315965416,11.023959442143964,57.13681094031259,2026-09-20 16:58:39,1,Healthy
1902,Aristo-500ix,26.38108565373662,230.82011297364897,13.311965455369794,61.25095555288294,2026-09-20 16:58:39,1,Healthy
1903,Warrior-500i,32.74116049471529,290.50367521645705,12.684236380992271,61.901278653606,2026-09-20 17:03:39,1,Healthy
1904,Rogue-ET,23.002770743412576,232.78024796630925,15.473525556618782,49.375526850576136,2026-09-20 17:03:39,1,Healthy
1905,Aristo-500ix,35.188751351112415,292.700288168725,12.518690428744325,50.104544395442986,2026-09-20 17:03:39,1,Healthy
1906,Warrior-500i,35.736380172918686,210.82883789590798,10.079498296940562,56.68270414420635,2026-09-20 17:08:39,1,Healthy
1907,Rogue-ET,29.983047485256126,280.5908450737411,14.91734703609863,70.69309735204557,2026-09-20 17:08:39,1,Healthy
1908,Aristo-500ix,32.35665584818815,165.29732035871442,17.478947670801332,56.004359668859294,2026-09-20 17:08:39,1,Healthy
1909,Warrior-500i,25.433759881408463,286.2275178462614,11.98549764141075,65.89037043098998,2026-09-20 17:13:39,1,Healthy
1910,Rogue-ET,28.15202593731745,205.2328417856572,11.740965075483459,59.55635546680937,2026-09-20 17:13:39,1,Healthy
1911,Aristo-500ix,27.19251266896354,276.43490002706415,17.055805209226705,56.97762460694531,2026-09-20 17:13:39,1,Healthy
1912,Warrior-500i,32.717466363469946,185.12866463131706,10.129860785260943,45.17268755167372,2026-09-20 17:18:39,-1,Action Required
1913,Rogue-ET,22.070525732662635,248.6634265785456,10.875066446337815,50.77666576970191,2026-09-20 17:18:39,1,Healthy
1914,Aristo-500ix,34.5217875748736,190.56204364503472,14.712013155320534,53.50885220710809,2026-09-20 17:18:39,1,Healthy
1915,Warrior-500i,30.1642158861564,217.507672629675,12.591830415294309,53.17380270826003,2026-09-20 17:23:39,1,Healthy
1916,Rogue-ET,37.58625842433104,273.1009288549318,11.524696665536222,64.13329400120179,2026-09-20 17:23:39,1,Healthy
1917,Aristo-500ix,30.885430087544933,195.550478058125,16.82107420670555,53.17114329474099,2026-09-20 17:23:39,1,Healthy
1918,Warrior-500i,25.048285771857724,243.4958592231377,16.650245997642628,55.56910680065595,2026-09-20 17:28:39,1,Healthy
1919,Rogue-ET,34.019113459727265,194.9011268770069,11.384883646238904,66.88701819882591,2026-09-20 17:28:39,1,Healthy
1920,Aristo-500ix,30.00179807197869,265.0013836068814,16.552929574984308,51.64395113587656,2026-09-20 17:28:39,1,Healthy
1921,Warrior-500i,25.59828578326351,238.2574503085886,14.655025511917087,50.517531079291906,2026-09-20 17:33:39,1,Healthy
1922,Rogue-ET,28.270241081272754,254.52654757139473,17.54766652913447,45.33268672938887,2026-09-20 17:33:39,1,Healthy
1923,Aristo-500ix,26.51595024415192,213.86301960524366,15.094870134921033,70.96722626649019,2026-09-20 17:33:39,1,Healthy
1924,Warrior-500i,27.334317165076925,278.15869726767977,11.613208932363417,48.4501770851933,2026-09-20 17:38:39,1,Healthy
1925,Rogue-ET,32.262517561310446,168.43741447511977,14.701767903080034,64.75361337139947,2026-09-20 17:38:39,1,Healthy
1926,Aristo-500ix,29.76878243575463,169.83392832696583,16.954155978602614,63.344752878739854,2026-09-20 17:38:39,1,Healthy
1927,Warrior-500i,36.21907743232602,209.03075934473623,17.308283973209136,65.68378940713342,2026-09-20 17:43:39,1,Healthy
1928,Rogue-ET,30.39060876671953,176.52871395565813,13.122125212268102,65.30838512003504,2026-09-20 17:43:39,1,Healthy
1929,Aristo-500ix,36.37967368968083,288.3653673747421,14.358166590267981,59.54193813549497,2026-09-20 17:43:39,1,Healthy
1930,Warrior-500i,25.66487767664497,205.4087396778345,11.636110390677626,47.24542671333913,2026-09-20 17:48:39,1,Healthy
1931,Rogue-ET,30.051376054870126,255.27613832885623,17.767723420307924,49.96702572245563,2026-09-20 17:48:39,1,Healthy
1932,Aristo-500ix,25.215674046083247,182.14009282798662,17.53531051765026,51.58412972912692,2026-09-20 17:48:39,1,Healthy
1933,Warrior-500i,26.83046005977529,259.58744229373474,14.486403201509944,58.37304030337253,2026-09-20 17:53:39,1,Healthy
1934,Rogue-ET,33.88339321558355,289.85128303593444,14.657867026758296,54.033552269780316,2026-09-20 17:53:39,1,Healthy
1935,Aristo-500ix,31.325603477468956,164.93026922650608,15.410316123959591,55.372399525512144,2026-09-20 17:53:39,1,Healthy
1936,Warrior-500i,35.84818042366638,183.97280330027706,15.174071742754492,61.671631062824076,2026-09-20 17:58:39,1,Healthy
1937,Rogue-ET,27.809962503766243,185.4186155691553,10.03502978320548,71.73852477013277,2026-09-20 17:58:39,1,Healthy
1938,Aristo-500ix,36.35366571811046,270.0014794226074,14.284636694579541,72.57555737245016,2026-09-20 17:58:39,1,Healthy
1939,Warrior-500i,26.559469667505923,257.6904161403492,11.104325057317894,70.91375408435488,2026-09-20 18:03:39,1,Healthy
1940,Rogue-ET,27.460795488924003,232.66437150279557,10.018723843040974,51.540859003524574,2026-09-20 18:03:39,1,Healthy
1941,Aristo-500ix,31.487788694397352,183.67050049240643,13.275460639809669,65.40003651513322,2026-09-20 18:03:39,1,Healthy
1942,Warrior-500i,35.814186424662395,181.01387209799844,10.191957596561545,68.14068858440669,2026-09-20 18:08:39,1,Healthy
1943,Rogue-ET,25.83526506067738,178.27349446262198,12.502081155080841,45.39890885863155,2026-09-20 18:08:39,1,Healthy
1944,Aristo-500ix,29.7972483912814,273.1504205675613,10.293024380973662,70.0786861439679,2026-09-20 18:08:39,1,Healthy
1945,Warrior-500i,37.05385635031544,237.7046052857286,11.192230894976401,71.38457237120798,2026-09-20 18:13:39,1,Healthy
1946,Rogue-ET,31.608085955782933,278.7601359289763,14.726115309030128,54.82549208220193,2026-09-20 18:13:39,1,Healthy
1947,Aristo-500ix,23.138074248053456,156.32829418447687,11.57495753229691,49.265990183119584,2026-09-20 18:13:39,1,Healthy
1948,Warrior-500i,29.65613761684844,295.0851014410051,15.170718828661501,55.90531536874226,2026-09-20 18:18:39,1,Healthy
1949,Rogue-ET,26.777078475923645,265.99358620579596,17.209111344887383,71.4030929415006,2026-09-20 18:18:39,1,Healthy
1950,Aristo-500ix,34.816771852582725,200.97613688547355,10.601246041240458,50.26669110664943,2026-09-20 18:18:39,1,Healthy
1951,Warrior-500i,25.95343659492224,293.8765024289082,12.7270876734791,45.04007147063951,2026-09-20 18:23:39,1,Healthy
1952,Rogue-ET,32.205370644958705,242.18347563905326,12.325740148677493,55.885614730303985,2026-09-20 18:23:39,1,Healthy
1953,Aristo-500ix,35.94292014804316,295.3818703140357,15.856107935130176,56.807029595737106,2026-09-20 18:23:39,1,Healthy
1954,Warrior-500i,30.419371000780018,162.2605225805745,13.050427643067987,68.58354700424881,2026-09-20 18:28:39,1,Healthy
1955,Rogue-ET,31.434658099451926,214.67325132394797,10.491589618313343,55.91603194290457,2026-09-20 18:28:39,1,Healthy
1956,Aristo-500ix,28.661799765962137,181.81994043575318,14.435877145652345,61.61034380634814,2026-09-20 18:28:39,1,Healthy
1957,Warrior-500i,27.034431401826282,227.3411737604888,16.90136967235131,72.69054541698074,2026-09-20 18:33:39,1,Healthy
1958,Rogue-ET,31.190288045816185,287.0745788491747,11.291780831999159,52.53005891755602,2026-09-20 18:33:39,1,Healthy
1959,Aristo-500ix,36.70699128056724,163.87632822743723,16.436930291733447,51.14153003899428,2026-09-20 18:33:39,1,Healthy
1960,Warrior-500i,37.10929694642003,225.91502819987699,16.915597406339607,46.45316557233789,2026-09-20 18:38:39,1,Healthy
1961,Rogue-ET,22.666354133122937,156.66309437847377,13.878632429683153,69.58551604681728,2026-09-20 18:38:39,1,Healthy
1962,Aristo-500ix,28.516112487641976,229.23655277862497,12.198632851949224,50.27471668639862,2026-09-20 18:38:39,1,Healthy
1963,Warrior-500i,23.61136575889744,197.50958380298408,11.362910479908628,67.09914080914513,2026-09-20 18:43:39,1,Healthy
1964,Rogue-ET,28.755881547838968,275.1295473743658,11.700031627844856,47.96231027847602,2026-09-20 18:43:39,1,Healthy
1965,Aristo-500ix,33.542948532040455,269.9347883973135,17.26983959365947,74.13577550780676,2026-09-20 18:43:39,1,Healthy
1966,Warrior-500i,33.91685877532332,297.8824570527719,16.713327355567895,52.92405675506378,2026-09-20 18:48:39,1,Healthy
1967,Rogue-ET,37.816054796690295,195.07748511866404,10.402808102875278,69.67946282346398,2026-09-20 18:48:39,1,Healthy
1968,Aristo-500ix,34.959547275747376,259.5151998453532,16.466227837540185,55.01406613414183,2026-09-20 18:48:39,1,Healthy
1969,Warrior-500i,27.63889047206883,166.97563139744537,12.182656182564127,59.22073038008368,2026-09-20 18:53:39,1,Healthy
1970,Rogue-ET,33.06235957726999,168.77487111746444,15.248485326733357,52.93746038062656,2026-09-20 18:53:39,1,Healthy
1971,Aristo-500ix,35.93427870676511,219.2916114857914,11.974201221503302,70.42251978310614,2026-09-20 18:53:39,1,Healthy
1972,Warrior-500i,31.54213420282551,216.69558646459632,11.962733952259265,57.83608921633687,2026-09-20 18:58:39,1,Healthy
1973,Rogue-ET,37.61051130154925,175.41794449575013,15.099104623020143,45.710871166163564,2026-09-20 18:58:39,1,Healthy
1974,Aristo-500ix,31.12266216745433,221.67585545122122,11.07682737947477,51.54759069354742,2026-09-20 18:58:39,1,Healthy
1975,Warrior-500i,33.232230661145366,192.37618992611712,12.942679233710429,68.38840683316269,2026-09-20 19:03:39,1,Healthy
1976,Rogue-ET,36.0795549192485,289.3923477099488,10.443356153071212,47.38992782224101,2026-09-20 19:03:39,-1,Action Required
1977,Aristo-500ix,31.307009521633766,242.00292399338426,12.682497799910848,67.88005604739858,2026-09-20 19:03:39,1,Healthy
1978,Warrior-500i,24.846931717772627,298.0872096815708,14.762589903954858,72.50392100215339,2026-09-20 19:08:39,1,Healthy
1979,Rogue-ET,34.143550319537034,188.6649521094292,17.97014409363101,66.12400080240774,2026-09-20 19:08:39,1,Healthy
1980,Aristo-500ix,25.847766380383923,281.2117985592215,17.611043590953535,69.79908659743744,2026-09-20 19:08:39,1,Healthy
1981,Warrior-500i,28.43276593905967,194.83563761096718,15.739987158286493,59.795529348108325,2026-09-20 19:13:39,1,Healthy
1982,Rogue-ET,35.74202428461315,277.0368755148538,16.12629736334962,58.802924097575094,2026-09-20 19:13:39,1,Healthy
1983,Aristo-500ix,36.099860137867196,232.4761004269211,13.791522375258317,47.27730911272132,2026-09-20 19:13:39,1,Healthy
1984,Warrior-500i,29.187795227184978,274.29966404385164,11.400549769655726,65.55524735749225,2026-09-20 19:18:39,1,Healthy
1985,Rogue-ET,34.85719064662505,235.43983450086762,15.401407483159545,54.30828342585169,2026-09-20 19:18:39,1,Healthy
1986,Aristo-500ix,37.94984656329164,294.3092314382691,17.503978200293734,69.07846293367928,2026-09-20 19:18:39,1,Healthy
1987,Warrior-500i,29.40527592319554,290.1453561436907,11.297151001551295,64.89104745186306,2026-09-20 19:23:39,1,Healthy
1988,Rogue-ET,36.377454775681954,220.90263904990056,13.207753878341098,67.05285219388551,2026-09-20 19:23:39,1,Healthy
1989,Aristo-500ix,26.14636606904072,190.99579605648188,12.222061252126943,55.51121432915716,2026-09-20 19:23:39,1,Healthy
1990,Warrior-500i,33.49505048247888,230.5251397494768,12.623953903770666,51.098841488027375,2026-09-20 19:28:39,1,Healthy
1991,Rogue-ET,31.26848476767777,268.4112859618893,15.332594874442595,45.40570620711906,2026-09-20 19:28:39,1,Healthy
1992,Aristo-500ix,36.4699636869254,195.02541362208365,10.386823430171415,46.854584425322265,2026-09-20 19:28:39,1,Healthy
1993,Warrior-500i,27.39794435287824,207.4358403169088,13.058461449681444,56.05399640838136,2026-09-20 19:33:39,1,Healthy
1994,Rogue-ET,27.941849565401377,186.47063975367115,14.087935207253208,55.0744809837377,2026-09-20 19:33:39,1,Healthy
1995,Aristo-500ix,36.72818809184078,160.05987415083095,16.649298004711248,55.10315240677646,2026-09-20 19:33:39,1,Healthy
1996,Warrior-500i,36.14637031379425,257.32033379847377,12.016913689632693,68.58299198734008,2026-09-20 19:38:39,1,Healthy
1997,Rogue-ET,25.206049450721753,183.23244487959772,13.452540599270694,62.58386158402382,2026-09-20 19:38:39,1,Healthy
1998,Aristo-500ix,28.44302316408561,163.28063853915125,11.911414815125877,51.70795908796418,2026-09-20 19:38:39,1,Healthy
1999,Warrior-500i,22.65185344754026,282.47806108715156,17.531950356712137,57.964318733654565,2026-09-20 19:43:39,1,Healthy
2000,Rogue-ET,27.64410240514237,151.06383478976258,14.315049552968386,58.77144947183616,2026-09-20 19:43:39,1,Healthy
2001,Aristo-500ix,24.024422866879537,290.52111561487374,13.557681403635234,74.33381449824009,2026-09-20 19:43:39,1,Healthy
2002,Warrior-500i,36.34213964425014,159.90999539100287,13.323494489097902,54.98923715230285,2026-09-20 19:48:39,1,Healthy
2003,Rogue-ET,36.35842307877458,258.02635189994044,10.730869181346804,70.79822001514916,2026-09-20 19:48:39,1,Healthy
2004,Aristo-500ix,29.414441838332152,160.63496676136754,14.039705742813517,55.587265734897564,2026-09-20 19:48:39,1,Healthy
2005,Warrior-500i,28.461104329284723,247.09094044219813,10.535452469099987,45.89954493870222,2026-09-20 19:53:39,1,Healthy
2006,Rogue-ET,34.77031279911529,279.8948783617215,13.95862555244182,63.32979151403224,2026-09-20 19:53:39,1,Healthy
2007,Aristo-500ix,22.055463573338802,232.6135564529752,16.941001797363555,57.16486746997136,2026-09-20 19:53:39,1,Healthy
2008,Warrior-500i,26.239210354219665,283.43270702201187,17.34691253507519,55.5502397751804,2026-09-20 19:58:39,1,Healthy
2009,Rogue-ET,23.28149328833117,290.040614330144,12.103900540676985,62.63874407847014,2026-09-20 19:58:39,1,Healthy
2010,Aristo-500ix,29.841144578298152,172.05425517278078,10.921900053995994,52.28262694675039,2026-09-20 19:58:39,1,Healthy
2011,Warrior-500i,35.58528147350304,279.4487340301832,16.598245066784095,62.08473615028786,2026-09-20 20:03:39,1,Healthy
2012,Rogue-ET,25.811031623607015,291.71974326278655,14.372651887730992,61.97988632309497,2026-09-20 20:03:39,1,Healthy
2013,Aristo-500ix,22.13378053531614,238.70362130458153,11.0998691072969,50.06076583932114,2026-09-20 20:03:39,1,Healthy
2014,Warrior-500i,31.925630736283694,168.003913070638,10.431594257255465,46.99924792121706,2026-09-20 20:08:39,1,Healthy
2015,Rogue-ET,31.716273598439738,239.07436208208276,12.938817761959976,56.0728204614516,2026-09-20 20:08:39,1,Healthy
2016,Aristo-500ix,31.366397304026933,151.46416664271433,16.660830254724118,68.46749225986972,2026-09-20 20:08:39,1,Healthy
2017,Warrior-500i,32.48596609736817,171.13348872764965,14.057143471404832,63.968423851926126,2026-09-20 20:13:39,1,Healthy
2018,Rogue-ET,35.168017098218776,159.20186394318262,12.972212306188858,60.08906338433936,2026-09-20 20:13:39,1,Healthy
2019,Aristo-500ix,32.2796191980382,290.55629065477365,14.054666099573364,56.16957216302647,2026-09-20 20:13:39,1,Healthy
2020,Warrior-500i,23.499337910660092,220.44376909414538,12.341868818335346,71.93230625433668,2026-09-20 20:18:39,1,Healthy
2021,Rogue-ET,29.367991687089685,242.46918659090178,15.443242210556736,60.05334665172535,2026-09-20 20:18:39,1,Healthy
2022,Aristo-500ix,33.06038441554256,294.05198754287596,16.711673566524055,69.88112319082303,2026-09-20 20:18:39,1,Healthy
2023,Warrior-500i,32.610305034024385,182.8373417901543,12.863112283057324,66.96044613511872,2026-09-20 20:23:39,1,Healthy
2024,Rogue-ET,22.838205860102065,154.40872380600774,15.232739582981996,57.34360907737194,2026-09-20 20:23:39,1,Healthy
2025,Aristo-500ix,26.999389121605617,203.00212513876141,16.268588542152806,48.68274284634344,2026-09-20 20:23:39,1,Healthy
2026,Warrior-500i,28.469873778038156,171.2013200909233,16.0586080610816,67.12397809133373,2026-09-20 20:28:39,1,Healthy
2027,Rogue-ET,35.64033685536164,178.94794778617512,14.225691429948002,50.81286561316398,2026-09-20 20:28:39,1,Healthy
2028,Aristo-500ix,23.327092589282337,198.6326164942215,13.931529949005,65.91542858074541,2026-09-20 20:28:39,1,Healthy
2029,Warrior-500i,35.88757057157801,258.73702068904294,10.658238129798711,52.97241484065245,2026-09-20 20:33:39,1,Healthy
2030,Rogue-ET,34.5004749481093,203.1826797566004,12.946265187527352,54.13838582017435,2026-09-20 20:33:39,1,Healthy
2031,Aristo-500ix,28.139823128367375,202.24793261790546,13.807574071859406,60.54345464378954,2026-09-20 20:33:39,1,Healthy
2032,Warrior-500i,22.45870248456229,172.31482088642665,10.378082013961532,69.78841266153778,2026-09-20 20:38:39,1,Healthy
2033,Rogue-ET,34.963293084038646,218.61741530375167,15.726575109765399,53.38383411859017,2026-09-20 20:38:39,1,Healthy
2034,Aristo-500ix,36.91810961493039,267.2062122024352,13.340323350914389,51.713088676919504,2026-09-20 20:38:39,1,Healthy
2035,Warrior-500i,22.130042974198304,252.38999514694186,12.739470837228632,52.35804538071272,2026-09-20 20:43:39,1,Healthy
2036,Rogue-ET,27.494802943227306,222.28397528508617,17.098077750931612,45.32794236182827,2026-09-20 20:43:39,1,Healthy
2037,Aristo-500ix,35.02529281518586,252.9123268504851,13.576492112254734,51.455079752275275,2026-09-20 20:43:39,1,Healthy
2038,Warrior-500i,31.69746569016136,240.19091230354348,15.522885093533297,62.57845126932679,2026-09-20 20:48:39,1,Healthy
2039,Rogue-ET,22.43261798667431,217.70395068576386,12.253962404245286,58.92503236293982,2026-09-20 20:48:39,1,Healthy
2040,Aristo-500ix,33.219668620086296,211.5720602345554,17.26910014663914,55.96981583017717,2026-09-20 20:48:39,1,Healthy
2041,Warrior-500i,37.859183905330816,197.95132230097573,17.888030075641687,54.16830403749412,2026-09-20 20:53:39,1,Healthy
2042,Rogue-ET,29.139533086878245,241.06516189435212,16.802603281439687,67.40218433226929,2026-09-20 20:53:39,1,Healthy
2043,Aristo-500ix,37.81390149267038,198.34080381497375,17.847510205091563,63.50834718858599,2026-09-20 20:53:39,1,Healthy
2044,Warrior-500i,31.725606928519056,218.5167618199131,12.025313640003382,69.18513114938916,2026-09-20 20:58:39,1,Healthy
2045,Rogue-ET,32.54379558493917,217.46095696744786,10.512570131745132,70.10701822157226,2026-09-20 20:58:39,1,Healthy
2046,Aristo-500ix,27.249662258807128,295.39125678476046,15.255753536681985,53.2432100853793,2026-09-20 20:58:39,1,Healthy
2047,Warrior-500i,34.78602433966691,199.53690757818066,16.789271092759112,72.23174237360274,2026-09-20 21:03:39,1,Healthy
2048,Rogue-ET,28.32298804553209,176.06290799512018,10.7042914195364,49.56595734939122,2026-09-20 21:03:39,1,Healthy
2049,Aristo-500ix,23.451250991448596,195.39945883818754,15.624765347987594,64.9362087173131,2026-09-20 21:03:39,1,Healthy
2050,Warrior-500i,29.618421053245036,163.6288232148142,17.62014791775095,61.406792229480395,2026-09-20 21:08:39,1,Healthy
2051,Rogue-ET,28.918086793835336,293.85054259780986,15.729631785928547,48.92929864457379,2026-09-20 21:08:39,1,Healthy
2052,Aristo-500ix,35.26805658649269,282.2904873759147,11.18036458409021,74.78846371977008,2026-09-20 21:08:39,1,Healthy
2053,Warrior-500i,22.57273785192431,286.6136767820196,11.930862157354195,69.29141472569948,2026-09-20 21:13:39,1,Healthy
2054,Rogue-ET,34.72706484959397,292.8770868038557,13.017879699372106,74.59938449608438,2026-09-20 21:13:39,1,Healthy
2055,Aristo-500ix,31.212458908575314,179.36326606487322,10.383561574545933,73.91059449835377,2026-09-20 21:13:39,1,Healthy
2056,Warrior-500i,33.16627510942671,159.88930445014304,12.326209718257726,56.56982606768702,2026-09-20 21:18:39,1,Healthy
2057,Rogue-ET,29.121383322456587,155.00133133279815,15.43771788843431,50.745160768043405,2026-09-20 21:18:39,1,Healthy
2058,Aristo-500ix,35.4948048284506,255.4249271905677,15.04376548293293,60.339219854477875,2026-09-20 21:18:39,1,Healthy
2059,Warrior-500i,24.31172665247771,178.42888796052557,15.375294409948623,54.89816986602429,2026-09-20 21:23:39,1,Healthy
2060,Rogue-ET,29.818737641561825,177.13467297717483,10.712329183106249,53.886002038779765,2026-09-20 21:23:39,1,Healthy
2061,Aristo-500ix,29.41889157417413,178.72065162868677,16.733650396947038,65.18544470883594,2026-09-20 21:23:39,1,Healthy
2062,Warrior-500i,37.292430023226544,254.40561803204497,17.910509582117932,54.250204716016505,2026-09-20 21:28:39,1,Healthy
2063,Rogue-ET,22.465097353003863,292.3696911110003,14.52201829009739,46.467869376206636,2026-09-20 21:28:39,1,Healthy
2064,Aristo-500ix,37.03365166890668,260.70117316120223,14.834854623178032,67.76427784628916,2026-09-20 21:28:39,1,Healthy
2065,Warrior-500i,33.943502730602816,238.97602114287724,15.851210313884657,53.87962293412233,2026-09-20 21:33:39,1,Healthy
2066,Rogue-ET,29.036599824255987,252.8891074634966,14.28146940534786,72.37603357127972,2026-09-20 21:33:39,1,Healthy
2067,Aristo-500ix,31.01058076146631,264.7814757392446,12.905731412124604,74.86882802497014,2026-09-20 21:33:39,1,Healthy
2068,Warrior-500i,36.235227190595474,212.2548702712131,11.204015954540033,72.6079132929013,2026-09-20 21:38:39,1,Healthy
2069,Rogue-ET,34.84891671992282,191.94399150467333,15.29072731168814,68.38514228238432,2026-09-20 21:38:39,1,Healthy
2070,Aristo-500ix,27.810713508385383,180.7344266068742,13.472909358856757,71.19451170823027,2026-09-20 21:38:39,1,Healthy
2071,Warrior-500i,26.509261768956556,237.6448713552943,15.520164748199923,67.30081516984919,2026-09-20 21:43:39,1,Healthy
2072,Rogue-ET,26.681070106577774,241.76359745486616,12.651475629269736,53.98350930233957,2026-09-20 21:43:39,1,Healthy
2073,Aristo-500ix,33.93172341492737,181.7433870607769,11.7139227795253,73.44103208686697,2026-09-20 21:43:39,1,Healthy
2074,Warrior-500i,31.052558676336194,259.23361972423805,17.836734513179046,73.47609974943657,2026-09-20 21:48:39,1,Healthy
2075,Rogue-ET,31.43817904724735,170.71322432839145,12.25846519207498,54.5067931271575,2026-09-20 21:48:39,1,Healthy
2076,Aristo-500ix,32.49115813130076,297.81518297201643,13.150869756219242,45.06076198793948,2026-09-20 21:48:39,1,Healthy
2077,Warrior-500i,26.391604844457326,235.12078235466996,16.994206100612757,59.1576580449713,2026-09-20 21:53:39,1,Healthy
2078,Rogue-ET,30.923013490101454,284.1290151161144,16.03477842313795,74.87518749726522,2026-09-20 21:53:39,1,Healthy
2079,Aristo-500ix,22.493806336579098,182.81858961339498,11.538391741439323,72.44377143177773,2026-09-20 21:53:39,1,Healthy
2080,Warrior-500i,33.389031493389346,182.73077307822473,17.682166502086837,46.982964790875776,2026-09-20 21:58:39,1,Healthy
2081,Rogue-ET,30.967355581439776,260.8301547664501,16.164049901170728,62.3555176232139,2026-09-20 21:58:39,1,Healthy
2082,Aristo-500ix,31.217682162214757,198.19953804324385,11.894731808647418,50.261657649085436,2026-09-20 21:58:39,1,Healthy
2083,Warrior-500i,36.23887199445011,224.3510178404423,15.556213524319544,53.36680443975161,2026-09-20 22:03:39,1,Healthy
2084,Rogue-ET,24.83682627666977,225.82471828100057,13.761064570243276,63.157714529052285,2026-09-20 22:03:39,1,Healthy
2085,Aristo-500ix,23.378069491928343,265.4272949480635,16.487425135646852,60.10020284268365,2026-09-20 22:03:39,1,Healthy
2086,Warrior-500i,34.85080976139238,279.03432508863887,15.459989016337019,58.70521974745981,2026-09-20 22:08:39,1,Healthy
2087,Rogue-ET,22.819122912141236,168.37660113153862,11.734183979514874,70.76618246636781,2026-09-20 22:08:39,1,Healthy
2088,Aristo-500ix,35.630932952505404,282.82487883492513,12.484536516512492,64.15403025149018,2026-09-20 22:08:39,1,Healthy
2089,Warrior-500i,26.127784207171565,262.5952793299669,14.364005953897413,47.0091689746564,2026-09-20 22:13:39,1,Healthy
2090,Rogue-ET,32.23028004597466,239.01178773387159,14.44133544035866,57.96136067793456,2026-09-20 22:13:39,1,Healthy
2091,Aristo-500ix,29.651578028518358,222.28236773713206,13.470340799564358,58.02359133927448,2026-09-20 22:13:39,1,Healthy
2092,Warrior-500i,35.4187610436155,281.36499812961154,12.822062304043724,57.975817616821914,2026-09-20 22:18:39,1,Healthy
2093,Rogue-ET,28.742962528351608,185.78539063483086,14.875742270414776,62.748377653827546,2026-09-20 22:18:39,1,Healthy
2094,Aristo-500ix,22.649690127549732,241.99523747550637,13.292617972976522,70.36054809949007,2026-09-20 22:18:39,1,Healthy
2095,Warrior-500i,36.96660019698537,268.3559696264765,17.416367506728346,50.78649668832074,2026-09-20 22:23:39,1,Healthy
2096,Rogue-ET,24.17192586619866,232.86046610056653,13.193030241542612,60.05993343025511,2026-09-20 22:23:39,1,Healthy
2097,Aristo-500ix,36.01340759162878,162.1294051408004,12.25568774185987,69.85021464184747,2026-09-20 22:23:39,1,Healthy
2098,Warrior-500i,37.52304278862766,200.00313563959094,10.98272918868906,58.656700144261244,2026-09-20 22:28:39,1,Healthy
2099,Rogue-ET,27.606665680837708,291.7829695028204,14.046085848856475,45.39848301214698,2026-09-20 22:28:39,1,Healthy
2100,Aristo-500ix,24.36852486172714,192.07172241887733,17.715185453566484,73.45798544055593,2026-09-20 22:28:39,1,Healthy
2101,Warrior-500i,33.982345006769265,162.88233833982295,11.063012195058931,68.91797567928188,2026-09-20 22:33:39,1,Healthy
2102,Rogue-ET,33.67623756224111,249.97452206658323,12.836755110982871,64.5981624284669,2026-09-20 22:33:39,1,Healthy
2103,Aristo-500ix,25.781466713573252,159.1521066986648,14.835015335555127,48.26913704067708,2026-09-20 22:33:39,1,Healthy
2104,Warrior-500i,34.91522494497001,216.744181256155,17.648247730575356,59.19171027531181,2026-09-20 22:38:39,1,Healthy
2105,Rogue-ET,33.50632308285599,262.6903698049941,11.51173431602002,60.24439667712497,2026-09-20 22:38:39,1,Healthy
2106,Aristo-500ix,31.041526829072794,296.04630269011835,15.863678590724275,61.37392176686511,2026-09-20 22:38:39,1,Healthy
2107,Warrior-500i,36.01254227942054,261.19840149068045,13.667620407449789,73.25285369553295,2026-09-20 22:43:39,1,Healthy
2108,Rogue-ET,36.84043385511899,157.64424577499273,12.218943904921804,53.50917136197476,2026-09-20 22:43:39,1,Healthy
2109,Aristo-500ix,32.922120136424724,181.63059391099512,10.769822723538834,73.51419449868968,2026-09-20 22:43:39,1,Healthy
2110,Warrior-500i,31.08514850127252,275.64067654222754,15.54264927271224,59.06211522398312,2026-09-20 22:48:39,1,Healthy
2111,Rogue-ET,33.11832986481372,157.47127317748314,13.900695798761056,72.2761961131562,2026-09-20 22:48:39,1,Healthy
2112,Aristo-500ix,24.746233638890153,172.89470693195994,15.817599696043912,73.14492867826979,2026-09-20 22:48:39,1,Healthy
2113,Warrior-500i,37.09746831852011,210.73966290817555,16.81850001397568,55.091389710104025,2026-09-20 22:53:39,1,Healthy
2114,Rogue-ET,37.58447875396813,164.7622449776166,13.7574768617261,57.05462050630754,2026-09-20 22:53:39,1,Healthy
2115,Aristo-500ix,24.360720997555113,288.4834346649179,12.817595894619634,49.26573693237146,2026-09-20 22:53:39,1,Healthy
2116,Warrior-500i,27.281774920559762,259.07942871227687,11.864397396097996,50.41836735644048,2026-09-20 22:58:39,1,Healthy
2117,Rogue-ET,27.091629386356622,192.49657206315874,14.083466396353494,45.5927912777793,2026-09-20 22:58:39,1,Healthy
2118,Aristo-500ix,25.918895294850824,203.5536767170558,15.580587267329069,56.44772600278995,2026-09-20 22:58:39,1,Healthy
2119,Warrior-500i,28.818392204745372,226.2715325160243,17.27247594843329,67.64680765998608,2026-09-20 23:03:39,1,Healthy
2120,Rogue-ET,33.664119066280136,218.64472477014624,17.950794706151125,68.46862110847906,2026-09-20 23:03:39,1,Healthy
2121,Aristo-500ix,22.248453066495752,273.183780112932,10.01879200282013,56.962499153674415,2026-09-20 23:03:39,-1,Action Required
2122,Warrior-500i,31.401573567678323,166.2266736025794,16.769649733309258,48.871544426721606,2026-09-20 23:08:39,1,Healthy
2123,Rogue-ET,26.74894491002508,160.2980989720814,11.008383531147278,58.0184043860215,2026-09-20 23:08:39,1,Healthy
2124,Aristo-500ix,23.11396634453233,258.23520378742666,13.251744618016588,52.530051772855806,2026-09-20 23:08:39,1,Healthy
2125,Warrior-500i,37.23641883070996,167.8677074608163,16.242011320981096,70.1184018269367,2026-09-20 23:13:39,1,Healthy
2126,Rogue-ET,35.58264388600741,295.64220548676457,10.94763748132551,49.57649876449476,2026-09-20 23:13:39,1,Healthy
2127,Aristo-500ix,32.66827563131142,174.21206471014048,12.530851621455605,52.095013922940616,2026-09-20 23:13:39,1,Healthy
2128,Warrior-500i,33.46283121422749,296.7220536585844,16.169731421888216,58.8908619597858,2026-09-20 23:18:39,1,Healthy
2129,Rogue-ET,34.351177142091935,159.20854581956942,16.961426951593943,73.57818924571198,2026-09-20 23:18:39,1,Healthy
2130,Aristo-500ix,33.453112156094235,268.63298063325556,12.091138615917945,46.15558503612215,2026-09-20 23:18:39,1,Healthy
2131,Warrior-500i,27.124283354600067,292.5734990522888,14.384413057064364,57.05511967443554,2026-09-20 23:23:39,1,Healthy
2132,Rogue-ET,25.071268256054882,163.02097038590907,11.473400457565168,57.721077287930896,2026-09-20 23:23:39,1,Healthy
2133,Aristo-500ix,26.835980893597878,276.8739372674198,16.420900225905182,47.62085464603361,2026-09-20 23:23:39,1,Healthy
2134,Warrior-500i,33.23903365955766,241.96839344726305,13.571464219594034,52.72723364287842,2026-09-20 23:28:39,1,Healthy
2135,Rogue-ET,33.55413501322554,166.01628337824044,17.164743264088088,51.90543803122517,2026-09-20 23:28:39,1,Healthy
2136,Aristo-500ix,22.11436192007172,215.38617140564187,14.852787459292863,52.79853079718847,2026-09-20 23:28:39,1,Healthy
2137,Warrior-500i,32.092552084796935,189.34845314847473,15.930110586463456,62.86835428749707,2026-09-20 23:33:39,1,Healthy
2138,Rogue-ET,28.540178201573738,209.8781037644162,14.19949541803539,58.003935394520475,2026-09-20 23:33:39,1,Healthy
2139,Aristo-500ix,35.6612564640015,244.06375005570862,11.832761243592692,58.10795369033342,2026-09-20 23:33:39,1,Healthy
2140,Warrior-500i,34.37300670282812,192.28641394397027,13.8026015558303,60.58137264011548,2026-09-20 23:38:39,1,Healthy
2141,Rogue-ET,23.53106417060806,158.80725084764754,12.606332480980818,64.66806707336124,2026-09-20 23:38:39,1,Healthy
2142,Aristo-500ix,28.4484683441855,233.94991568406292,11.713717756870254,64.95308398804491,2026-09-20 23:38:39,1,Healthy
2143,Warrior-500i,35.49216168554367,284.81239962437644,11.835864466141054,68.64877144664086,2026-09-20 23:43:39,1,Healthy
2144,Rogue-ET,37.21523325066688,153.61775150364014,13.702265536121407,68.1184049680472,2026-09-20 23:43:39,1,Healthy
2145,Aristo-500ix,34.475433206514595,263.0633884130965,13.251114243994945,48.6921145991877,2026-09-20 23:43:39,1,Healthy
2146,Warrior-500i,29.912713025933954,232.04308243823294,15.104175039351354,72.16361778918515,2026-09-20 23:48:39,1,Healthy
2147,Rogue-ET,22.002405853797566,250.96398699510047,13.114076449235945,58.919430484864925,2026-09-20 23:48:39,1,Healthy
2148,Aristo-500ix,22.211880775280683,222.67050965664168,12.206136340579627,46.016324023767396,2026-09-20 23:48:39,1,Healthy
2149,Warrior-500i,24.763692711483706,243.7140861232121,15.382177678572837,71.41990471494842,2026-09-20 23:53:39,1,Healthy
2150,Rogue-ET,28.758277492453942,153.48216948886017,10.399058230507148,68.7847000831047,2026-09-20 23:53:39,1,Healthy
2151,Aristo-500ix,36.05206890169761,295.88938451755274,11.898738568242212,67.31118536079279,2026-09-20 23:53:39,1,Healthy
2152,Warrior-500i,34.580677439387664,272.2733454329475,17.967143091781818,73.9148657394482,2026-09-20 23:58:39,1,Healthy
2153,Rogue-ET,35.35217324496138,234.86985551131448,17.71879111809227,59.73265231796315,2026-09-20 23:58:39,1,Healthy
2154,Aristo-500ix,26.2335689048795,185.5215644667456,14.037931046287348,46.43333724799568,2026-09-20 23:58:39,1,Healthy
2155,Warrior-500i,34.81681277034544,206.83297874982895,12.81709954713618,46.91113635405334,2026-09-21 00:03:39,1,Healthy
2156,Rogue-ET,22.156098883177314,287.1229408122947,16.27897030022772,73.00843794409087,2026-09-21 00:03:39,-1,Action Required
2157,Aristo-500ix,27.59389048913933,201.2484759078904,13.150112710227248,45.95263078885735,2026-09-21 00:03:39,1,Healthy
2158,Warrior-500i,32.13780689725807,216.42704079157022,14.865616577383975,70.38702421535523,2026-09-21 00:08:39,1,Healthy
2159,Rogue-ET,31.814295149513356,180.29473973977193,17.17081312837021,63.570957299436856,2026-09-21 00:08:39,1,Healthy
2160,Aristo-500ix,28.726528094235597,168.77761605248378,11.631453924310938,63.944078030824315,2026-09-21 00:08:39,1,Healthy
2161,Warrior-500i,31.20739090729703,259.8008134780967,15.69590763343627,57.798076868144335,2026-09-21 00:13:39,1,Healthy
2162,Rogue-ET,29.517636113627308,163.98286167416248,13.910224954155531,57.48961254079165,2026-09-21 00:13:39,1,Healthy
2163,Aristo-500ix,30.56593244833048,184.4487186252018,13.553396474941588,72.22396124043189,2026-09-21 00:13:39,1,Healthy
2164,Warrior-500i,24.78610095655377,162.84894150974023,16.624213438085498,72.37465076373505,2026-09-21 00:18:39,1,Healthy
2165,Rogue-ET,29.794897084924713,168.72998077016916,12.575292029788883,65.10913358469276,2026-09-21 00:18:39,1,Healthy
2166,Aristo-500ix,31.92597525373047,257.5804487437532,10.995705988572167,55.165206823135435,2026-09-21 00:18:39,1,Healthy
2167,Warrior-500i,30.738747648621366,252.1019973056824,12.919821258664083,68.19801806231446,2026-09-21 00:23:39,1,Healthy
2168,Rogue-ET,29.779886802669655,282.8160593464012,13.903930440767917,47.90037083637542,2026-09-21 00:23:39,1,Healthy
2169,Aristo-500ix,34.83036825048099,158.7718034272346,14.105174174855776,57.23064502554009,2026-09-21 00:23:39,1,Healthy
2170,Warrior-500i,25.24374349730794,161.16292207428378,13.42985555126733,66.78998148315374,2026-09-21 00:28:39,1,Healthy
2171,Rogue-ET,25.182231131561203,283.9617336017094,15.407836158409735,72.50920959572542,2026-09-21 00:28:39,1,Healthy
2172,Aristo-500ix,29.98428167943882,153.11752497359694,17.804191908273555,54.78183988544184,2026-09-21 00:28:39,1,Healthy
2173,Warrior-500i,30.538700709130335,155.3489621939021,15.585198761175814,54.67795922464795,2026-09-21 00:33:39,1,Healthy
2174,Rogue-ET,35.2932081294367,221.46636023442778,10.64917959154538,50.48242067342227,2026-09-21 00:33:39,1,Healthy
2175,Aristo-500ix,22.4482695100593,206.52096360811973,10.459675014218051,53.93060755246959,2026-09-21 00:33:39,1,Healthy
2176,Warrior-500i,37.892338315199005,194.2972350135018,11.254786420842109,53.14549798944409,2026-09-21 00:38:39,1,Healthy
2177,Rogue-ET,29.173968264307817,198.52128526661,16.523043172750437,58.91944288809039,2026-09-21 00:38:39,1,Healthy
2178,Aristo-500ix,32.33606940806973,254.41138743463802,14.67518805167878,60.013226081219635,2026-09-21 00:38:39,1,Healthy
2179,Warrior-500i,36.76619779913655,285.04029614771224,12.433752751861896,48.04237152861032,2026-09-21 00:43:39,1,Healthy
2180,Rogue-ET,32.502187709622405,237.35304468300143,15.620610995478314,65.79444174258043,2026-09-21 00:43:39,1,Healthy
2181,Aristo-500ix,23.19053026406808,299.19812052089856,16.796852131330034,46.412580709081865,2026-09-21 00:43:39,-1,Action Required
2182,Warrior-500i,27.077574853513845,290.9002884639587,16.45263845198701,55.096691522884456,2026-09-21 00:48:39,1,Healthy
2183,Rogue-ET,32.48228912601323,240.28418125745316,17.205310705182214,62.95390229298996,2026-09-21 00:48:39,1,Healthy
2184,Aristo-500ix,33.70927772454942,265.150630521213,15.919972730052379,46.76673546880796,2026-09-21 00:48:39,1,Healthy
2185,Warrior-500i,33.26895225238249,183.37620729866694,10.633304112832167,74.28772098216393,2026-09-21 00:53:39,1,Healthy
2186,Rogue-ET,31.567390443690513,256.33032993747935,12.615409903243993,45.562805236905724,2026-09-21 00:53:39,1,Healthy
2187,Aristo-500ix,36.43349290006472,178.90318835769315,12.535629753592975,50.90045611062114,2026-09-21 00:53:39,1,Healthy
2188,Warrior-500i,29.630223402663702,235.8089664750155,12.856205232531362,59.0701989337916,2026-09-21 00:58:39,1,Healthy
2189,Rogue-ET,26.316277075394844,161.15478230781386,10.1051315781638,69.34451681076982,2026-09-21 00:58:39,1,Healthy
2190,Aristo-500ix,29.800151157790744,253.47396438907703,11.474700198919162,62.38137067874179,2026-09-21 00:58:39,1,Healthy
2191,Warrior-500i,30.176566562305002,235.7797507225468,15.365313230497073,66.68864989613004,2026-09-21 01:03:39,1,Healthy
2192,Rogue-ET,24.121288506981536,179.73285157371453,11.918334498085251,45.44887079193713,2026-09-21 01:03:39,1,Healthy
2193,Aristo-500ix,25.96390817198691,198.2753017808789,10.541033078572172,52.90410946507479,2026-09-21 01:03:39,1,Healthy
2194,Warrior-500i,28.74635280481663,203.10001457163713,16.62618596937375,56.77153709483017,2026-09-21 01:08:39,1,Healthy
2195,Rogue-ET,37.112430254068094,198.94237401402293,11.259643391997205,58.77713979758424,2026-09-21 01:08:39,1,Healthy
2196,Aristo-500ix,26.480578283901707,236.86650954391916,12.689294275680474,45.04859383696366,2026-09-21 01:08:39,1,Healthy
2197,Warrior-500i,26.72704345794982,274.8989287137258,12.08425564534728,49.985415891067966,2026-09-21 01:13:39,1,Healthy
2198,Rogue-ET,29.633254542958852,215.08404413766303,16.742382350159666,74.50389480386931,2026-09-21 01:13:39,1,Healthy
2199,Aristo-500ix,33.45803066465113,216.22327718482893,17.045580046331864,54.924830457364685,2026-09-21 01:13:39,1,Healthy
2200,Warrior-500i,28.584317307858782,205.1203672119821,16.375584569769725,51.63114693212818,2026-09-21 01:18:39,1,Healthy
2201,Rogue-ET,26.515700859982296,261.410817566725,12.464418896315014,62.6892030472622,2026-09-21 01:18:39,1,Healthy
2202,Aristo-500ix,33.20397026976996,191.8531476976833,13.898824692217932,51.83938334088694,2026-09-21 01:18:39,1,Healthy
2203,Warrior-500i,28.610067379029854,172.91038583539552,15.98546660278334,53.09621002230674,2026-09-21 01:23:39,1,Healthy
2204,Rogue-ET,22.898232918980142,205.19249420548385,12.89158695562212,69.29657328078669,2026-09-21 01:23:39,1,Healthy
2205,Aristo-500ix,22.524953621814802,281.34173621596415,13.467546473628374,53.02071823573955,2026-09-21 01:23:39,1,Healthy
2206,Warrior-500i,36.28311578209861,221.06825403290753,17.763046959150827,70.56992876412704,2026-09-21 01:28:39,1,Healthy
2207,Rogue-ET,29.066257314520158,150.6053982156974,13.376333943945298,59.99257119179403,2026-09-21 01:28:39,1,Healthy
2208,Aristo-500ix,31.99394706208297,271.491609494454,13.669352699318269,69.26104281462494,2026-09-21 01:28:39,1,Healthy
2209,Warrior-500i,22.332248760192734,201.9300844762357,15.376219499015795,54.09529939132253,2026-09-21 01:33:39,1,Healthy
2210,Rogue-ET,33.40944501125499,210.84457522174665,14.749232956283766,51.35202134113847,2026-09-21 01:33:39,1,Healthy
2211,Aristo-500ix,26.472844242936866,179.51001734276016,16.82493572601357,62.933323489048604,2026-09-21 01:33:39,1,Healthy
2212,Warrior-500i,25.074965984798332,169.61040687836797,14.813873122502848,55.540869108608675,2026-09-21 01:38:39,1,Healthy
2213,Rogue-ET,24.792444309375057,153.90153564136787,17.351422097964075,56.628887382080904,2026-09-21 01:38:39,1,Healthy
2214,Aristo-500ix,35.149912675599126,280.03040995623337,11.574018606615628,48.571533895169715,2026-09-21 01:38:39,1,Healthy
2215,Warrior-500i,22.52106144845699,218.687525019578,13.151589073149559,54.78898004032489,2026-09-21 01:43:39,1,Healthy
2216,Rogue-ET,36.97419701894697,294.4166933066807,14.927766351887307,50.75625280242552,2026-09-21 01:43:39,1,Healthy
2217,Aristo-500ix,33.74388521074334,217.07121968351143,13.992887108640339,57.434111131583094,2026-09-21 01:43:39,1,Healthy
2218,Warrior-500i,28.167590237769545,297.0081078925774,13.363138919398452,46.48119033292612,2026-09-21 01:48:39,1,Healthy
2219,Rogue-ET,24.392800751046508,219.20607067127878,17.917264228247248,58.09410226791947,2026-09-21 01:48:39,1,Healthy
2220,Aristo-500ix,27.331493158855114,223.34854363649936,13.686963688912316,66.4857594751731,2026-09-21 01:48:39,1,Healthy
2221,Warrior-500i,24.89624358493941,258.02042341079846,11.466898631153999,56.47926016404779,2026-09-21 01:53:39,1,Healthy
2222,Rogue-ET,37.139422729548045,206.77733166297458,15.682083499572986,57.85708919295634,2026-09-21 01:53:39,1,Healthy
2223,Aristo-500ix,31.09234518708381,216.79949059992882,10.107350161436756,64.44804435946453,2026-09-21 01:53:39,1,Healthy
2224,Warrior-500i,28.017714652725516,239.32646728554278,16.009399454510326,54.22197783440839,2026-09-21 01:58:39,1,Healthy
2225,Rogue-ET,33.16479606791174,225.09491116108205,12.176762156330884,58.88614151416914,2026-09-21 01:58:39,1,Healthy
2226,Aristo-500ix,25.418985650011695,195.48050385524311,17.68143302741548,55.210498306910615,2026-09-21 01:58:39,1,Healthy
2227,Warrior-500i,31.16684924312554,283.4559971171964,13.493486264728455,67.18523748839146,2026-09-21 02:03:39,1,Healthy
2228,Rogue-ET,36.56710446372601,180.08021957250315,12.134680336364598,71.59593074245602,2026-09-21 02:03:39,1,Healthy
2229,Aristo-500ix,24.430830007048637,167.8746695746551,14.621758621098682,62.45169467889181,2026-09-21 02:03:39,1,Healthy
2230,Warrior-500i,33.088362730079744,242.1776950045259,17.12301716060472,60.46238635101636,2026-09-21 02:08:39,1,Healthy
2231,Rogue-ET,22.65748918501422,239.4021780792558,13.281732475615918,53.730533096813836,2026-09-21 02:08:39,1,Healthy
2232,Aristo-500ix,28.127176559453325,221.65059553934924,16.036057531541903,58.14842678349984,2026-09-21 02:08:39,1,Healthy
2233,Warrior-500i,33.39886572645351,279.3740753217365,12.721118240968694,66.58813615783089,2026-09-21 02:13:39,1,Healthy
2234,Rogue-ET,23.412039112485324,194.12059615979683,14.488290975641938,71.91268728327023,2026-09-21 02:13:39,1,Healthy
2235,Aristo-500ix,28.40669090321792,172.05155632829008,14.393589048038312,55.03977251191222,2026-09-21 02:13:39,1,Healthy
2236,Warrior-500i,25.746448208290893,214.29018781427956,15.466997837946874,45.638403243345785,2026-09-21 02:18:39,1,Healthy
2237,Rogue-ET,32.46921404976388,154.28550063630146,13.872979766709687,56.29822168657758,2026-09-21 02:18:39,1,Healthy
2238,Aristo-500ix,28.90641367558572,158.74693173474287,15.486930022013976,73.78856892079713,2026-09-21 02:18:39,1,Healthy
2239,Warrior-500i,33.50665295240678,271.026219498015,15.894482811423366,51.7378873825796,2026-09-21 02:23:39,1,Healthy
2240,Rogue-ET,34.181283402113294,191.61045133846358,10.630342643194545,56.02934332422028,2026-09-21 02:23:39,1,Healthy
2241,Aristo-500ix,29.057868859941443,202.58590977743432,14.54076049948388,74.08624349561047,2026-09-21 02:23:39,1,Healthy
2242,Warrior-500i,31.66244340144607,191.65423416157748,13.134348560010526,59.910376284147404,2026-09-21 02:28:39,1,Healthy
2243,Rogue-ET,36.74224948138336,248.31357431835724,14.219306999741583,69.5552770216313,2026-09-21 02:28:39,1,Healthy
2244,Aristo-500ix,24.43284056226588,223.35881749311727,17.269487957352155,51.48957518192632,2026-09-21 02:28:39,1,Healthy
2245,Warrior-500i,35.90006705061054,176.08884684172253,15.629931303153803,54.29165091112127,2026-09-21 02:33:39,1,Healthy
2246,Rogue-ET,31.677131216532274,151.96026566639281,15.31714941832061,62.8972862578467,2026-09-21 02:33:39,1,Healthy
2247,Aristo-500ix,31.881927489005502,239.06080898574226,14.271594356776639,53.8968989367652,2026-09-21 02:33:39,1,Healthy
2248,Warrior-500i,23.412798523292828,296.61067431345,10.06911455381378,49.19270358704949,2026-09-21 02:38:39,-1,Action Required
2249,Rogue-ET,32.31504858186328,285.68121022221555,14.95316454129427,58.563146703834036,2026-09-21 02:38:39,1,Healthy
2250,Aristo-500ix,25.11873019453575,283.7460692748583,13.384358554163924,45.599443057874765,2026-09-21 02:38:39,1,Healthy
2251,Warrior-500i,29.221286902672947,188.8113114092376,16.850281238753624,59.254857531883,2026-09-21 02:43:39,1,Healthy
2252,Rogue-ET,31.144494463825268,181.3824541815374,16.12777857953289,56.72519519550396,2026-09-21 02:43:39,1,Healthy
2253,Aristo-500ix,22.266966661083014,175.24188794597305,17.53623263556806,51.82374039863,2026-09-21 02:43:39,1,Healthy
2254,Warrior-500i,36.905292285267834,285.85782366869194,17.916848014140804,55.655813665466205,2026-09-21 02:48:39,1,Healthy
2255,Rogue-ET,24.634656838279696,242.03769003781372,12.806307833969257,47.80099913021306,2026-09-21 02:48:39,1,Healthy
2256,Aristo-500ix,25.91385320055669,153.4495627942371,15.308011535452945,51.55890432009279,2026-09-21 02:48:39,1,Healthy
2257,Warrior-500i,23.911181620524793,288.5584076812944,11.106421534781628,49.26793172680037,2026-09-21 02:53:39,1,Healthy
2258,Rogue-ET,31.26717190249441,177.87032381235477,16.877048539011415,52.1543692024446,2026-09-21 02:53:39,1,Healthy
2259,Aristo-500ix,28.377629949927947,225.0586508595449,10.04094489649662,69.3088963128788,2026-09-21 02:53:39,1,Healthy
2260,Warrior-500i,27.44557856858439,165.9605477816939,17.986849547196375,51.45483755480809,2026-09-21 02:58:39,1,Healthy
2261,Rogue-ET,27.173315602952947,180.71001150318762,12.244072977116538,74.19976725642972,2026-09-21 02:58:39,1,Healthy
2262,Aristo-500ix,26.148022539674475,276.0998555079783,15.333187986377684,64.21759061607537,2026-09-21 02:58:39,1,Healthy
2263,Warrior-500i,29.22929322020004,294.09456758419094,11.597585953352214,70.96184911577946,2026-09-21 03:03:39,1,Healthy
2264,Rogue-ET,35.874768602344005,204.379486470263,12.286345349679795,56.243521124803046,2026-09-21 03:03:39,1,Healthy
2265,Aristo-500ix,32.21052369224633,174.58832329322462,11.846831019420641,50.233313033977694,2026-09-21 03:03:39,1,Healthy
2266,Warrior-500i,35.94634182055407,197.83350318718342,17.95017886572402,61.2773333483671,2026-09-21 03:08:39,1,Healthy
2267,Rogue-ET,27.02817294430718,225.10677103339376,16.008290061864674,48.46468638299886,2026-09-21 03:08:39,1,Healthy
2268,Aristo-500ix,36.52163512421303,225.6893072213843,11.094176970930771,46.19400249333721,2026-09-21 03:08:39,1,Healthy
2269,Warrior-500i,33.661249342965704,275.3894633650486,13.188761367534596,52.900701730707404,2026-09-21 03:13:39,1,Healthy
2270,Rogue-ET,32.1279347006286,257.7833340798122,13.57563095593255,51.5182291369314,2026-09-21 03:13:39,1,Healthy
2271,Aristo-500ix,25.73201315014994,195.938838759315,16.73390309952323,45.28416625484175,2026-09-21 03:13:39,1,Healthy
2272,Warrior-500i,37.918765250400305,206.6935990381799,12.022544696916203,49.94589436329649,2026-09-21 03:18:39,1,Healthy
2273,Rogue-ET,32.02119331969397,211.73063345018974,17.225206531383336,46.51942794974233,2026-09-21 03:18:39,1,Healthy
2274,Aristo-500ix,31.742866675320364,194.44687367408818,12.732767259264488,73.75055869995585,2026-09-21 03:18:39,1,Healthy
2275,Warrior-500i,23.08577403849602,232.50034435950883,17.41069788683762,67.26739793498713,2026-09-21 03:23:39,1,Healthy
2276,Rogue-ET,28.111592985803657,201.107020158158,14.153969835611369,51.09705325465069,2026-09-21 03:23:39,1,Healthy
2277,Aristo-500ix,27.945586089633387,193.8306820688256,16.633088736646986,53.72596057147436,2026-09-21 03:23:39,1,Healthy
2278,Warrior-500i,37.5458956197447,266.83976174541806,11.511748337521073,67.56792872542142,2026-09-21 03:28:39,1,Healthy
2279,Rogue-ET,37.91920486765905,266.16922497437065,12.190024360809147,52.64452078946007,2026-09-21 03:28:39,1,Healthy
2280,Aristo-500ix,29.145901918552802,275.2929293455435,14.422852080993167,60.27464757909203,2026-09-21 03:28:39,1,Healthy
2281,Warrior-500i,31.221736899396653,183.8049532109024,12.211277507742347,70.74724021762327,2026-09-21 03:33:39,1,Healthy
2282,Rogue-ET,22.341188133858783,286.0781964854392,14.365841448738944,74.89242696188481,2026-09-21 03:33:39,1,Healthy
2283,Aristo-500ix,33.27773442482944,258.0047183185085,12.713188834653558,47.862847246398815,2026-09-21 03:33:39,1,Healthy
2284,Warrior-500i,33.07651486533603,194.115544666762,16.76985198485888,74.10290362051074,2026-09-21 03:38:39,1,Healthy
2285,Rogue-ET,35.88429690336946,162.9263151411194,15.43986681871866,46.05859970037713,2026-09-21 03:38:39,1,Healthy
2286,Aristo-500ix,33.92335624212642,203.1729855142242,12.657104244000585,73.54151911735396,2026-09-21 03:38:39,1,Healthy
2287,Warrior-500i,26.27933551524586,233.53636869520395,17.49424784968003,69.79146387986015,2026-09-21 03:43:39,1,Healthy
2288,Rogue-ET,23.93407346627044,288.93950473051837,15.130185140987644,47.02868165506868,2026-09-21 03:43:39,1,Healthy
2289,Aristo-500ix,29.74300418825606,215.30359963146785,16.20593835601433,48.71072387857245,2026-09-21 03:43:39,1,Healthy
2290,Warrior-500i,35.39734461488882,150.96561543183435,17.57132716097022,48.573775501867765,2026-09-21 03:48:39,-1,Action Required
2291,Rogue-ET,27.381758390458696,258.69081498860567,10.286170658113683,70.25479138848166,2026-09-21 03:48:39,1,Healthy
2292,Aristo-500ix,33.08255873115702,222.9913723154798,10.544915596295644,71.23721344004494,2026-09-21 03:48:39,1,Healthy
2293,Warrior-500i,25.754976335008998,202.59725559782754,16.337792022589483,67.38388362846051,2026-09-21 03:53:39,1,Healthy
2294,Rogue-ET,33.440957106601175,234.161120339444,17.4419271025416,61.9409979388741,2026-09-21 03:53:39,1,Healthy
2295,Aristo-500ix,25.384544252180866,207.24556491814303,12.297491389097708,53.78591439332916,2026-09-21 03:53:39,1,Healthy
2296,Warrior-500i,33.209511705839915,249.1056591089192,16.77949471125536,74.52886806517019,2026-09-21 03:58:39,1,Healthy
2297,Rogue-ET,29.383696284268865,196.8481512822363,11.035046415424747,62.00608360689337,2026-09-21 03:58:39,1,Healthy
2298,Aristo-500ix,31.921763989405925,276.7275562146431,17.78699564499344,68.72710759442072,2026-09-21 03:58:39,1,Healthy
2299,Warrior-500i,26.479210866683236,245.41263464104907,15.773063944598015,68.0720772098947,2026-09-21 04:03:39,1,Healthy
2300,Rogue-ET,22.127697360020996,205.3088737612673,17.87725032044412,74.45425166837138,2026-09-21 04:03:39,-1,Action Required
2301,Aristo-500ix,32.72384335269672,261.50471245397057,16.39769971265232,56.60751876412826,2026-09-21 04:03:39,1,Healthy
2302,Warrior-500i,28.628766333239984,154.7906911384172,17.11067219623612,48.02953430402375,2026-09-21 04:08:39,1,Healthy
2303,Rogue-ET,24.842310943390224,276.9704156505493,16.76318350414177,74.33827528692098,2026-09-21 04:08:39,1,Healthy
2304,Aristo-500ix,33.064393194270835,257.6039235331989,13.966311103601589,47.59497609895285,2026-09-21 04:08:39,1,Healthy
2305,Warrior-500i,29.252197745410456,258.0280666408982,10.38315835466673,55.855816206655405,2026-09-21 04:13:39,1,Healthy
2306,Rogue-ET,35.23989490910708,198.75848868478465,13.734336420100469,73.85180846555856,2026-09-21 04:13:39,1,Healthy
2307,Aristo-500ix,28.699201254363935,281.64997282607663,13.153399913108153,46.023989684436415,2026-09-21 04:13:39,1,Healthy
2308,Warrior-500i,32.452765025757884,238.22638324489031,17.796757621637894,47.302001479888915,2026-09-21 04:18:39,1,Healthy
2309,Rogue-ET,35.75647432698115,205.87967389085503,11.274675503720799,73.39585851059273,2026-09-21 04:18:39,1,Healthy
2310,Aristo-500ix,32.73794489680466,276.36429232801964,10.661516340015874,67.53625207489398,2026-09-21 04:18:39,1,Healthy
2311,Warrior-500i,27.68603112021969,177.3102669163792,13.372624206289576,58.09606692040987,2026-09-21 04:23:39,1,Healthy
2312,Rogue-ET,32.67434259181046,185.84992350138032,13.709646916918645,52.040756480389035,2026-09-21 04:23:39,1,Healthy
2313,Aristo-500ix,37.679362863993845,226.23435717202148,14.286716650638128,70.19028248123273,2026-09-21 04:23:39,1,Healthy
2314,Warrior-500i,28.55014762481399,210.00827956880963,14.951199337321324,70.38095896443048,2026-09-21 04:28:39,1,Healthy
2315,Rogue-ET,37.61857904918526,231.18061732476394,13.8924319723961,46.39339782156842,2026-09-21 04:28:39,1,Healthy
2316,Aristo-500ix,27.94371831011412,226.30233466324904,16.239219224098463,48.81169726636684,2026-09-21 04:28:39,1,Healthy
2317,Warrior-500i,31.007020954306277,198.38795668413937,14.967967788606636,47.6294868386401,2026-09-21 04:33:39,1,Healthy
2318,Rogue-ET,24.312978577775898,296.20146941207753,15.50033041859735,50.49547057110079,2026-09-21 04:33:39,1,Healthy
2319,Aristo-500ix,36.30844554183886,291.89563956605843,12.400807137391656,68.30015536028378,2026-09-21 04:33:39,1,Healthy
2320,Warrior-500i,22.647675492867243,203.70502804114872,12.941262761904166,46.93283667970475,2026-09-21 04:38:39,1,Healthy
2321,Rogue-ET,23.0906372494155,206.0534102246302,16.100426592046283,71.62749418731794,2026-09-21 04:38:39,1,Healthy
2322,Aristo-500ix,30.223519284307756,208.16600232592592,17.53770904833146,57.60310772080761,2026-09-21 04:38:39,1,Healthy
2323,Warrior-500i,32.06796696610463,279.8780915220033,14.923719825780719,57.13262675793973,2026-09-21 04:43:39,1,Healthy
2324,Rogue-ET,23.427146719171898,186.85438409426212,14.374960699487726,67.81302194538719,2026-09-21 04:43:39,1,Healthy
2325,Aristo-500ix,29.77901034106576,234.47510920880597,12.12754731240641,55.578616177574766,2026-09-21 04:43:39,1,Healthy
2326,Warrior-500i,31.721170272048386,214.47377890430744,15.365149393560165,49.98332723558076,2026-09-21 04:48:39,1,Healthy
2327,Rogue-ET,23.678295758096496,172.62588811267275,10.563292644903731,51.85578790708658,2026-09-21 04:48:39,1,Healthy
2328,Aristo-500ix,30.0380415500084,209.93476870575913,11.45632138379948,53.96074265698768,2026-09-21 04:48:39,1,Healthy
2329,Warrior-500i,24.463167384926756,214.86184525837757,15.129662542151673,54.08514010798047,2026-09-21 04:53:39,1,Healthy
2330,Rogue-ET,22.474128021891325,196.75155374957214,17.32179503555139,54.42750000999172,2026-09-21 04:53:39,1,Healthy
2331,Aristo-500ix,28.656526783333405,287.2920601667187,15.58042582018737,57.81592737453539,2026-09-21 04:53:39,1,Healthy
2332,Warrior-500i,36.86261474136652,246.20107511860235,14.08557600578198,58.32444767069673,2026-09-21 04:58:39,1,Healthy
2333,Rogue-ET,34.99348924092213,242.50237616478557,17.98205980534833,63.193296512543775,2026-09-21 04:58:39,1,Healthy
2334,Aristo-500ix,25.370602512391343,156.99847257367972,11.5316862191256,55.2811860711555,2026-09-21 04:58:39,1,Healthy
2335,Warrior-500i,32.427133404145586,203.53012033224786,16.695208806843794,45.43342899968973,2026-09-21 05:03:39,1,Healthy
2336,Rogue-ET,26.13499841553522,209.34204936645872,15.327461114727068,69.56411593971073,2026-09-21 05:03:39,1,Healthy
2337,Aristo-500ix,31.60679178299224,206.52523747902038,11.825736170965397,66.97063863671588,2026-09-21 05:03:39,1,Healthy
2338,Warrior-500i,27.091260860616515,259.71082088048263,13.590725733752581,46.2822192253925,2026-09-21 05:08:39,1,Healthy
2339,Rogue-ET,29.771459299756227,162.51399809928944,14.595086474079245,71.08259053339958,2026-09-21 05:08:39,1,Healthy
2340,Aristo-500ix,30.81052203270979,181.4544847574079,17.945749402464465,67.74150904889441,2026-09-21 05:08:39,1,Healthy
2341,Warrior-500i,36.166688379932395,211.4022575855434,13.286742581513433,67.58299436557542,2026-09-21 05:13:39,1,Healthy
2342,Rogue-ET,22.326419804881898,166.17967207218402,16.06947765182431,50.345339834378464,2026-09-21 05:13:39,1,Healthy
2343,Aristo-500ix,24.108726869921668,225.80722773074643,11.406694707148024,49.35604557109206,2026-09-21 05:13:39,1,Healthy
2344,Warrior-500i,24.213827025679137,236.8025996892123,14.21806520131313,65.93342627172458,2026-09-21 05:18:39,1,Healthy
2345,Rogue-ET,36.1120575528998,268.7913128806308,14.047828712247487,49.484078761727254,2026-09-21 05:18:39,1,Healthy
2346,Aristo-500ix,35.946042380582874,173.07838084869059,15.359811370100504,66.11943213666747,2026-09-21 05:18:39,1,Healthy
2347,Warrior-500i,24.469261279563888,257.9776870619896,15.210334904676854,73.1095494001207,2026-09-21 05:23:39,1,Healthy
2348,Rogue-ET,37.69615326167929,165.50495316019925,10.086326833630132,64.55927887647677,2026-09-21 05:23:39,1,Healthy
2349,Aristo-500ix,27.49416423431536,176.00035281996438,10.935160749258227,49.70575951898428,2026-09-21 05:23:39,1,Healthy
2350,Warrior-500i,23.71142555615167,193.6653112466541,14.470901038325003,51.81197817044862,2026-09-21 05:28:39,1,Healthy
2351,Rogue-ET,23.658967369839026,243.97819725619496,17.64578412000985,64.22192813972319,2026-09-21 05:28:39,1,Healthy
2352,Aristo-500ix,37.69829834517726,245.19663877640284,12.967442643615327,66.35587248648424,2026-09-21 05:28:39,1,Healthy
2353,Warrior-500i,29.683421676944906,206.64301743739614,17.67836081620471,47.14908507181298,2026-09-21 05:33:39,1,Healthy
2354,Rogue-ET,37.37159180587177,192.29659164503408,16.117316756014034,67.79068795591013,2026-09-21 05:33:39,1,Healthy
2355,Aristo-500ix,22.321890200539265,193.92285659110672,12.253792639352975,55.449761234895405,2026-09-21 05:33:39,1,Healthy
2356,Warrior-500i,26.161087598660707,176.48504461956185,14.74167081005014,59.969707316899154,2026-09-21 05:38:39,1,Healthy
2357,Rogue-ET,32.46471449444965,273.793723820335,10.759832264893609,67.25480059656337,2026-09-21 05:38:39,1,Healthy
2358,Aristo-500ix,31.932573660866616,278.5495290209533,11.05037819610166,64.61836919610548,2026-09-21 05:38:39,1,Healthy
2359,Warrior-500i,30.297071873349736,190.41365722140924,15.412931610495502,53.52484921167656,2026-09-21 05:43:39,1,Healthy
2360,Rogue-ET,23.848984552757017,162.88465650704129,15.760410981359943,49.649921227630365,2026-09-21 05:43:39,1,Healthy
2361,Aristo-500ix,24.43486252273725,172.4447910131163,15.126295768915814,55.97816805506236,2026-09-21 05:43:39,1,Healthy
2362,Warrior-500i,27.178351421942274,263.17240825154727,15.400189418471939,66.00911156485684,2026-09-21 05:48:39,1,Healthy
2363,Rogue-ET,30.98819668049236,207.6490716273922,16.971990834581078,48.03621713594279,2026-09-21 05:48:39,1,Healthy
2364,Aristo-500ix,26.321140057422454,259.2288922002985,16.65680173907179,66.51657434470185,2026-09-21 05:48:39,1,Healthy
2365,Warrior-500i,23.82817449962683,170.87125121759365,17.6876329721225,70.96198728518816,2026-09-21 05:53:39,1,Healthy
2366,Rogue-ET,34.82856959417388,290.20143537161056,11.248933969758632,51.26234994746463,2026-09-21 05:53:39,1,Healthy
2367,Aristo-500ix,37.65671529326718,233.60934459008752,14.212839516671352,61.437417956530325,2026-09-21 05:53:39,1,Healthy
2368,Warrior-500i,22.91538742485423,283.0670382795163,14.099802681241822,61.90531846331898,2026-09-21 05:58:39,1,Healthy
2369,Rogue-ET,37.06915727346296,288.1930051410375,14.628761914047718,64.60450419172582,2026-09-21 05:58:39,1,Healthy
2370,Aristo-500ix,32.80471212801101,207.796425291822,15.470651629582644,69.8368109318469,2026-09-21 05:58:39,1,Healthy
2371,Warrior-500i,25.318371271192053,267.6498855740431,13.346526062879661,54.917732012815556,2026-09-21 06:03:39,1,Healthy
2372,Rogue-ET,26.58313233674245,176.0796159211869,15.695523214491327,65.63275294104747,2026-09-21 06:03:39,1,Healthy
2373,Aristo-500ix,31.677213600040744,279.7228090031749,15.426493659829482,45.209767644177994,2026-09-21 06:03:39,1,Healthy
2374,Warrior-500i,27.896836175875272,257.6629869175386,12.91431671036316,59.209946289809864,2026-09-21 06:08:39,1,Healthy
2375,Rogue-ET,27.406537943122757,172.83560677734806,17.773016852919238,60.22697123336073,2026-09-21 06:08:39,1,Healthy
2376,Aristo-500ix,23.659675780440985,284.6860063326576,13.97232857091645,46.83294926093051,2026-09-21 06:08:39,1,Healthy
2377,Warrior-500i,29.16000720393081,236.18959566147012,14.999486289438018,47.710782481960756,2026-09-21 06:13:39,1,Healthy
2378,Rogue-ET,30.684741787244782,266.2608001160322,14.157898116782327,45.6869600543866,2026-09-21 06:13:39,1,Healthy
2379,Aristo-500ix,31.657461774195635,182.34063701659954,16.512076054698,53.71419709549965,2026-09-21 06:13:39,1,Healthy
2380,Warrior-500i,30.657231828545072,205.98662368778415,11.69311718529025,65.2547813548983,2026-09-21 06:18:39,1,Healthy
2381,Rogue-ET,25.837447558003163,288.17698061544127,12.30121111162433,68.06636081457609,2026-09-21 06:18:39,1,Healthy
2382,Aristo-500ix,29.079581702284536,277.5063881052646,10.868992290022081,59.121705172692266,2026-09-21 06:18:39,1,Healthy
2383,Warrior-500i,37.911827222645826,173.07714860938597,17.027775059189423,49.73840673845456,2026-09-21 06:23:39,1,Healthy
2384,Rogue-ET,35.34614215598464,179.03120414297905,12.85374395602516,67.91175307488717,2026-09-21 06:23:39,1,Healthy
2385,Aristo-500ix,22.27533541154234,151.05033912770753,10.95595275518303,66.68413793805564,2026-09-21 06:23:39,1,Healthy
2386,Warrior-500i,36.331594648092505,281.9042991165152,17.46941208469026,57.19254121105752,2026-09-21 06:28:39,1,Healthy
2387,Rogue-ET,24.043043984158423,191.32433884808606,14.237069300220693,65.48798322848263,2026-09-21 06:28:39,1,Healthy
2388,Aristo-500ix,22.647525857781176,172.3118338538248,15.093715424096683,54.39368515344519,2026-09-21 06:28:39,1,Healthy
2389,Warrior-500i,26.749530321976767,225.87738473351698,10.540218548124422,73.76331794957015,2026-09-21 06:33:39,1,Healthy
2390,Rogue-ET,22.708795716367373,212.79308031948636,10.674754121175077,73.72340275632668,2026-09-21 06:33:39,1,Healthy
2391,Aristo-500ix,31.355713257570343,159.92281902590778,15.869006336242752,60.4564419372227,2026-09-21 06:33:39,1,Healthy
2392,Warrior-500i,28.62543684137206,299.53092003902555,16.15081861507071,56.4629090215877,2026-09-21 06:38:39,1,Healthy
2393,Rogue-ET,36.174584562292864,158.65324966165508,12.215618497771032,45.77013290289906,2026-09-21 06:38:39,1,Healthy
2394,Aristo-500ix,28.70471181391972,195.73996761296436,13.958719708557599,72.1324230097699,2026-09-21 06:38:39,1,Healthy
2395,Warrior-500i,33.77123664078738,213.22241527075766,12.689975893267956,74.55331416111964,2026-09-21 06:43:39,1,Healthy
2396,Rogue-ET,26.75051249511559,236.38538053890716,11.032167260241842,46.82365486461232,2026-09-21 06:43:39,1,Healthy
2397,Aristo-500ix,24.905868746346602,200.06986679842777,12.35996488801839,66.89578339364994,2026-09-21 06:43:39,1,Healthy
2398,Warrior-500i,32.54765729958823,195.59625012781123,13.261405719773936,74.62770449229714,2026-09-21 06:48:39,1,Healthy
2399,Rogue-ET,25.49174976498984,233.30737971799925,13.759794853110805,55.40004699854023,2026-09-21 06:48:39,1,Healthy
2400,Aristo-500ix,32.65778700087575,205.57838396532597,11.202770081462704,60.854211058743864,2026-09-21 06:48:39,1,Healthy
2401,Warrior-500i,32.10873573067325,258.0298021445713,17.924000112151095,55.8499737832857,2026-09-21 06:53:39,1,Healthy
2402,Rogue-ET,25.175560774734137,251.9888052469802,2.066160662937226,93.86618757603034,2026-09-21 06:53:39,-1,Action Required
2403,Aristo-500ix,34.673946555748394,272.90914634621384,16.708145201573732,61.89940423545244,2026-09-21 06:53:39,1,Healthy
2404,Warrior-500i,27.26361438809881,166.9728982934297,13.398924894494485,55.55840011195781,2026-09-21 06:58:39,1,Healthy
2405,Rogue-ET,28.63503004286669,299.59714514882734,1.202494863329801,88.96521214689614,2026-09-21 06:58:39,-1,Action Required
2406,Aristo-500ix,26.154726973145955,267.6875125544127,11.644706295801413,74.84092684266915,2026-09-21 06:58:39,1,Healthy
2407,Warrior-500i,27.443195862872194,163.7812518147855,11.395211715665384,58.0261268714379,2026-09-21 07:03:39,1,Healthy
2408,Rogue-ET,26.857890563900824,169.97551073817985,2.7859728767144154,87.63724817583038,2026-09-21 07:03:39,-1,Action Required
2409,Aristo-500ix,27.230617073109975,206.6353254025449,14.074125761779348,70.25781583633848,2026-09-21 07:03:39,1,Healthy
2410,Warrior-500i,30.61233752564162,211.32772650919003,14.253634864521144,53.965094503003485,2026-09-21 07:08:39,1,Healthy
2411,Rogue-ET,27.55420322388641,151.0883492061246,1.3350248363283013,92.67691206596798,2026-09-21 07:08:39,-1,Action Required
2412,Aristo-500ix,28.884054652713544,273.44700505408014,14.881100218410264,57.84294109549816,2026-09-21 07:08:39,1,Healthy
2413,Warrior-500i,22.886514303527168,234.78326704456498,11.638361116667134,70.71559803922668,2026-09-21 07:13:39,1,Healthy
2414,Rogue-ET,26.402827477548954,189.89662300791917,1.064361033665326,88.22366996226191,2026-09-21 07:13:39,-1,Action Required
2415,Aristo-500ix,35.51927718227917,164.0990052082555,14.19285347421438,62.04601000785789,2026-09-21 07:13:39,1,Healthy
2416,Warrior-500i,30.078331124158957,266.2540822906634,14.721551440350261,70.325236339629,2026-09-21 07:18:39,1,Healthy
2417,Rogue-ET,26.749029387307587,220.68637806609172,1.0812317269740133,89.45230666362359,2026-09-21 07:18:39,-1,Action Required
2418,Aristo-500ix,29.31429426168446,265.9809007563397,12.314706053675465,59.72792443777243,2026-09-21 07:18:39,1,Healthy
2419,Warrior-500i,33.8909919388453,162.0016150486937,12.120664830959884,70.81105517504231,2026-09-21 07:23:39,1,Healthy
2420,Rogue-ET,31.67304888219323,248.73989467659874,2.0643973857787934,87.18019864815757,2026-09-21 07:23:39,-1,Action Required
2421,Aristo-500ix,37.38801716930723,150.0290369268201,12.084297002373503,73.89153047654031,2026-09-21 07:23:39,-1,Action Required
2422,Warrior-500i,37.4716179241165,225.96434249827678,17.097014722877724,56.79821481773747,2026-09-21 07:28:39,1,Healthy
2423,Rogue-ET,22.436467749103954,180.26674536252776,2.59411522502248,85.61032035514175,2026-09-21 07:28:39,-1,Action Required
2424,Aristo-500ix,37.64640925191089,190.45681046707475,15.124013738386546,57.86609041886263,2026-09-21 07:28:39,1,Healthy
2425,Warrior-500i,30.872878304603596,240.47830182893085,15.02993711566489,74.55368002332523,2026-09-21 07:33:39,1,Healthy
2426,Rogue-ET,30.682812692338576,171.81197279472013,2.7665511580520334,90.619654464412,2026-09-21 07:33:39,-1,Action Required
2427,Aristo-500ix,34.975726716508746,293.53768565054213,13.58419780759812,50.063855650640974,2026-09-21 07:33:39,1,Healthy
2428,Warrior-500i,25.420896027919397,170.5520195816591,10.15563870901016,60.310440373482415,2026-09-21 07:38:39,1,Healthy
2429,Rogue-ET,34.609393815344745,165.62584743456512,1.0893732235087255,85.2239748259178,2026-09-21 07:38:39,-1,Action Required
2430,Aristo-500ix,33.8948458244501,258.7405268561747,10.154392951876819,56.2562520542193,2026-09-21 07:38:39,1,Healthy
2431,Warrior-500i,36.05315647071599,151.85573863078815,13.086489205583655,73.06805166056735,2026-09-21 07:43:39,1,Healthy
2432,Rogue-ET,26.560610832257698,240.14580563603423,17.540868458269408,73.26871603474602,2026-09-21 07:43:39,1,Healthy
2433,Aristo-500ix,36.327262706977415,181.24170440773898,13.296328901373169,58.339270925504806,2026-09-21 07:43:39,1,Healthy
2434,Warrior-500i,30.403083880172403,228.57280279303748,14.105079341364132,64.76773470833947,2026-09-21 07:48:39,1,Healthy
2435,Rogue-ET,37.291661451981966,299.1049508035543,16.610231357152045,58.56970280037943,2026-09-21 07:48:39,1,Healthy
2436,Aristo-500ix,30.291906306617054,157.1945222063549,13.279598058789826,74.392068779674,2026-09-21 07:48:39,1,Healthy
2437,Warrior-500i,29.903627473771678,278.3191177907476,12.575467204909426,53.20840623540633,2026-09-21 07:53:39,1,Healthy
2438,Rogue-ET,37.357658183982444,250.48672045098996,16.06153465810435,51.99091187810747,2026-09-21 07:53:39,1,Healthy
2439,Aristo-500ix,32.868956093098205,259.75702513913166,10.091332983463863,45.492237152422874,2026-09-21 07:53:39,1,Healthy
2440,Warrior-500i,32.134018198500485,264.47171139981697,17.672196084099525,48.51077905349404,2026-09-21 07:58:39,1,Healthy
2441,Rogue-ET,26.309477975483148,159.6591694606853,16.852254637189507,49.52731513069995,2026-09-21 07:58:39,1,Healthy
2442,Aristo-500ix,22.407305129612713,239.44862695446355,14.60001881757645,70.38265946057957,2026-09-21 07:58:39,1,Healthy
2443,Warrior-500i,32.29343679688765,196.61864451921946,15.005373130571696,54.62762367610211,2026-09-21 08:03:39,1,Healthy
2444,Rogue-ET,23.631462951484384,200.8706796858716,16.93255481007065,67.94749524889903,2026-09-21 08:03:39,1,Healthy
2445,Aristo-500ix,28.549317814683203,153.49115628993576,17.78964543916058,57.0012957255419,2026-09-21 08:03:39,1,Healthy
2446,Warrior-500i,34.8779424166825,287.7198519117052,10.731942106745887,63.81977749930695,2026-09-21 08:08:39,1,Healthy
2447,Rogue-ET,31.08974894877082,223.25590948426924,17.116744945183463,54.25424792970662,2026-09-21 08:08:39,1,Healthy
2448,Aristo-500ix,26.592396693685945,173.61220016460834,11.750532863777101,54.90877063928586,2026-09-21 08:08:39,1,Healthy
2449,Warrior-500i,32.121369025042924,152.4983707860482,10.988112144983212,66.32423423426792,2026-09-21 08:13:39,1,Healthy
2450,Rogue-ET,29.63588084507921,236.62412489357735,15.118567122731715,51.814254498870476,2026-09-21 08:13:39,1,Healthy
2451,Aristo-500ix,36.96928539163484,186.94250069850318,17.94241301462649,66.76123687975804,2026-09-21 08:13:39,1,Healthy
2452,Warrior-500i,35.47507119252134,199.93621581593487,14.871191494905897,63.46607192250196,2026-09-21 08:18:39,1,Healthy
2453,Rogue-ET,30.21279912447512,286.04459151055073,13.028247903600313,61.61380192221405,2026-09-21 08:18:39,1,Healthy
2454,Aristo-500ix,30.168364825294006,276.848235872175,11.3582839435837,71.85037160809242,2026-09-21 08:18:39,1,Healthy
2455,Warrior-500i,37.57678756125581,221.59882291658386,10.14188659007214,65.28074246803271,2026-09-21 08:23:39,1,Healthy
2456,Rogue-ET,25.52166387948263,162.58837608235163,12.056543638654208,71.20913740932738,2026-09-21 08:23:39,1,Healthy
2457,Aristo-500ix,35.85935235459576,222.5707933165146,12.843441848715413,57.60996344006017,2026-09-21 08:23:39,1,Healthy
2458,Warrior-500i,28.75264414549264,250.53025565542714,17.59849857157527,53.59779373822761,2026-09-21 08:28:39,1,Healthy
2459,Rogue-ET,31.081676064286015,151.8159049056705,17.13232745735533,68.72297113554501,2026-09-21 08:28:39,1,Healthy
2460,Aristo-500ix,34.91055348216318,169.139296707353,15.29507693504122,51.003273189001504,2026-09-21 08:28:39,1,Healthy
2461,Warrior-500i,30.77454288981697,256.88489780681516,15.642240963982301,59.03242086236194,2026-09-21 08:33:39,1,Healthy
2462,Rogue-ET,24.053570664276332,181.21890129742076,10.002244814565502,47.74056549840625,2026-09-21 08:33:39,1,Healthy
2463,Aristo-500ix,26.75229920954061,181.06218976902994,12.940165562085467,57.320139043976354,2026-09-21 08:33:39,1,Healthy
2464,Warrior-500i,34.89335484314706,180.70944411737827,17.93058974632845,69.57069779846326,2026-09-21 08:38:39,1,Healthy
2465,Rogue-ET,28.45118498567567,295.84518901766035,12.842462575830293,73.95138715396675,2026-09-21 08:38:39,1,Healthy
2466,Aristo-500ix,32.505082441508236,283.19108115212424,12.810935590216616,59.59184877968062,2026-09-21 08:38:39,1,Healthy
2467,Warrior-500i,37.240955228447376,214.42971386029717,11.519509950069772,46.335882686677394,2026-09-21 08:43:39,1,Healthy
2468,Rogue-ET,33.97075730907301,233.87695753338346,15.67224006287347,52.19779168744848,2026-09-21 08:43:39,1,Healthy
2469,Aristo-500ix,29.689437318915306,213.79108073346546,15.505290570973436,53.01174135175342,2026-09-21 08:43:39,1,Healthy
2470,Warrior-500i,34.76400042826934,161.5148714297102,12.447748065054125,53.89304154845491,2026-09-21 08:48:39,1,Healthy
2471,Rogue-ET,34.95863788431126,266.77794325604845,10.982034902147117,73.64332756107656,2026-09-21 08:48:39,1,Healthy
2472,Aristo-500ix,27.623736979333458,191.74161411421193,13.728437794139353,66.36165724303308,2026-09-21 08:48:39,1,Healthy
2473,Warrior-500i,30.51404206893642,202.16610618510404,16.925626921404167,59.701296571178425,2026-09-21 08:53:39,1,Healthy
2474,Rogue-ET,34.044278129163295,157.99744470092793,14.161299066971475,73.18161100367902,2026-09-21 08:53:39,1,Healthy
2475,Aristo-500ix,25.567831854868672,256.83960707013466,15.327665596552608,68.00758780308027,2026-09-21 08:53:39,1,Healthy
2476,Warrior-500i,22.792298749552575,186.8599726979249,13.149129460625593,57.43743177910581,2026-09-21 08:58:39,1,Healthy
2477,Rogue-ET,36.67452031361382,279.8839818994827,12.005936200702388,70.5790196532899,2026-09-21 08:58:39,1,Healthy
2478,Aristo-500ix,25.3584182961032,250.57571591630295,13.36860002500934,52.797979015364476,2026-09-21 08:58:39,1,Healthy
2479,Warrior-500i,37.25860114174603,247.37194226203715,16.654261888142123,63.44509850935268,2026-09-21 09:03:39,1,Healthy
2480,Rogue-ET,22.54222246368491,299.61313147850285,13.810346481207837,58.37775803001717,2026-09-21 09:03:39,1,Healthy
2481,Aristo-500ix,32.34066482740739,158.34455863451493,10.385364241503751,57.68530824907636,2026-09-21 09:03:39,1,Healthy
2482,Warrior-500i,22.461945615940937,226.47595165454155,16.306573113400507,56.769212897765016,2026-09-21 09:08:39,1,Healthy
2483,Rogue-ET,26.419546634186446,256.72775990204997,11.004181004785764,70.29206237332764,2026-09-21 09:08:39,1,Healthy
2484,Aristo-500ix,24.726221385577787,199.60136731206063,14.426888094859383,71.48731559826312,2026-09-21 09:08:39,1,Healthy
2485,Warrior-500i,30.010082471343445,189.19201360419603,17.62335536801927,65.5177353731312,2026-09-21 09:13:39,1,Healthy
2486,Rogue-ET,37.17087607390413,211.41715946877935,14.996431893279773,65.30192367319876,2026-09-21 09:13:39,1,Healthy
2487,Aristo-500ix,37.324648152433056,228.2392801373133,16.27268328830603,45.63907304979885,2026-09-21 09:13:39,1,Healthy
2488,Warrior-500i,29.5159567119903,294.49007572280493,11.44459429008339,67.4939535568375,2026-09-21 09:18:39,1,Healthy
2489,Rogue-ET,36.0690926589305,150.92332212999176,17.74888883721549,65.33134561706404,2026-09-21 09:18:39,1,Healthy
2490,Aristo-500ix,23.823102016278355,247.5004409614254,12.372658983331435,59.72228412139182,2026-09-21 09:18:39,1,Healthy
2491,Warrior-500i,23.166546371076883,192.06221341040543,13.781738514128076,73.13576406364953,2026-09-21 09:23:39,1,Healthy
2492,Rogue-ET,31.556625253048217,218.75855561982257,11.60164835077209,72.89817240068615,2026-09-21 09:23:39,1,Healthy
2493,Aristo-500ix,29.186126260512545,229.32822835661506,14.14198412245278,67.29786078648033,2026-09-21 09:23:39,1,Healthy
2494,Warrior-500i,33.019363347496736,175.5812197115206,13.986102479153018,50.405148202032436,2026-09-21 09:28:39,1,Healthy
2495,Rogue-ET,27.260317739755138,299.22537975351463,15.863267732514114,57.93384086694488,2026-09-21 09:28:39,1,Healthy
2496,Aristo-500ix,25.43830894244922,222.92638250546037,11.059800375985553,64.71039433687528,2026-09-21 09:28:39,1,Healthy
2497,Warrior-500i,35.01040798934562,154.3892696825792,15.064793953680581,45.07909565073105,2026-09-21 09:33:39,1,Healthy
2498,Rogue-ET,23.041360929673885,189.3575612478443,14.53410851862753,62.205937699399385,2026-09-21 09:33:39,1,Healthy
2499,Aristo-500ix,28.091638911369905,223.71626548035158,12.884470087432586,68.42261884884938,2026-09-21 09:33:39,1,Healthy
2500,Warrior-500i,28.965638704678916,280.2061348141557,11.097345717395035,65.59084702110262,2026-09-21 09:38:39,1,Healthy
2501,Rogue-ET,33.43369246696005,244.56209359201043,17.640672541393823,63.49181315336088,2026-09-21 09:38:39,1,Healthy
2502,Aristo-500ix,23.93383161372534,234.36602207032337,14.974572896174699,57.97458523646159,2026-09-21 09:38:39,1,Healthy
2503,Warrior-500i,28.235992329054135,185.49120597597343,13.028837651611099,49.01149739543736,2026-09-21 09:43:39,1,Healthy
2504,Rogue-ET,33.73918303198366,225.83544981792687,10.738434124611178,60.66907425808485,2026-09-21 09:43:39,1,Healthy
2505,Aristo-500ix,33.42654001949761,176.82277071156523,10.235752616031025,46.83224450824422,2026-09-21 09:43:39,1,Healthy
2506,Warrior-500i,36.074093749399,161.28415747578728,13.427494323180131,57.32375388130092,2026-09-21 09:48:39,1,Healthy
2507,Rogue-ET,35.0967901118158,151.48960825180237,11.495342630554973,61.47498703744334,2026-09-21 09:48:39,1,Healthy
2508,Aristo-500ix,24.766045433304356,165.76707848130093,12.601532655812733,56.90400033237454,2026-09-21 09:48:39,1,Healthy
2509,Warrior-500i,35.483530747853905,284.9342327812003,14.017828482952943,66.98424198714571,2026-09-21 09:53:39,1,Healthy
2510,Rogue-ET,22.501796890238282,195.26717291582082,13.689879455801607,46.33390943195712,2026-09-21 09:53:39,1,Healthy
2511,Aristo-500ix,31.179694189773777,261.65694315004157,17.543940750508984,47.2992108475298,2026-09-21 09:53:39,1,Healthy
2512,Warrior-500i,25.183780155200914,264.4480355225623,12.258189592131682,67.3675801874524,2026-09-21 09:58:39,1,Healthy
2513,Rogue-ET,22.56361491869528,210.04308915730843,12.96372466339162,52.33676681255223,2026-09-21 09:58:39,1,Healthy
2514,Aristo-500ix,30.269797084318725,231.6481886464054,12.091588526715444,61.367634663236316,2026-09-21 09:58:39,1,Healthy
2515,Warrior-500i,26.184109226541008,200.4214784161397,16.274463413298378,65.37580278524325,2026-09-21 10:03:39,1,Healthy
2516,Rogue-ET,32.37773115559358,157.53405495929877,14.646566123421659,51.261632799908625,2026-09-21 10:03:39,1,Healthy
2517,Aristo-500ix,29.335140622834622,186.207721516242,11.885293504199897,53.31097491244826,2026-09-21 10:03:39,1,Healthy
2518,Warrior-500i,23.46206628181059,173.57530030471588,14.690999391522361,52.35463819119747,2026-09-21 10:08:39,1,Healthy
2519,Rogue-ET,37.40264413733186,216.19405105332083,13.680428215100811,55.61458408646376,2026-09-21 10:08:39,1,Healthy
2520,Aristo-500ix,28.09308028606707,157.81059124237055,17.358803228953263,62.57009479146828,2026-09-21 10:08:39,1,Healthy
2521,Warrior-500i,33.18577945747813,241.00757075424275,14.416183650657063,59.163685469430796,2026-09-21 10:13:39,1,Healthy
2522,Rogue-ET,26.07661534968506,263.88412666201395,10.322368764108637,51.52158040058903,2026-09-21 10:13:39,1,Healthy
2523,Aristo-500ix,37.253626214215224,200.96001577454996,13.017407895969084,65.76726776554138,2026-09-21 10:13:39,1,Healthy
2524,Warrior-500i,28.081036201541593,255.72132767654858,15.045310574967344,57.68829617489192,2026-09-21 10:18:39,1,Healthy
2525,Rogue-ET,32.52149793267148,216.52874782249964,13.307472848700066,67.64511350776431,2026-09-21 10:18:39,1,Healthy
2526,Aristo-500ix,37.23242475557472,156.84301541974946,17.329735425875704,46.094279038768434,2026-09-21 10:18:39,-1,Action Required
2527,Warrior-500i,31.218568790408305,298.7720612193546,10.79775756070145,57.87973833426733,2026-09-21 10:23:39,1,Healthy
2528,Rogue-ET,37.20537254770753,172.6132510327936,10.718820549822793,59.83277421173413,2026-09-21 10:23:39,1,Healthy
2529,Aristo-500ix,33.81440285518179,255.05396949278355,12.471874625018897,54.993696552080046,2026-09-21 10:23:39,1,Healthy
2530,Warrior-500i,23.282913667509458,281.91093387772537,13.29579414890739,48.50610716280704,2026-09-21 10:28:39,1,Healthy
2531,Rogue-ET,26.059511573046066,269.1976886510482,10.066511795155808,56.105128709958926,2026-09-21 10:28:39,1,Healthy
2532,Aristo-500ix,23.8267453441712,219.15144367287547,13.801234642226946,60.37092986728647,2026-09-21 10:28:39,1,Healthy
2533,Warrior-500i,28.350534622530777,197.4863495386554,17.11741458488275,64.94815333500983,2026-09-21 10:33:39,1,Healthy
2534,Rogue-ET,33.881677375979365,151.8500424646298,16.27245099799481,66.13691530072673,2026-09-21 10:33:39,1,Healthy
2535,Aristo-500ix,32.59265808236421,242.44438433146985,12.959001833027862,59.17495815241701,2026-09-21 10:33:39,1,Healthy
2536,Warrior-500i,27.27709558437325,172.57366784360153,13.34209252612042,54.7883323256099,2026-09-21 10:38:39,1,Healthy
2537,Rogue-ET,37.27327909160459,284.7163996863251,14.195041481462745,64.70173431231731,2026-09-21 10:38:39,1,Healthy
2538,Aristo-500ix,28.858919520555546,223.06244399031942,14.201594421881884,60.73244005554082,2026-09-21 10:38:39,1,Healthy
2539,Warrior-500i,28.893219664813532,292.3189438343302,17.642078666137362,67.40194303221628,2026-09-21 10:43:39,1,Healthy
2540,Rogue-ET,27.637973711379708,173.92298084259005,16.861554672990167,62.37588676740584,2026-09-21 10:43:39,1,Healthy
2541,Aristo-500ix,37.84655523012814,165.1766401491317,12.080236282093832,72.17846689290083,2026-09-21 10:43:39,1,Healthy
2542,Warrior-500i,35.392618538448296,223.6577481079085,14.263720041823708,46.34304537093382,2026-09-21 10:48:39,1,Healthy
2543,Rogue-ET,32.61289597308506,254.5743152240354,15.962309608618753,72.19702448267957,2026-09-21 10:48:39,1,Healthy
2544,Aristo-500ix,25.072710703288067,252.29665364853562,17.25503363375564,52.49305012462595,2026-09-21 10:48:39,1,Healthy
2545,Warrior-500i,33.23168932089273,184.67022384829392,11.72162598806718,56.354294013494545,2026-09-21 10:53:39,1,Healthy
2546,Rogue-ET,22.07883435007166,204.52446735824554,13.553035540706597,46.644377752042324,2026-09-21 10:53:39,1,Healthy
2547,Aristo-500ix,30.754172506022133,274.3923517053445,12.17150877906169,65.40814647558508,2026-09-21 10:53:39,1,Healthy
2548,Warrior-500i,35.99707141735896,254.3437991541045,10.374113572963726,65.02028926892359,2026-09-21 10:58:39,1,Healthy
2549,Rogue-ET,28.752466749181806,151.00401598724807,15.824406269828645,72.33235121042046,2026-09-21 10:58:39,1,Healthy
2550,Aristo-500ix,22.081139121110375,168.2432685168935,10.882906410119784,63.87955544703709,2026-09-21 10:58:39,1,Healthy
2551,Warrior-500i,32.02308459631723,277.429488043641,16.363042633375546,46.42744128843553,2026-09-21 11:03:39,1,Healthy
2552,Rogue-ET,36.12718998695493,291.1271913579435,14.513372541496325,49.051355900342564,2026-09-21 11:03:39,1,Healthy
2553,Aristo-500ix,29.246621371275495,178.01771323807543,15.498673152745496,62.02474310210141,2026-09-21 11:03:39,1,Healthy
2554,Warrior-500i,34.62465158893538,225.03841861098118,17.300327675828598,46.05409305486171,2026-09-21 11:08:39,1,Healthy
2555,Rogue-ET,30.384621935470925,299.58943828704645,13.793973505381881,60.399628457528046,2026-09-21 11:08:39,1,Healthy
2556,Aristo-500ix,29.01286982980406,244.78110342850135,12.273338150966765,66.98704805346259,2026-09-21 11:08:39,1,Healthy
2557,Warrior-500i,22.016820921979708,260.37626148461413,11.588503896113796,53.33059971756372,2026-09-21 11:13:39,1,Healthy
2558,Rogue-ET,31.857682199643097,269.92534631189204,17.436172594193373,63.012445997593346,2026-09-21 11:13:39,1,Healthy
2559,Aristo-500ix,33.363049403058646,236.72688857908298,11.577754611453482,50.875248984307234,2026-09-21 11:13:39,1,Healthy
2560,Warrior-500i,31.006346302225246,176.16254363902792,12.980909085603452,53.70272809007636,2026-09-21 11:18:39,1,Healthy
2561,Rogue-ET,31.477242218513403,293.1887052380838,13.4633753138643,74.54672458652456,2026-09-21 11:18:39,1,Healthy
2562,Aristo-500ix,30.263199173470916,276.8268386890006,10.02106880238139,60.85237050392127,2026-09-21 11:18:39,1,Healthy
2563,Warrior-500i,35.039261229654386,241.26239313394447,13.163547644286655,68.16881059495897,2026-09-21 11:23:39,1,Healthy
2564,Rogue-ET,26.89629012460666,155.87220074409728,14.29272403974225,62.54928875406504,2026-09-21 11:23:39,1,Healthy
2565,Aristo-500ix,32.093074832956134,201.72472223834833,16.063461507479023,50.390700486633264,2026-09-21 11:23:39,1,Healthy
2566,Warrior-500i,26.841008696747828,237.16868437694947,10.708811776160918,61.20294032934634,2026-09-21 11:28:39,1,Healthy
2567,Rogue-ET,30.516900528778777,250.36284761233742,13.928373291186158,72.28681277397156,2026-09-21 11:28:39,1,Healthy
2568,Aristo-500ix,30.64070252151999,208.40487727719608,11.666293169906421,61.18791139823788,2026-09-21 11:28:39,1,Healthy
2569,Warrior-500i,22.02264704235886,174.69347006182267,15.28807783743419,64.74682447575749,2026-09-21 11:33:39,1,Healthy
2570,Rogue-ET,34.656474062135054,171.5343667476307,14.713790478216726,50.61110329174973,2026-09-21 11:33:39,1,Healthy
2571,Aristo-500ix,31.8321560423972,297.2782474153682,12.433213825769725,70.76564986249014,2026-09-21 11:33:39,1,Healthy
2572,Warrior-500i,35.827629653121384,156.53307452931784,13.213025644878229,68.0117218186355,2026-09-21 11:38:39,1,Healthy
2573,Rogue-ET,26.368972685523453,179.78118313699918,12.028379541099511,45.158886692493,2026-09-21 11:38:39,1,Healthy
2574,Aristo-500ix,22.205871024386866,181.0924824847972,12.553074399829068,58.89180889485382,2026-09-21 11:38:39,1,Healthy
2575,Warrior-500i,34.4024114172353,281.9364775485817,12.565381905053174,61.92948378256253,2026-09-21 11:43:39,1,Healthy
2576,Rogue-ET,29.78666060877252,169.5251116329871,13.582061503683331,73.31797633585415,2026-09-21 11:43:39,1,Healthy
2577,Aristo-500ix,22.427135233936376,187.48056855519678,10.526688658517848,48.24442231984257,2026-09-21 11:43:39,1,Healthy
2578,Warrior-500i,28.434346060991885,245.30778682609633,17.20060019691807,68.33508616613466,2026-09-21 11:48:39,1,Healthy
2579,Rogue-ET,22.713252641868337,239.9685106737158,12.465248514699077,50.923418475267226,2026-09-21 11:48:39,1,Healthy
2580,Aristo-500ix,32.54926983489972,240.45460951819268,15.559232165888535,64.90239359728542,2026-09-21 11:48:39,1,Healthy
2581,Warrior-500i,37.76866012381263,217.28767566814474,12.858469418319938,57.955623928819065,2026-09-21 11:53:39,1,Healthy
2582,Rogue-ET,28.141943194988954,285.0776740240427,10.204469514886052,74.26366133228196,2026-09-21 11:53:39,1,Healthy
2583,Aristo-500ix,32.000234735670745,214.07300852996988,14.639447699536289,54.10013179484417,2026-09-21 11:53:39,1,Healthy
2584,Warrior-500i,28.807370567838895,256.26708969575884,17.104412049296645,61.80534543579165,2026-09-21 11:58:39,1,Healthy
2585,Rogue-ET,31.06644108690231,287.30115318367274,12.889842736436929,74.69971049178402,2026-09-21 11:58:39,1,Healthy
2586,Aristo-500ix,37.09993398154684,265.51789873067094,16.241187018589166,58.70940202293749,2026-09-21 11:58:39,1,Healthy
2587,Warrior-500i,32.90489444451926,203.56947027806555,11.18142921727054,74.71041192385289,2026-09-21 12:03:39,1,Healthy
2588,Rogue-ET,31.29608200633188,276.2593584294799,11.574692874285937,58.78114398231532,2026-09-21 12:03:39,1,Healthy
2589,Aristo-500ix,30.08439643151467,159.0797503480978,16.427218641803677,69.07042588292106,2026-09-21 12:03:39,1,Healthy
2590,Warrior-500i,28.93383292582875,168.66950234822994,11.910565870290291,48.99181968006724,2026-09-21 12:08:39,1,Healthy
2591,Rogue-ET,22.265371071246967,173.36672285177045,14.959205597924228,56.22989618175596,2026-09-21 12:08:39,1,Healthy
2592,Aristo-500ix,24.074703704929412,171.011310462876,15.892168104991732,60.79838219934164,2026-09-21 12:08:39,1,Healthy
2593,Warrior-500i,27.5590420017435,190.45518600954168,17.96780220587644,49.45873989596542,2026-09-21 12:13:39,1,Healthy
2594,Rogue-ET,33.81455909455474,272.50442749725624,15.062221400824189,57.18269044800621,2026-09-21 12:13:39,1,Healthy
2595,Aristo-500ix,34.66484030277125,260.25038677471133,14.756563942641812,60.16165459484136,2026-09-21 12:13:39,1,Healthy
2596,Warrior-500i,22.260052813904718,192.72911586115976,10.461016492181116,56.80839494790556,2026-09-21 12:18:39,1,Healthy
2597,Rogue-ET,29.73376675957441,165.71584304743646,13.469494491820996,58.28008273902765,2026-09-21 12:18:39,1,Healthy
2598,Aristo-500ix,32.436232482940646,187.7021083975541,13.936116272284988,60.04226622417771,2026-09-21 12:18:39,1,Healthy
2599,Warrior-500i,37.85657104756742,221.95556841777955,14.420431059349697,58.38365588348133,2026-09-21 12:23:39,1,Healthy
2600,Rogue-ET,32.022220101713366,255.23854775692462,14.645834635522323,67.2435304500427,2026-09-21 12:23:39,1,Healthy
2601,Aristo-500ix,29.01689162345738,296.1726697071595,14.773577406153272,55.17872865904452,2026-09-21 12:23:39,1,Healthy
2602,Warrior-500i,22.67749550794604,203.06011356074083,15.863667486318539,69.28352959733253,2026-09-21 12:28:39,1,Healthy
2603,Rogue-ET,30.677328928256138,195.99412447393973,17.7412550189109,56.66021746557654,2026-09-21 12:28:39,1,Healthy
2604,Aristo-500ix,22.743892349742715,169.71815708854754,16.820895956639095,74.84143704372944,2026-09-21 12:28:39,1,Healthy
2605,Warrior-500i,34.05393252601843,264.2593463059284,10.751663225794452,60.09158099927782,2026-09-21 12:33:39,1,Healthy
2606,Rogue-ET,27.515635008402676,173.63578584673758,17.49741430286258,60.799201813425256,2026-09-21 12:33:39,1,Healthy
2607,Aristo-500ix,22.265811976144143,162.69960735883396,10.964843226443644,73.10140298731223,2026-09-21 12:33:39,1,Healthy
2608,Warrior-500i,26.63737437943494,207.3631749615706,12.848562569889122,47.16865100958605,2026-09-21 12:38:39,1,Healthy
2609,Rogue-ET,35.804400819672196,234.04142158996072,12.903964534559417,54.739885483930536,2026-09-21 12:38:39,1,Healthy
2610,Aristo-500ix,31.12541007227771,169.2610977479942,15.4572015238127,55.44559602631107,2026-09-21 12:38:39,1,Healthy
2611,Warrior-500i,28.230340758283987,159.14765430355064,17.70930501819933,72.38012081164024,2026-09-21 12:43:39,1,Healthy
2612,Rogue-ET,23.069056575999774,296.04846156083613,10.472240014194359,72.55767759461196,2026-09-21 12:43:39,-1,Action Required
2613,Aristo-500ix,36.29665432623043,268.4912079098978,16.76303144831156,54.617319109459025,2026-09-21 12:43:39,1,Healthy
2614,Warrior-500i,28.02366565188064,289.06188918452597,14.41465080766815,59.23386595850698,2026-09-21 12:48:39,1,Healthy
2615,Rogue-ET,31.721185377234974,175.29320161853335,12.679884510327948,54.5239068593972,2026-09-21 12:48:39,1,Healthy
2616,Aristo-500ix,25.388295350035584,239.33217142114447,11.41552586835488,54.9580336129371,2026-09-21 12:48:39,1,Healthy
2617,Warrior-500i,22.897633545131022,280.5162148271357,11.447935963016533,54.71039643008724,2026-09-21 12:53:39,1,Healthy
2618,Rogue-ET,26.26196568776934,293.87367077199167,13.262923977727345,58.660119570580854,2026-09-21 12:53:39,1,Healthy
2619,Aristo-500ix,25.069844415888078,283.3336515433765,15.907615830636743,73.8762411743621,2026-09-21 12:53:39,1,Healthy
2620,Warrior-500i,29.726515772534523,294.7436582188539,14.557270399177014,55.04582134329101,2026-09-21 12:58:39,1,Healthy
2621,Rogue-ET,23.583836766565952,267.59131372916517,10.04610849147742,66.37380247878241,2026-09-21 12:58:39,1,Healthy
2622,Aristo-500ix,34.20613003776555,165.96245562571937,11.822295672020418,50.58743297232626,2026-09-21 12:58:39,1,Healthy
2623,Warrior-500i,30.791746146541133,182.80483027216115,16.458775007085613,53.350779515623145,2026-09-21 13:03:39,1,Healthy
2624,Rogue-ET,28.48108514769172,151.81337909103178,11.085440257077412,70.34945117073306,2026-09-21 13:03:39,1,Healthy
2625,Aristo-500ix,24.038779530252548,236.2415039958551,14.758992018357233,66.05929204499698,2026-09-21 13:03:39,1,Healthy
2626,Warrior-500i,27.035351753591943,185.05530760902423,13.836025766847857,62.22328305296975,2026-09-21 13:08:39,1,Healthy
2627,Rogue-ET,36.47050662720067,289.84196089918333,15.284404470963679,48.985308650266646,2026-09-21 13:08:39,1,Healthy
2628,Aristo-500ix,23.87187491169003,294.3461351189535,13.372286956961737,72.81423051194699,2026-09-21 13:08:39,1,Healthy
2629,Warrior-500i,34.87044795946394,247.40827515770889,10.582304645650932,65.8032494666894,2026-09-21 13:13:39,1,Healthy
2630,Rogue-ET,35.730040496308426,242.1811304788407,10.715109452520212,55.134712606889146,2026-09-21 13:13:39,1,Healthy
2631,Aristo-500ix,32.401382417158125,293.20084895684585,17.4677804617846,46.32289539784161,2026-09-21 13:13:39,1,Healthy
2632,Warrior-500i,32.689621970720985,154.03569195558867,11.520905342373393,48.79260394513495,2026-09-21 13:18:39,1,Healthy
2633,Rogue-ET,26.49029049653275,165.30272052867076,11.316405536956285,71.20305010004206,2026-09-21 13:18:39,1,Healthy
2634,Aristo-500ix,27.501837638794058,212.3909647320561,11.030386773751378,60.86445168760058,2026-09-21 13:18:39,1,Healthy
2635,Warrior-500i,24.46050031545604,221.10616968682996,10.94879890781661,71.65416439777037,2026-09-21 13:23:39,1,Healthy
2636,Rogue-ET,29.322821492294793,293.71881689549855,15.359962446837512,73.85834977088763,2026-09-21 13:23:39,1,Healthy
2637,Aristo-500ix,27.602592107954294,220.11598462225052,10.43507181939216,57.10983242970111,2026-09-21 13:23:39,1,Healthy
2638,Warrior-500i,29.89167350195961,178.29213684297406,12.769068453954713,46.21385094009622,2026-09-21 13:28:39,1,Healthy
2639,Rogue-ET,23.012370130701882,250.74206359335932,16.645193832624507,56.77488716252549,2026-09-21 13:28:39,1,Healthy
2640,Aristo-500ix,33.417687805787686,242.45246756200024,15.67986742425467,68.4679670868875,2026-09-21 13:28:39,1,Healthy
2641,Warrior-500i,36.23976997324713,291.30589624623406,12.951581609340888,65.66118934102067,2026-09-21 13:33:39,1,Healthy
2642,Rogue-ET,37.28604502343934,262.9431607773107,11.269550376750631,73.34971222688405,2026-09-21 13:33:39,1,Healthy
2643,Aristo-500ix,31.36981765494621,214.10645975414272,11.701684118495516,52.689290398688776,2026-09-21 13:33:39,1,Healthy
2644,Warrior-500i,35.48536173607428,238.09370014201403,16.38587550200263,60.386711412340944,2026-09-21 13:38:39,1,Healthy
2645,Rogue-ET,24.20800650374847,296.8715598720197,16.23475243791873,60.244767084037136,2026-09-21 13:38:39,1,Healthy
2646,Aristo-500ix,24.285499599920527,194.7746666565198,12.742929001021565,70.74555766554525,2026-09-21 13:38:39,1,Healthy
2647,Warrior-500i,24.47255349330029,283.01627862911806,17.35498460633574,57.71531682498471,2026-09-21 13:43:39,1,Healthy
2648,Rogue-ET,26.11439721783389,241.86728560567747,12.745008560994343,58.42146505605757,2026-09-21 13:43:39,1,Healthy
2649,Aristo-500ix,33.482313977253824,205.03260485417843,12.180720970773823,71.79026166555934,2026-09-21 13:43:39,1,Healthy
2650,Warrior-500i,29.0437285931931,171.3696117890647,14.82926771796954,61.68657723204208,2026-09-21 13:48:39,1,Healthy
2651,Rogue-ET,29.230225603554572,167.34619225611766,10.633626033705228,59.816937191762065,2026-09-21 13:48:39,1,Healthy
2652,Aristo-500ix,35.91965525199899,248.3356335511911,15.797320657258991,66.63043194604509,2026-09-21 13:48:39,1,Healthy
2653,Warrior-500i,26.760010384020966,216.29813712426085,10.646165248862946,73.06525767107378,2026-09-21 13:53:39,1,Healthy
2654,Rogue-ET,26.079623449979387,296.9464395472223,11.556698575672357,46.9826497596753,2026-09-21 13:53:39,1,Healthy
2655,Aristo-500ix,24.252094482607646,202.65437761341883,15.549636724262923,58.44393624522333,2026-09-21 13:53:39,1,Healthy
2656,Warrior-500i,31.976639673575804,151.50680293062254,14.58321896462012,72.74246076894838,2026-09-21 13:58:39,1,Healthy
2657,Rogue-ET,34.76376057009571,177.7830423692996,17.573653325578448,61.68273681346375,2026-09-21 13:58:39,1,Healthy
2658,Aristo-500ix,31.896439537863298,264.5949706158838,16.125570185345737,61.18943723865844,2026-09-21 13:58:39,1,Healthy
2659,Warrior-500i,31.464339502943105,295.19566145253754,17.481139456144952,63.921743180106766,2026-09-21 14:03:39,1,Healthy
2660,Rogue-ET,27.220084179491995,198.5393055720352,12.983373965209513,45.27018417551469,2026-09-21 14:03:39,1,Healthy
2661,Aristo-500ix,22.45267869320817,151.6551162861138,14.509842961702375,73.0447700162914,2026-09-21 14:03:39,-1,Action Required
2662,Warrior-500i,36.306994347007745,271.5700934793772,12.93545627147094,48.108498425446506,2026-09-21 14:08:39,1,Healthy
2663,Rogue-ET,31.62173654734329,263.2529536976315,10.65174208924961,73.82141606584551,2026-09-21 14:08:39,1,Healthy
2664,Aristo-500ix,35.10205226036477,186.5177375828872,17.452153792622976,46.021761066144734,2026-09-21 14:08:39,1,Healthy
2665,Warrior-500i,27.82292497044206,248.14006599283127,17.38742739836371,59.996649094993685,2026-09-21 14:13:39,1,Healthy
2666,Rogue-ET,32.76085457982487,188.4751604382946,16.84803156435083,65.19699056934591,2026-09-21 14:13:39,1,Healthy
2667,Aristo-500ix,27.28153091352629,290.9941937363246,14.518989819459158,55.90134943077503,2026-09-21 14:13:39,1,Healthy
2668,Warrior-500i,23.762548584067716,188.29035501811495,15.979728228450412,68.6309565084397,2026-09-21 14:18:39,1,Healthy
2669,Rogue-ET,27.073973237636515,207.0709300375335,16.051047871934824,49.90960555655066,2026-09-21 14:18:39,1,Healthy
2670,Aristo-500ix,23.370850906206215,200.50936589076844,11.446404181532202,65.68613341510967,2026-09-21 14:18:39,1,Healthy
2671,Warrior-500i,27.19541540056108,229.68939315817332,17.159097066674704,50.9392895852845,2026-09-21 14:23:39,1,Healthy
2672,Rogue-ET,30.94861243845152,230.60422605180014,16.11542787304944,59.4679706448223,2026-09-21 14:23:39,1,Healthy
2673,Aristo-500ix,33.03736500710626,213.84118180660022,11.643441087832759,50.19644328454746,2026-09-21 14:23:39,1,Healthy
2674,Warrior-500i,28.069466898090916,270.69202763415973,15.164743660185747,51.790023254102024,2026-09-21 14:28:39,1,Healthy
2675,Rogue-ET,24.758428297064576,217.0391100629422,17.32103409022217,52.68003352723031,2026-09-21 14:28:39,1,Healthy
2676,Aristo-500ix,33.59225015118957,238.1977530680361,10.369349854193722,49.81140448881643,2026-09-21 14:28:39,1,Healthy
2677,Warrior-500i,27.575313016612895,201.028907154182,10.024534348500655,54.46475092720026,2026-09-21 14:33:39,1,Healthy
2678,Rogue-ET,25.211588053455948,193.45045939697258,16.777664707857785,67.48737378607646,2026-09-21 14:33:39,1,Healthy
2679,Aristo-500ix,31.37886837340615,163.84012390619358,16.72386412662732,55.67499443567645,2026-09-21 14:33:39,1,Healthy
2680,Warrior-500i,22.222523535971526,152.27261799125955,13.084448337779435,59.75858269404767,2026-09-21 14:38:39,1,Healthy
2681,Rogue-ET,23.998886705003265,279.7037474018897,12.129317437487803,61.5333466862471,2026-09-21 14:38:39,1,Healthy
2682,Aristo-500ix,30.214322687588407,158.5352104245402,12.337719985307528,57.51565197935189,2026-09-21 14:38:39,1,Healthy
2683,Warrior-500i,22.85968570542714,266.0110664872559,14.776503367781952,54.0991047890548,2026-09-21 14:43:39,1,Healthy
2684,Rogue-ET,27.12682348190404,189.1464859635422,11.682029930638013,70.43148367520864,2026-09-21 14:43:39,1,Healthy
2685,Aristo-500ix,26.793954721799608,169.00836842240992,10.660199025729945,52.23828839730703,2026-09-21 14:43:39,1,Healthy
2686,Warrior-500i,29.368789389524114,273.82300081666875,14.539668809991449,66.83034312149096,2026-09-21 14:48:39,1,Healthy
2687,Rogue-ET,22.54373526379581,205.42782527168617,11.348255970656002,55.48791612195516,2026-09-21 14:48:39,1,Healthy
2688,Aristo-500ix,35.65724559329469,277.3977256542364,14.42289705763018,52.636523303767405,2026-09-21 14:48:39,1,Healthy
2689,Warrior-500i,36.78676409226024,176.61722272409523,12.0798713086878,69.93429973440824,2026-09-21 14:53:39,1,Healthy
2690,Rogue-ET,29.359400599229268,254.02308016301305,13.526198288058675,67.16232576905063,2026-09-21 14:53:39,1,Healthy
2691,Aristo-500ix,37.936302775537,200.37629490666288,10.245376692743342,53.28440435897571,2026-09-21 14:53:39,1,Healthy
2692,Warrior-500i,36.58828283351045,251.44423594575244,16.946333106558146,65.71146371802112,2026-09-21 14:58:39,1,Healthy
2693,Rogue-ET,29.67445642013523,283.1478775351545,15.950847828557382,71.75219229022902,2026-09-21 14:58:39,1,Healthy
2694,Aristo-500ix,29.350810263016015,152.92876886088834,16.263535251601503,54.11117313374634,2026-09-21 14:58:39,1,Healthy
2695,Warrior-500i,28.131672690548505,223.56792140592268,10.861219317952987,69.593492624269,2026-09-21 15:03:39,1,Healthy
2696,Rogue-ET,24.056406004676635,164.85020765883036,14.249062602180315,49.02151522434993,2026-09-21 15:03:39,1,Healthy
2697,Aristo-500ix,23.168526237514577,283.5559412680577,10.653593904052912,55.38683877855197,2026-09-21 15:03:39,1,Healthy
2698,Warrior-500i,33.73523402403451,266.5522488853187,10.540389077418913,64.5856004779198,2026-09-21 15:08:39,1,Healthy
2699,Rogue-ET,25.885313093640292,205.85382439089759,17.750031264112064,49.45187974082875,2026-09-21 15:08:39,1,Healthy
2700,Aristo-500ix,35.52970937931305,214.21943443670813,14.692728481941188,62.221129621079484,2026-09-21 15:08:39,1,Healthy
2701,Warrior-500i,31.1728201535552,153.27938456051024,13.902841234713037,48.28641237148913,2026-09-21 15:13:39,1,Healthy
2702,Rogue-ET,30.481254932660665,159.9389384654786,10.474522540314293,56.13588719436756,2026-09-21 15:13:39,1,Healthy
2703,Aristo-500ix,37.65828736447595,287.14959614846543,16.988504200785627,68.32144639375178,2026-09-21 15:13:39,1,Healthy
2704,Warrior-500i,27.013412272121098,277.93729481000645,12.513021246932377,74.10527329258932,2026-09-21 15:18:39,1,Healthy
2705,Rogue-ET,23.070056595351673,202.27589332248775,17.1939752957416,62.25508848584477,2026-09-21 15:18:39,1,Healthy
2706,Aristo-500ix,37.79690488232502,285.4292041466589,17.239251071790267,56.296343375141895,2026-09-21 15:18:39,1,Healthy
2707,Warrior-500i,23.6730296463164,159.72323808476153,10.728589841307125,64.71738411522578,2026-09-21 15:23:39,1,Healthy
2708,Rogue-ET,37.264483032969906,176.0577508229925,16.434260520460438,71.77673514312782,2026-09-21 15:23:39,1,Healthy
2709,Aristo-500ix,27.01758267194014,206.64834875686694,13.366215862335071,59.20916998848188,2026-09-21 15:23:39,1,Healthy
2710,Warrior-500i,34.796511269837666,196.2356077500169,12.024866434994799,61.08295455746675,2026-09-21 15:28:39,1,Healthy
2711,Rogue-ET,28.991204399872142,182.45473184247186,12.346146824706345,63.0193067921885,2026-09-21 15:28:39,1,Healthy
2712,Aristo-500ix,34.100439110537195,269.7076770278919,11.811664673396937,64.00732972779491,2026-09-21 15:28:39,1,Healthy
2713,Warrior-500i,22.545410555240547,163.88467185486246,13.739002908181561,74.98513951005637,2026-09-21 15:33:39,1,Healthy
2714,Rogue-ET,23.076250321531127,154.12270211208414,10.691891930704042,61.47094259822556,2026-09-21 15:33:39,1,Healthy
2715,Aristo-500ix,25.611828154717937,178.78281010365697,10.680666160712397,51.08069718430616,2026-09-21 15:33:39,1,Healthy
2716,Warrior-500i,23.972344359602765,181.77315537921487,15.597284807404161,51.64460394646155,2026-09-21 15:38:39,1,Healthy
2717,Rogue-ET,29.25248973493406,232.54635257511993,17.930844939834913,54.60522514157108,2026-09-21 15:38:39,1,Healthy
2718,Aristo-500ix,27.790078434226334,215.6894247830574,11.024967208506595,61.82980922465788,2026-09-21 15:38:39,1,Healthy
2719,Warrior-500i,32.28242564466895,258.81867656342536,15.360706567746856,53.28222051563637,2026-09-21 15:43:39,1,Healthy
2720,Rogue-ET,25.399811276745346,202.76407634241346,15.965953685551682,53.65994314817743,2026-09-21 15:43:39,1,Healthy
2721,Aristo-500ix,27.251267345606006,183.90623862196597,17.962633599923713,45.34516154619247,2026-09-21 15:43:39,1,Healthy
2722,Warrior-500i,22.3018842620137,159.32012437958304,14.99980402089837,46.10243089765057,2026-09-21 15:48:39,1,Healthy
2723,Rogue-ET,26.9078474823268,225.0831892719172,15.860702134010722,57.047850239378704,2026-09-21 15:48:39,1,Healthy
2724,Aristo-500ix,35.57143922248268,266.04549723940215,14.736998436425612,57.38869644261617,2026-09-21 15:48:39,1,Healthy
2725,Warrior-500i,30.71852298822541,214.03883552497325,16.328058160442485,56.9851798960926,2026-09-21 15:53:39,1,Healthy
2726,Rogue-ET,22.721341692127872,257.6280992522054,14.377306254688639,50.516484666686374,2026-09-21 15:53:39,1,Healthy
2727,Aristo-500ix,24.981777862153123,161.19142611754634,10.215822118178655,46.40135270825175,2026-09-21 15:53:39,1,Healthy
2728,Warrior-500i,30.248195777534967,287.89803840352977,15.455120911071944,62.45910651955138,2026-09-21 15:58:39,1,Healthy
2729,Rogue-ET,29.013201486859177,293.08560197371133,12.30304520418224,71.36126361716774,2026-09-21 15:58:39,1,Healthy
2730,Aristo-500ix,22.517722457193717,292.4505142697246,16.6516001417753,65.00102215303154,2026-09-21 15:58:39,1,Healthy
2731,Warrior-500i,23.099973029138404,267.2446803923621,16.68541670803532,60.60149365035106,2026-09-21 16:03:39,1,Healthy
2732,Rogue-ET,35.2494518421485,190.45855755961702,17.20521484609636,62.14538787042224,2026-09-21 16:03:39,1,Healthy
2733,Aristo-500ix,37.76918968523222,263.39539407273514,16.07759798973341,72.55922982698041,2026-09-21 16:03:39,1,Healthy
2734,Warrior-500i,23.08689823178993,298.6131917462713,13.219336480039017,61.09417356247614,2026-09-21 16:08:39,1,Healthy
2735,Rogue-ET,22.658922875154172,186.28982473831468,16.92481889145383,55.57977625541935,2026-09-21 16:08:39,1,Healthy
2736,Aristo-500ix,23.53187653568566,253.47683286373342,11.035112535560753,46.46952641939522,2026-09-21 16:08:39,1,Healthy
2737,Warrior-500i,28.201656834748093,177.85524319110277,11.170103707622005,49.21793636462982,2026-09-21 16:13:39,1,Healthy
2738,Rogue-ET,24.5423754225782,231.57112826291976,15.22237461986063,53.069954113562105,2026-09-21 16:13:39,1,Healthy
2739,Aristo-500ix,23.420340651893888,262.431813723146,17.00238321339809,67.61810620601322,2026-09-21 16:13:39,1,Healthy
2740,Warrior-500i,33.32817189908967,206.60860297781574,17.65943192593147,67.80764698993633,2026-09-21 16:18:39,1,Healthy
2741,Rogue-ET,23.062165974251307,282.82801345426793,13.009100752653076,71.63027830160327,2026-09-21 16:18:39,1,Healthy
2742,Aristo-500ix,23.052005626628745,239.25427187625752,14.652904645795502,71.27352715447451,2026-09-21 16:18:39,1,Healthy
2743,Warrior-500i,30.602842191761447,164.73281098300365,13.746359770998177,71.33808993835862,2026-09-21 16:23:39,1,Healthy
2744,Rogue-ET,33.181169553679794,273.87132345077777,16.07272614400493,63.6048520131051,2026-09-21 16:23:39,1,Healthy
2745,Aristo-500ix,33.68253154405912,218.46043450496342,11.247315581523868,51.07340638283267,2026-09-21 16:23:39,1,Healthy
2746,Warrior-500i,27.54902428871752,193.1684873412585,10.773820161785423,46.20065858108967,2026-09-21 16:28:39,1,Healthy
2747,Rogue-ET,37.96288502430673,249.69090306563766,17.932295667893335,68.95429014101403,2026-09-21 16:28:39,1,Healthy
2748,Aristo-500ix,34.903683590954806,279.39251722673004,12.919843763033725,54.897662832720464,2026-09-21 16:28:39,1,Healthy
2749,Warrior-500i,34.63615549937682,245.00335523260878,15.9648311810043,68.72949682713244,2026-09-21 16:33:39,1,Healthy
2750,Rogue-ET,27.085712047807643,224.69101291960862,14.85641931781306,74.7117283432085,2026-09-21 16:33:39,1,Healthy
2751,Aristo-500ix,37.27469662656752,187.69142455665985,12.082975477805658,56.583947577002895,2026-09-21 16:33:39,1,Healthy
2752,Warrior-500i,24.9399880288509,233.27982998266873,13.009195133612884,54.94396282513005,2026-09-21 16:38:39,1,Healthy
2753,Rogue-ET,28.237238055776835,175.77308685069607,12.299842169454923,56.06710196163874,2026-09-21 16:38:39,1,Healthy
2754,Aristo-500ix,34.824706147470195,291.3532093339037,12.178913806869588,68.77220836930974,2026-09-21 16:38:39,1,Healthy
2755,Warrior-500i,22.137970952884505,255.93384886166484,17.8950410418689,66.4215560320298,2026-09-21 16:43:39,1,Healthy
2756,Rogue-ET,34.56441886584416,229.36971309931,11.347318564518712,62.75180300900243,2026-09-21 16:43:39,1,Healthy
2757,Aristo-500ix,22.518278125095748,285.4483350251967,14.430333430243667,74.31897074112824,2026-09-21 16:43:39,1,Healthy
2758,Warrior-500i,32.303442143406414,179.46282452256028,10.344364715847544,52.673995395517,2026-09-21 16:48:39,1,Healthy
2759,Rogue-ET,28.609481871568967,154.06386438419403,12.827024261785269,71.04903358129619,2026-09-21 16:48:39,1,Healthy
2760,Aristo-500ix,29.270024428261117,262.0900470262425,12.632102274279038,51.10385763889927,2026-09-21 16:48:39,1,Healthy
2761,Warrior-500i,27.299225805753224,258.80347689367414,11.775517648809775,73.1169100353133,2026-09-21 16:53:39,1,Healthy
2762,Rogue-ET,32.72710163179121,240.00305018646645,14.96221505164871,46.7193691583522,2026-09-21 16:53:39,1,Healthy
2763,Aristo-500ix,32.12728785715235,224.16437448734172,17.099650859894613,55.9009760625862,2026-09-21 16:53:39,1,Healthy
2764,Warrior-500i,24.237234269166294,280.5928332938126,11.608630898441211,65.26412372382643,2026-09-21 16:58:39,1,Healthy
2765,Rogue-ET,31.76970312945135,154.57830949446262,11.69406333164239,65.03807101817719,2026-09-21 16:58:39,1,Healthy
2766,Aristo-500ix,35.80797717589739,282.8451533467464,14.718255712583725,46.686930652989034,2026-09-21 16:58:39,1,Healthy
2767,Warrior-500i,25.256904553672154,185.83947315097296,16.80555934458237,46.05106305114005,2026-09-21 17:03:39,1,Healthy
2768,Rogue-ET,31.185275176032732,292.0347790060437,10.866528953536584,70.27057493632518,2026-09-21 17:03:39,1,Healthy
2769,Aristo-500ix,35.02816787233302,168.30794647111935,17.31673053666581,67.16539301402597,2026-09-21 17:03:39,1,Healthy
2770,Warrior-500i,28.21987517722016,227.89000081687084,10.92632167586504,47.88993424482732,2026-09-21 17:08:39,1,Healthy
2771,Rogue-ET,26.4760853107435,175.68010571189447,17.24607109216232,56.07333599183382,2026-09-21 17:08:39,1,Healthy
2772,Aristo-500ix,23.225005897037377,283.6614187970529,11.80835893686338,70.20434781538323,2026-09-21 17:08:39,1,Healthy
2773,Warrior-500i,25.46757703422275,255.11208474365188,13.040701365507543,55.66298797310702,2026-09-21 17:13:39,1,Healthy
2774,Rogue-ET,29.456153262305065,258.0747646299222,14.420070210276048,49.5457964976091,2026-09-21 17:13:39,1,Healthy
2775,Aristo-500ix,33.01710891742769,208.85138795186583,10.372644824590658,71.17821006657337,2026-09-21 17:13:39,1,Healthy
2776,Warrior-500i,28.23906300575741,202.66755366980323,11.50961742347407,46.66578490579613,2026-09-21 17:18:39,1,Healthy
2777,Rogue-ET,22.444267941236596,230.57204240992286,11.416208585580474,68.88875351814197,2026-09-21 17:18:39,1,Healthy
2778,Aristo-500ix,25.259219254404375,245.45057957071612,13.215352355226692,61.058703289972115,2026-09-21 17:18:39,1,Healthy
2779,Warrior-500i,32.95180032916013,211.3575622482319,14.798743209982618,69.0819558783945,2026-09-21 17:23:39,1,Healthy
2780,Rogue-ET,25.92059245036971,154.96681291881265,17.103111206352672,66.72225787910317,2026-09-21 17:23:39,1,Healthy
2781,Aristo-500ix,32.43237603660954,233.65243457038179,12.383319147075984,73.40832643171196,2026-09-21 17:23:39,1,Healthy
2782,Warrior-500i,36.238260710668385,281.4520631577549,15.027868010254162,49.45419209238627,2026-09-21 17:28:39,1,Healthy
2783,Rogue-ET,26.436379948446614,284.1633176273947,11.51388169237556,61.14140210610046,2026-09-21 17:28:39,1,Healthy
2784,Aristo-500ix,27.119434662880604,258.0679489273661,16.03401255278022,50.51386720233793,2026-09-21 17:28:39,1,Healthy
2785,Warrior-500i,35.19228120537289,154.41797895201702,14.2688049940188,49.79498028345144,2026-09-21 17:33:39,1,Healthy
2786,Rogue-ET,22.673293643948597,229.201107271752,10.278991967072223,58.44776285422614,2026-09-21 17:33:39,1,Healthy
2787,Aristo-500ix,28.879879336945653,171.33981690581038,13.457352309654272,69.68806821430714,2026-09-21 17:33:39,1,Healthy
2788,Warrior-500i,23.992078448838125,212.57863574164182,14.02599435099994,68.97117548622704,2026-09-21 17:38:39,1,Healthy
2789,Rogue-ET,25.53112021433585,227.64522728175427,12.303866632942189,61.51265976364688,2026-09-21 17:38:39,1,Healthy
2790,Aristo-500ix,23.414018611361676,277.57489378590634,15.832466378678564,55.18956465822969,2026-09-21 17:38:39,1,Healthy
2791,Warrior-500i,35.52105401764574,299.3271732634364,17.608631994676106,57.59719334845171,2026-09-21 17:43:39,1,Healthy
2792,Rogue-ET,24.66057555736819,220.535681507473,10.952851998169452,57.16713934550502,2026-09-21 17:43:39,1,Healthy
2793,Aristo-500ix,24.323308082766502,198.7552361696693,14.72757685220665,48.38032653894819,2026-09-21 17:43:39,1,Healthy
2794,Warrior-500i,29.238206361022076,275.15159946183064,13.871747027059312,65.55679515188255,2026-09-21 17:48:39,1,Healthy
2795,Rogue-ET,37.0769244054562,249.69575782318594,12.39336691427847,57.814980774516556,2026-09-21 17:48:39,1,Healthy
2796,Aristo-500ix,30.26225769428801,212.23695725079426,14.347105146169774,61.23296618099795,2026-09-21 17:48:39,1,Healthy
2797,Warrior-500i,32.88961408600829,171.52225549790145,12.639183628751443,60.23550582350476,2026-09-21 17:53:39,1,Healthy
2798,Rogue-ET,32.79932056280316,262.551790773309,17.42105248620558,58.674947402481536,2026-09-21 17:53:39,1,Healthy
2799,Aristo-500ix,29.051904276377414,178.18659237796777,12.840018502113015,50.664835504659635,2026-09-21 17:53:39,1,Healthy
2800,Warrior-500i,27.57134750344699,170.29931799570346,14.901067484276037,45.10231399380068,2026-09-21 17:58:39,1,Healthy
2801,Rogue-ET,27.13803089788884,295.75557155613626,14.217787176898844,49.94960700479773,2026-09-21 17:58:39,1,Healthy
2802,Aristo-500ix,30.239256513312185,239.76205404597437,17.442344659731354,57.27259731482331,2026-09-21 17:58:39,1,Healthy
2803,Warrior-500i,34.02673588664899,294.67872839835263,16.878972261384448,45.12938453145128,2026-09-21 18:03:39,-1,Action Required
2804,Rogue-ET,35.82813287434266,180.7683094078748,10.618713225539459,50.11625443476436,2026-09-21 18:03:39,1,Healthy
2805,Aristo-500ix,36.632133916263165,216.56811569130286,17.66897315957582,57.66712408254557,2026-09-21 18:03:39,1,Healthy
2806,Warrior-500i,35.207750983820716,242.76158304211756,12.760234618561551,63.68874935326852,2026-09-21 18:08:39,1,Healthy
2807,Rogue-ET,26.408506043836553,155.15458908248982,11.723631807623317,71.9723733930979,2026-09-21 18:08:39,1,Healthy
2808,Aristo-500ix,28.937315158042175,205.33286735615235,17.137254645847307,64.28699933099549,2026-09-21 18:08:39,1,Healthy
2809,Warrior-500i,30.23724600699655,286.7161433458414,13.040946037998415,50.44619804302195,2026-09-21 18:13:39,1,Healthy
2810,Rogue-ET,35.65134699588728,285.40128396729654,15.23959490123119,60.14491212715865,2026-09-21 18:13:39,1,Healthy
2811,Aristo-500ix,34.42667886044741,174.24103620143103,13.092861530025623,70.67888233715468,2026-09-21 18:13:39,1,Healthy
2812,Warrior-500i,29.91371409030596,201.66123746542758,13.78701728641163,52.84969174275482,2026-09-21 18:18:39,1,Healthy
2813,Rogue-ET,31.98132841202063,156.16583180233698,16.835950014370948,49.40341570663103,2026-09-21 18:18:39,1,Healthy
2814,Aristo-500ix,30.839847541743936,153.48206141799878,16.275707065561726,66.31040139329014,2026-09-21 18:18:39,1,Healthy
2815,Warrior-500i,29.861004612971723,193.21020110648527,11.12592266891394,58.54739304974089,2026-09-21 18:23:39,1,Healthy
2816,Rogue-ET,37.056135824054735,170.28938665197356,11.096809695813434,50.66211067265182,2026-09-21 18:23:39,1,Healthy
2817,Aristo-500ix,23.292971681139164,162.73849091186213,10.613575376260913,68.93820540196748,2026-09-21 18:23:39,1,Healthy
2818,Warrior-500i,30.30679287728843,265.66583047555775,13.127543029061872,60.25807290386523,2026-09-21 18:28:39,1,Healthy
2819,Rogue-ET,25.025555057415968,249.77346774270396,10.800121428971408,45.543119762959144,2026-09-21 18:28:39,1,Healthy
2820,Aristo-500ix,24.649185361173984,259.31872586428534,16.709042567174627,68.09092566274916,2026-09-21 18:28:39,1,Healthy
2821,Warrior-500i,26.578083415474758,190.4345216372858,11.837997553830043,74.45830022250286,2026-09-21 18:33:39,1,Healthy
2822,Rogue-ET,34.31041250922591,210.69394642417117,15.380488558354958,51.88916157096128,2026-09-21 18:33:39,1,Healthy
2823,Aristo-500ix,23.211689090739007,264.4690054738497,16.693792634318818,53.02040664805482,2026-09-21 18:33:39,1,Healthy
2824,Warrior-500i,22.371655963752193,165.6433748865791,16.614541873422283,52.31195123237096,2026-09-21 18:38:39,1,Healthy
2825,Rogue-ET,33.8612912747764,178.29002180065638,14.993740239239497,50.26319009674492,2026-09-21 18:38:39,1,Healthy
2826,Aristo-500ix,36.5997372227357,159.4086422457854,13.51672916376641,49.61509655238838,2026-09-21 18:38:39,1,Healthy
2827,Warrior-500i,32.68720160978991,166.08857902083363,10.39310569727586,58.41505511942616,2026-09-21 18:43:39,1,Healthy
2828,Rogue-ET,22.94944579201203,282.24042951271326,10.33653734863079,53.55256097862592,2026-09-21 18:43:39,1,Healthy
2829,Aristo-500ix,23.284874223302594,233.96582073107325,16.559308847038466,54.12587978242092,2026-09-21 18:43:39,1,Healthy
2830,Warrior-500i,34.21402839195021,284.54162062094235,12.526356564176421,52.271695542354635,2026-09-21 18:48:39,1,Healthy
2831,Rogue-ET,23.225954916007822,213.88885480387972,11.070392215558432,61.90165168439901,2026-09-21 18:48:39,1,Healthy
2832,Aristo-500ix,23.3122149485542,164.8282605485346,16.96329275385625,57.05003205324971,2026-09-21 18:48:39,1,Healthy
2833,Warrior-500i,28.73808600789297,258.52452292466677,15.110213833513995,59.45643257987477,2026-09-21 18:53:39,1,Healthy
2834,Rogue-ET,34.31995344036438,245.3946737797892,10.611476639674375,57.060239150424195,2026-09-21 18:53:39,1,Healthy
2835,Aristo-500ix,27.723664367295235,159.12156538501125,15.08879312019961,49.222819188897205,2026-09-21 18:53:39,1,Healthy
2836,Warrior-500i,24.85044707675072,184.39710875049525,13.640016061509199,50.92215096375431,2026-09-21 18:58:39,1,Healthy
2837,Rogue-ET,30.859229479734857,240.00769061749742,12.056454861508985,51.19734344168896,2026-09-21 18:58:39,1,Healthy
2838,Aristo-500ix,37.44307425682927,265.04954801354313,15.328554305224142,73.69876360862065,2026-09-21 18:58:39,1,Healthy
2839,Warrior-500i,28.359109384325695,261.9651775561729,17.51250681704824,45.667499783795016,2026-09-21 19:03:39,1,Healthy
2840,Rogue-ET,35.99342686969249,217.01713816616262,16.338627893466317,67.89955756039964,2026-09-21 19:03:39,1,Healthy
2841,Aristo-500ix,23.362125512001647,276.54016077653006,15.377751902181393,65.58069022958435,2026-09-21 19:03:39,1,Healthy
2842,Warrior-500i,33.33136079874042,163.11617133060193,11.55924183483015,64.12636512253401,2026-09-21 19:08:39,1,Healthy
2843,Rogue-ET,25.903744467769947,282.82379568184984,12.742776963679391,45.35486877504197,2026-09-21 19:08:39,1,Healthy
2844,Aristo-500ix,37.290607825140114,203.99816133085199,11.622406255583185,73.1326987891911,2026-09-21 19:08:39,1,Healthy
2845,Warrior-500i,31.731659281648454,211.89219588345685,16.525779448298664,60.67020967536284,2026-09-21 19:13:39,1,Healthy
2846,Rogue-ET,33.35752373660706,298.31970815814276,10.238344908794657,64.0344843563832,2026-09-21 19:13:39,1,Healthy
2847,Aristo-500ix,30.228497385826806,183.20213101161733,12.636515076998517,68.76048344047653,2026-09-21 19:13:39,1,Healthy
2848,Warrior-500i,23.200141123468413,193.59070492438667,17.812834071013025,67.9345209841084,2026-09-21 19:18:39,1,Healthy
2849,Rogue-ET,35.0001216920437,278.1792660015582,10.916779248988465,45.625260155515306,2026-09-21 19:18:39,1,Healthy
2850,Aristo-500ix,23.54951562882554,235.56337482101816,15.401481236711549,72.77531892139574,2026-09-21 19:18:39,1,Healthy
2851,Warrior-500i,31.778835672370537,242.4468574252491,14.12452363867947,59.588323768402944,2026-09-21 19:23:39,1,Healthy
2852,Rogue-ET,37.72661888543367,218.86870054627175,12.774326697466332,62.1223689439354,2026-09-21 19:23:39,1,Healthy
2853,Aristo-500ix,27.4111652632621,169.65085074717751,13.19122601727922,50.249991496078685,2026-09-21 19:23:39,1,Healthy
2854,Warrior-500i,28.72769206223349,174.25198807224416,14.530026274564502,60.680148790012076,2026-09-21 19:28:39,1,Healthy
2855,Rogue-ET,32.170304870115054,234.9599100646795,16.632914467276784,57.937050073169964,2026-09-21 19:28:39,1,Healthy
2856,Aristo-500ix,33.50517110803027,186.56001788890646,14.83236296716916,54.81436141379719,2026-09-21 19:28:39,1,Healthy
2857,Warrior-500i,26.43044038378362,244.02079632258307,13.123723504703744,74.17152099423139,2026-09-21 19:33:39,1,Healthy
2858,Rogue-ET,26.853744113719607,203.6308441614613,17.865950068077893,64.22296474288436,2026-09-21 19:33:39,1,Healthy
2859,Aristo-500ix,31.029618676205715,258.2693390170756,10.047994810177013,67.98428708309777,2026-09-21 19:33:39,1,Healthy
2860,Warrior-500i,32.54479651262049,173.74099743213398,16.21115587932495,69.7703644151278,2026-09-21 19:38:39,1,Healthy
2861,Rogue-ET,28.75759167912987,275.826279800166,11.411527822241382,58.55747835905378,2026-09-21 19:38:39,1,Healthy
2862,Aristo-500ix,36.11841414384622,250.9358058912367,17.417993457319714,67.12399999959283,2026-09-21 19:38:39,1,Healthy
2863,Warrior-500i,27.113067481082346,154.33787456421422,16.767574522366477,56.483899974463704,2026-09-21 19:43:39,1,Healthy
2864,Rogue-ET,34.834789061501205,251.57439718838341,17.737625183526532,63.87006190752289,2026-09-21 19:43:39,1,Healthy
2865,Aristo-500ix,22.3232590158392,284.31069869721244,10.463193310667531,54.480327479195424,2026-09-21 19:43:39,1,Healthy
2866,Warrior-500i,28.10361489456355,159.19661573571557,14.052732140122632,55.92150980324816,2026-09-21 19:48:39,1,Healthy
2867,Rogue-ET,35.36091319932795,242.43089776176697,15.879967478057416,63.68253760367901,2026-09-21 19:48:39,1,Healthy
2868,Aristo-500ix,25.228483284340168,219.39573153438647,17.728028738949735,50.06813822706892,2026-09-21 19:48:39,1,Healthy
2869,Warrior-500i,29.497126173260824,157.30905220181967,13.03125048667787,64.19188939404684,2026-09-21 19:53:39,1,Healthy
2870,Rogue-ET,32.8006183862617,297.3248400541255,13.485411441317023,49.31453425283158,2026-09-21 19:53:39,1,Healthy
2871,Aristo-500ix,28.167310080675236,209.25725967783703,16.696942675508897,62.57811013447761,2026-09-21 19:53:39,1,Healthy
2872,Warrior-500i,25.711775673513507,207.4635194435035,13.735225084990581,65.05908824676116,2026-09-21 19:58:39,1,Healthy
2873,Rogue-ET,24.37502032130142,224.17205264871393,14.992771095146738,73.48638344741374,2026-09-21 19:58:39,1,Healthy
2874,Aristo-500ix,27.40186723066362,276.4140150854975,10.561306660227935,50.78330833361023,2026-09-21 19:58:39,1,Healthy
2875,Warrior-500i,29.682916215991916,266.47014212952087,17.989221718454466,46.69946036355741,2026-09-21 20:03:39,1,Healthy
2876,Rogue-ET,34.30409422646337,234.50655100643857,16.50038606355409,45.79081772213897,2026-09-21 20:03:39,1,Healthy
2877,Aristo-500ix,33.23430793029467,256.14636464254136,12.275974401516194,52.347067394455934,2026-09-21 20:03:39,1,Healthy
2878,Warrior-500i,24.142338790164317,159.61744038192256,13.635410322889639,55.729501076971495,2026-09-21 20:08:39,1,Healthy
2879,Rogue-ET,23.11364852260203,243.074507912029,16.280894084400785,74.51216966778625,2026-09-21 20:08:39,1,Healthy
2880,Aristo-500ix,25.673443850682585,169.08757274479927,11.69539991582267,55.361859953765844,2026-09-21 20:08:39,1,Healthy
2881,Warrior-500i,26.12415289818607,150.46743404028908,15.696055054817949,46.33863464738357,2026-09-21 20:13:39,1,Healthy
2882,Rogue-ET,37.7201379427764,248.47362905342214,14.680552007636262,53.114080860178646,2026-09-21 20:13:39,1,Healthy
2883,Aristo-500ix,27.471991331983432,157.38386166457323,15.086321663361007,64.8621139414664,2026-09-21 20:13:39,1,Healthy
2884,Warrior-500i,35.986015309793316,193.60207060305584,10.915638915536071,64.6135892808246,2026-09-21 20:18:39,1,Healthy
2885,Rogue-ET,22.62127704745659,189.76907561724582,15.12795700855154,48.26128922904074,2026-09-21 20:18:39,1,Healthy
2886,Aristo-500ix,30.85920768062892,275.9100874502244,14.442020527948609,48.78344130384092,2026-09-21 20:18:39,1,Healthy
2887,Warrior-500i,24.163495693491726,257.194383960495,15.887757583848337,47.5475676810313,2026-09-21 20:23:39,1,Healthy
2888,Rogue-ET,36.50188170240429,285.7150744352546,14.124061643458763,63.932927405615416,2026-09-21 20:23:39,1,Healthy
2889,Aristo-500ix,25.60516469050723,156.95706930060652,15.644753962263044,62.90422997283541,2026-09-21 20:23:39,1,Healthy
2890,Warrior-500i,29.869378818111635,256.18200330873225,16.311610739161686,63.36100704482955,2026-09-21 20:28:39,1,Healthy
2891,Rogue-ET,29.728059273312365,265.98957215048773,17.776696953824306,69.32770015406379,2026-09-21 20:28:39,1,Healthy
2892,Aristo-500ix,29.58685264487692,153.61336414054676,14.532144938584,48.35451450443459,2026-09-21 20:28:39,1,Healthy
2893,Warrior-500i,36.238497109120736,173.65120536726553,11.150537319185718,59.79800901631374,2026-09-21 20:33:39,1,Healthy
2894,Rogue-ET,34.33949053049584,193.15289016035172,14.015799551730948,59.65385929428534,2026-09-21 20:33:39,1,Healthy
2895,Aristo-500ix,24.026308864384276,247.58717182743788,10.893929260032762,48.18919402803121,2026-09-21 20:33:39,1,Healthy
2896,Warrior-500i,25.10547182073314,180.1565301664907,13.011352309913043,61.58705189300376,2026-09-21 20:38:39,1,Healthy
2897,Rogue-ET,22.56462452914127,219.49046999232598,13.506415406148363,68.44538939416557,2026-09-21 20:38:39,1,Healthy
2898,Aristo-500ix,25.713497673564554,234.53158194447906,12.966347012780107,70.63402166902966,2026-09-21 20:38:39,1,Healthy
2899,Warrior-500i,24.637327788353005,235.31835179427588,14.57900141767107,74.72433363050143,2026-09-21 20:43:39,1,Healthy
2900,Rogue-ET,36.33082994469748,294.1471285934043,10.172126997245023,71.83520655529009,2026-09-21 20:43:39,-1,Action Required
2901,Aristo-500ix,36.48576826837062,184.36604451619596,16.53222244740877,70.87972031757887,2026-09-21 20:43:39,1,Healthy
2902,Warrior-500i,24.464947413946735,290.43662181379324,11.314150119440813,65.4760487260887,2026-09-21 20:48:39,1,Healthy
2903,Rogue-ET,28.230360022577578,253.25007661352282,12.815608067974228,73.21595064574237,2026-09-21 20:48:39,1,Healthy
2904,Aristo-500ix,30.113735297714808,206.9744715939965,17.683186687492256,72.84981312506454,2026-09-21 20:48:39,1,Healthy
2905,Warrior-500i,23.112706163410117,150.9578478944466,11.778257975817738,61.109461297836894,2026-09-21 20:53:39,1,Healthy
2906,Rogue-ET,24.87160367409183,281.9447382040976,17.27210154708819,71.57294735481717,2026-09-21 20:53:39,1,Healthy
2907,Aristo-500ix,35.51545270590956,196.95828254509595,16.102893937941946,68.40699730444102,2026-09-21 20:53:39,1,Healthy
2908,Warrior-500i,30.473954905371244,255.5747562862296,16.803828969442595,51.718566340293634,2026-09-21 20:58:39,1,Healthy
2909,Rogue-ET,29.714110440289993,250.08129095151384,13.710205741083968,50.27618989638836,2026-09-21 20:58:39,1,Healthy
2910,Aristo-500ix,25.465223342096326,290.8122514598124,11.2816221132267,72.89304039781192,2026-09-21 20:58:39,1,Healthy
2911,Warrior-500i,26.56240471253478,205.73115194862342,11.399616474026487,48.934494675053145,2026-09-21 21:03:39,1,Healthy
2912,Rogue-ET,34.47571027010883,176.09631716460495,14.01472246104576,62.82647090550978,2026-09-21 21:03:39,1,Healthy
2913,Aristo-500ix,27.764038766505347,285.49745750735394,15.354029648023115,73.25389555235863,2026-09-21 21:03:39,1,Healthy
2914,Warrior-500i,28.762413600074048,167.01921007867156,12.387120735179987,65.50132890661735,2026-09-21 21:08:39,1,Healthy
2915,Rogue-ET,23.217838519771092,240.2136652300568,14.231150670997478,52.186291956692706,2026-09-21 21:08:39,1,Healthy
2916,Aristo-500ix,29.00905437112435,271.6513642110823,17.29838977838009,65.19691204733891,2026-09-21 21:08:39,1,Healthy
2917,Warrior-500i,29.15049386229164,269.91526876609186,15.521475401871605,61.92703497716411,2026-09-21 21:13:39,1,Healthy
2918,Rogue-ET,24.272656331425424,171.2963041981155,11.485608672945869,54.07077539792229,2026-09-21 21:13:39,1,Healthy
2919,Aristo-500ix,25.668900675252722,215.2972736205214,17.620415080635727,52.0811192758346,2026-09-21 21:13:39,1,Healthy
2920,Warrior-500i,25.282598852301348,278.80498287263447,13.192637285320185,56.02902615182631,2026-09-21 21:18:39,1,Healthy
2921,Rogue-ET,23.91398588416122,252.5895794476304,14.556753791444514,61.81314945064835,2026-09-21 21:18:39,1,Healthy
2922,Aristo-500ix,30.040495124196134,155.267323814739,13.14850045868912,52.83172779510369,2026-09-21 21:18:39,1,Healthy
2923,Warrior-500i,33.06130643129182,272.9976628504612,16.354772117172402,48.515059083769486,2026-09-21 21:23:39,1,Healthy
2924,Rogue-ET,33.92257112309631,167.01562971104775,15.18615258216184,70.12332356080516,2026-09-21 21:23:39,1,Healthy
2925,Aristo-500ix,35.360144607765754,234.65285379414183,13.5182205015258,49.37119140859488,2026-09-21 21:23:39,1,Healthy
2926,Warrior-500i,37.68372969933458,194.88169289690498,14.644874491499095,58.8210020377605,2026-09-21 21:28:39,1,Healthy
2927,Rogue-ET,34.167313263961645,278.51004653967004,14.04273208561655,46.966306300875175,2026-09-21 21:28:39,1,Healthy
2928,Aristo-500ix,30.620271986841548,283.8715282945599,14.232675291426371,71.35750254394577,2026-09-21 21:28:39,1,Healthy
2929,Warrior-500i,24.61668138650044,193.8171336272752,17.53082761203909,63.75800557666896,2026-09-21 21:33:39,1,Healthy
2930,Rogue-ET,27.152503367711105,220.01377280467796,15.921531004132287,54.05309741914098,2026-09-21 21:33:39,1,Healthy
2931,Aristo-500ix,37.94528105764101,222.1552101339733,11.258240536900828,68.97645910379225,2026-09-21 21:33:39,1,Healthy
2932,Warrior-500i,27.601469927451596,280.2819583421139,17.92361927609921,64.15935450347934,2026-09-21 21:38:39,1,Healthy
2933,Rogue-ET,25.58680094858851,245.35070927034886,14.91131844583594,50.65647078696496,2026-09-21 21:38:39,1,Healthy
2934,Aristo-500ix,37.0073643915007,201.65200865675737,12.634099746553623,73.15316794917831,2026-09-21 21:38:39,1,Healthy
2935,Warrior-500i,23.58632141031631,284.0260829687966,14.957211992974102,66.09437526604954,2026-09-21 21:43:39,1,Healthy
2936,Rogue-ET,32.00894057269884,258.2741026969208,17.013971469068753,51.70688667390644,2026-09-21 21:43:39,1,Healthy
2937,Aristo-500ix,33.79170044274767,231.6492402346166,12.582237161525352,49.63549747141509,2026-09-21 21:43:39,1,Healthy
2938,Warrior-500i,28.750285929543985,286.83082836162794,13.583935792405331,54.91498154707881,2026-09-21 21:48:39,1,Healthy
2939,Rogue-ET,30.055402402269998,164.97594132785477,14.54652252607568,64.23911440603133,2026-09-21 21:48:39,1,Healthy
2940,Aristo-500ix,32.87598625672503,158.75357404153792,17.15505615056648,49.38730860681836,2026-09-21 21:48:39,1,Healthy
2941,Warrior-500i,28.743605239924555,243.19509866109138,17.66094542386509,61.15597874008823,2026-09-21 21:53:39,1,Healthy
2942,Rogue-ET,32.483263857670934,189.3939612413857,12.705165820844247,59.22996708730339,2026-09-21 21:53:39,1,Healthy
2943,Aristo-500ix,35.49165315699856,207.94446071821943,16.189341676559113,61.90414670156975,2026-09-21 21:53:39,1,Healthy
2944,Warrior-500i,28.31323415386361,230.00548761386887,10.136363970976383,65.41956291220636,2026-09-21 21:58:39,1,Healthy
2945,Rogue-ET,32.66528043911313,252.1952879283309,17.22369525605063,60.21724577665249,2026-09-21 21:58:39,1,Healthy
2946,Aristo-500ix,32.69992756458675,240.39043303730142,17.702664518347355,53.649300778179196,2026-09-21 21:58:39,1,Healthy
2947,Warrior-500i,27.073927354595035,208.9448658608094,15.959506385465197,57.145417632845614,2026-09-21 22:03:39,1,Healthy
2948,Rogue-ET,29.75701922118533,238.58139293547214,13.364614738594435,61.34103018183694,2026-09-21 22:03:39,1,Healthy
2949,Aristo-500ix,29.258649418428703,256.3814644977697,13.568421960323636,73.13152743649516,2026-09-21 22:03:39,1,Healthy
2950,Warrior-500i,25.903055029982145,199.8382396660107,17.637461416054077,46.802425610906774,2026-09-21 22:08:39,1,Healthy
2951,Rogue-ET,33.61465098433245,212.74073929471476,16.18159209576792,64.19174182204002,2026-09-21 22:08:39,1,Healthy
2952,Aristo-500ix,29.948112493737604,159.05131598936327,11.40226995837208,69.0214216310022,2026-09-21 22:08:39,1,Healthy
2953,Warrior-500i,30.307119010690066,262.16033135547843,16.977249845862218,61.77045093828379,2026-09-21 22:13:39,1,Healthy
2954,Rogue-ET,22.404034769858942,246.78379814047565,10.87250833615682,50.74300062915069,2026-09-21 22:13:39,1,Healthy
2955,Aristo-500ix,23.62054121087801,279.64201300405455,16.841099699776464,66.00712611553618,2026-09-21 22:13:39,1,Healthy
2956,Warrior-500i,36.90505374818458,150.6796232477555,14.744407560736647,45.738940381931236,2026-09-21 22:18:39,-1,Action Required
2957,Rogue-ET,30.573663709964833,199.24592121329863,11.101897681649852,73.56711961268454,2026-09-21 22:18:39,1,Healthy
2958,Aristo-500ix,36.75045148198672,152.99243140336657,14.914479158850835,52.21175902109993,2026-09-21 22:18:39,1,Healthy
2959,Warrior-500i,23.070635392591342,257.8189793436917,10.735937699330886,54.10689797576584,2026-09-21 22:23:39,1,Healthy
2960,Rogue-ET,37.78828297718661,163.11123727925926,10.150964920329802,72.98642951616534,2026-09-21 22:23:39,-1,Action Required
2961,Aristo-500ix,29.16559352085932,231.65984017302793,15.99544342469251,74.32157348041008,2026-09-21 22:23:39,1,Healthy
2962,Warrior-500i,25.889319304524264,294.20515964360015,17.933501217885315,51.33137033960839,2026-09-21 22:28:39,-1,Action Required
2963,Rogue-ET,31.07980040440222,270.79571907733117,17.75140055408378,51.87238639091912,2026-09-21 22:28:39,1,Healthy
2964,Aristo-500ix,32.60763361333632,167.7533083163548,15.676183986619758,71.68334638254944,2026-09-21 22:28:39,1,Healthy
2965,Warrior-500i,28.386821055201167,255.08971618946072,12.60890282826635,54.46076128641798,2026-09-21 22:33:39,1,Healthy
2966,Rogue-ET,29.172415160012733,275.1122457768844,16.26611394938721,48.822421841781455,2026-09-21 22:33:39,1,Healthy
2967,Aristo-500ix,29.339640616381125,184.75506308682455,10.605215731346707,70.56784187110709,2026-09-21 22:33:39,1,Healthy
2968,Warrior-500i,37.11937139463742,225.52785168272516,16.639174270957007,57.42737114866121,2026-09-21 22:38:39,1,Healthy
2969,Rogue-ET,23.075712925943265,227.33412149188496,12.985498608226962,47.83692522188254,2026-09-21 22:38:39,1,Healthy
2970,Aristo-500ix,26.98640405662246,217.99275622260544,11.303090833404916,72.16669730259518,2026-09-21 22:38:39,1,Healthy
2971,Warrior-500i,32.43581989379578,267.24829723139953,16.729697300146118,58.615492063932685,2026-09-21 22:43:39,1,Healthy
2972,Rogue-ET,22.589342110793652,289.02979832951826,16.78269751054952,70.42703228919493,2026-09-21 22:43:39,1,Healthy
2973,Aristo-500ix,28.20692063451206,210.40046510115724,11.039106172344567,58.43746884187007,2026-09-21 22:43:39,1,Healthy
2974,Warrior-500i,31.9159567879043,188.2797621593836,14.214058246142134,73.21921510556417,2026-09-21 22:48:39,1,Healthy
2975,Rogue-ET,33.29856292552032,177.54053261317947,10.154590590224895,61.96284394001081,2026-09-21 22:48:39,1,Healthy
2976,Aristo-500ix,36.83946496077914,286.5598439654549,17.480791751053097,62.56845036151894,2026-09-21 22:48:39,1,Healthy
2977,Warrior-500i,35.228151385033456,252.70528272833272,14.613051310861593,46.786866014610716,2026-09-21 22:53:39,1,Healthy
2978,Rogue-ET,37.73600328378268,171.194190468888,16.85972558599345,56.41192250926916,2026-09-21 22:53:39,1,Healthy
2979,Aristo-500ix,37.57641098624798,192.91517057207136,16.19515208378124,56.65369630369174,2026-09-21 22:53:39,1,Healthy
2980,Warrior-500i,27.68643943664686,263.11230463231936,17.973411510613527,59.68795839798829,2026-09-21 22:58:39,1,Healthy
2981,Rogue-ET,31.126118499537622,198.82557294057918,17.518193276016355,68.57165316930877,2026-09-21 22:58:39,1,Healthy
2982,Aristo-500ix,27.466964134170006,244.6498761560106,17.786285614545463,59.67972946602461,2026-09-21 22:58:39,1,Healthy
2983,Warrior-500i,31.62438892880408,255.54843524452278,12.288954597940409,65.59108316053329,2026-09-21 23:03:39,1,Healthy
2984,Rogue-ET,37.77352063647678,165.60237729833764,15.322952183994012,45.32084163988278,2026-09-21 23:03:39,-1,Action Required
2985,Aristo-500ix,36.852490029843835,220.9913734594257,10.625216788690278,68.33640026705672,2026-09-21 23:03:39,1,Healthy
2986,Warrior-500i,24.757562874224266,257.1967828030505,11.975136507000677,68.7161449571419,2026-09-21 23:08:39,1,Healthy
2987,Rogue-ET,26.609243060673876,293.75458634100545,14.097106803401513,54.18035547242042,2026-09-21 23:08:39,1,Healthy
2988,Aristo-500ix,30.812643343735978,270.5810289645332,15.876788492230286,51.66978063791266,2026-09-21 23:08:39,1,Healthy
2989,Warrior-500i,22.830439708019227,213.69961490142708,14.94437329690953,74.41901142082217,2026-09-21 23:13:39,1,Healthy
2990,Rogue-ET,35.486501271107315,217.3505692641515,17.675315369850235,73.84114809941389,2026-09-21 23:13:39,1,Healthy
2991,Aristo-500ix,32.77690577871448,153.66000686910706,10.978822885369649,65.73405053376626,2026-09-21 23:13:39,1,Healthy
2992,Warrior-500i,36.33018431033574,231.7856678291907,13.733539756713999,54.37919142280706,2026-09-21 23:18:39,1,Healthy
2993,Rogue-ET,33.681782476151554,236.24494311491014,16.003298069863433,56.78091417770934,2026-09-21 23:18:39,1,Healthy
2994,Aristo-500ix,24.944352544702372,178.01418587790067,10.359432945318964,66.43221340303538,2026-09-21 23:18:39,1,Healthy
2995,Warrior-500i,27.152085094049003,253.74861710171388,15.860128023206343,73.79078250460613,2026-09-21 23:23:39,1,Healthy
2996,Rogue-ET,29.950571693025093,214.5312630332338,11.738702867249994,67.2230742285137,2026-09-21 23:23:39,1,Healthy
2997,Aristo-500ix,37.2439722342809,202.7103344435304,14.97630269449999,53.639507960659195,2026-09-21 23:23:39,1,Healthy
2998,Warrior-500i,32.54112734953965,160.1069144731236,17.222455980422993,49.03232475409624,2026-09-21 23:28:39,1,Healthy
2999,Rogue-ET,23.454008789587355,270.49925706457054,13.98840994249285,58.644192895635335,2026-09-21 23:28:39,1,Healthy
3000,Aristo-500ix,23.960655145960033,264.22666669514086,15.494550523877539,49.77293219284348,2026-09-21 23:28:39,1,Healthy
3001,Warrior-500i,22.70844665575969,221.88620155133276,13.284004765312575,57.85966336994168,2026-09-21 23:33:39,1,Healthy
3002,Rogue-ET,31.623163030869662,263.99783977501227,10.11858687899479,57.44895340024704,2026-09-21 23:33:39,1,Healthy
3003,Aristo-500ix,25.281625010875366,291.72000988350396,10.470466191619485,67.34723447668138,2026-09-21 23:33:39,1,Healthy
3004,Warrior-500i,37.264357553523894,234.41208863041345,15.443381451944958,72.60508358198504,2026-09-21 23:38:39,1,Healthy
3005,Rogue-ET,37.017580427009186,185.81771735177483,13.582437823674947,54.74168681073934,2026-09-21 23:38:39,1,Healthy
3006,Aristo-500ix,33.486531232097235,236.0711622588771,16.859448247718305,49.4883211366358,2026-09-21 23:38:39,1,Healthy
3007,Warrior-500i,34.85808705670251,272.46956876238187,16.22423261012335,50.783235011182406,2026-09-21 23:43:39,1,Healthy
3008,Rogue-ET,37.31802563835219,191.9848408616491,17.024748656981608,60.1396345108448,2026-09-21 23:43:39,1,Healthy
3009,Aristo-500ix,27.571642793746545,168.3359383068989,16.023314025358278,68.58930242695104,2026-09-21 23:43:39,1,Healthy
3010,Warrior-500i,24.112863689748146,294.277472869769,16.035601568266934,45.26657421125341,2026-09-21 23:48:39,-1,Action Required
3011,Rogue-ET,28.338664302788104,184.81898552966663,14.278439120405764,46.8783150898256,2026-09-21 23:48:39,1,Healthy
3012,Aristo-500ix,22.988606323226204,155.44340563657087,15.97527970478221,69.39056461595712,2026-09-21 23:48:39,1,Healthy
3013,Warrior-500i,34.496887331425256,150.4461562797127,13.265958646800865,50.36841034805068,2026-09-21 23:53:39,1,Healthy
3014,Rogue-ET,27.035069243259677,165.33696855716312,12.83653619293768,49.706369363845155,2026-09-21 23:53:39,1,Healthy
3015,Aristo-500ix,30.880894352814696,273.54389109424653,16.817332639821753,56.80256615107787,2026-09-21 23:53:39,1,Healthy
3016,Warrior-500i,27.017973101839132,231.2960804219882,17.692485976694773,72.52888501454709,2026-09-21 23:58:39,1,Healthy
3017,Rogue-ET,26.14324356161931,262.66450709557097,17.584193072476104,46.04667697938759,2026-09-21 23:58:39,1,Healthy
3018,Aristo-500ix,35.90712161962859,265.62298104076405,13.465661751387167,69.38990994480275,2026-09-21 23:58:39,1,Healthy
3019,Warrior-500i,23.499578375152304,291.66778107773166,17.94648118330999,63.27522615192679,2026-09-22 00:03:39,1,Healthy
3020,Rogue-ET,33.062583080481915,296.5977073258057,11.083305943483289,68.01944813794422,2026-09-22 00:03:39,1,Healthy
3021,Aristo-500ix,27.96699234099871,191.02624393275966,13.058321542013118,73.71747100006081,2026-09-22 00:03:39,1,Healthy
3022,Warrior-500i,26.286263166636818,298.10353137639504,12.074076899424796,74.64112077000283,2026-09-22 00:08:39,1,Healthy
3023,Rogue-ET,31.40233663241159,169.6644617921427,14.91939540432834,46.658749522207835,2026-09-22 00:08:39,1,Healthy
3024,Aristo-500ix,26.170040503403115,213.9271593545604,11.449044336918611,72.1840640977527,2026-09-22 00:08:39,1,Healthy
3025,Warrior-500i,35.99195453292921,285.6782944943363,11.276472022290822,53.2482515080467,2026-09-22 00:13:39,1,Healthy
3026,Rogue-ET,32.18135005441897,199.52309025882013,12.81411977929185,48.911971859080026,2026-09-22 00:13:39,1,Healthy
3027,Aristo-500ix,34.548384023625125,150.6614007993327,13.950263999503264,64.39454145451856,2026-09-22 00:13:39,1,Healthy
3028,Warrior-500i,29.51775635114244,168.15318526903664,14.705319977629983,51.40545384817171,2026-09-22 00:18:39,1,Healthy
3029,Rogue-ET,32.27644332836029,287.0412286204539,15.466295423489658,53.29449711937967,2026-09-22 00:18:39,1,Healthy
3030,Aristo-500ix,31.83676670922381,214.56381782904205,15.148103433473686,66.06987428065453,2026-09-22 00:18:39,1,Healthy
3031,Warrior-500i,28.806050505940707,187.10991476083467,11.962963431066532,49.088744239428934,2026-09-22 00:23:39,1,Healthy
3032,Rogue-ET,30.893506137943945,285.9438248595456,10.038353843923773,68.56592385618366,2026-09-22 00:23:39,1,Healthy
3033,Aristo-500ix,37.40746818440799,180.16374006510569,13.22641703303051,62.09191792322224,2026-09-22 00:23:39,1,Healthy
3034,Warrior-500i,30.839654614771845,231.64753199054888,15.568019235723895,74.7698698363501,2026-09-22 00:28:39,1,Healthy
3035,Rogue-ET,30.04692767357319,287.3384865248257,11.643789657264886,45.967970875016675,2026-09-22 00:28:39,1,Healthy
3036,Aristo-500ix,28.254262238484852,247.21024390498727,17.41991125869358,56.999746073677954,2026-09-22 00:28:39,1,Healthy
3037,Warrior-500i,25.997795501255354,211.4182374584019,10.578902391196252,61.67471964026663,2026-09-22 00:33:39,1,Healthy
3038,Rogue-ET,26.298355417714234,230.5774967023632,14.91077723950147,45.82794558477071,2026-09-22 00:33:39,1,Healthy
3039,Aristo-500ix,22.515404387289166,283.3066629247562,16.5873038140114,55.50016940654081,2026-09-22 00:33:39,1,Healthy
3040,Warrior-500i,32.5619170836756,223.88293309404477,13.99676238049183,50.116705112668996,2026-09-22 00:38:39,1,Healthy
3041,Rogue-ET,31.945546520537906,171.74713700412653,10.773705172607361,51.8567021391023,2026-09-22 00:38:39,1,Healthy
3042,Aristo-500ix,32.726570308697724,231.88407196306105,13.060589511372612,61.05478173280307,2026-09-22 00:38:39,1,Healthy
3043,Warrior-500i,27.93658350006332,287.43118658817684,13.887247395651844,46.42767975703695,2026-09-22 00:43:39,1,Healthy
3044,Rogue-ET,28.77059904058667,196.0997226645569,17.75111301473632,55.284837506108815,2026-09-22 00:43:39,1,Healthy
3045,Aristo-500ix,23.80724132567117,272.7871248956395,13.390633737492244,73.49635921340422,2026-09-22 00:43:39,1,Healthy
3046,Warrior-500i,33.57172592878976,195.541303148258,16.710368479964732,55.76927292375313,2026-09-22 00:48:39,1,Healthy
3047,Rogue-ET,26.147156488392255,185.8615572709511,16.018928089059678,68.56500574914185,2026-09-22 00:48:39,1,Healthy
3048,Aristo-500ix,32.8296794895454,194.80958144232062,11.437198900618174,60.6844934108628,2026-09-22 00:48:39,1,Healthy
3049,Warrior-500i,25.806116798915134,276.3044397576051,10.514560287888289,71.43419431257479,2026-09-22 00:53:39,1,Healthy
3050,Rogue-ET,35.309448540151095,177.56876930121626,12.03042406709502,54.015391432539815,2026-09-22 00:53:39,1,Healthy
3051,Aristo-500ix,30.72397888750039,192.56430791636694,15.090316002400366,48.31385391532045,2026-09-22 00:53:39,1,Healthy
3052,Warrior-500i,26.140982552555478,206.28260588112883,10.0603842740382,46.25928837556572,2026-09-22 00:58:39,1,Healthy
3053,Rogue-ET,25.26010019072119,239.74279851371475,11.410578117542617,61.77868496432254,2026-09-22 00:58:39,1,Healthy
3054,Aristo-500ix,28.10448793481023,263.6040284404046,13.756484540335478,52.6355272932261,2026-09-22 00:58:39,1,Healthy
3055,Warrior-500i,28.41213509339378,279.1517963630165,10.403329276629513,51.4885138089041,2026-09-22 01:03:39,1,Healthy
3056,Rogue-ET,36.762175584083266,228.07245482626973,10.293543326750871,56.81437927743558,2026-09-22 01:03:39,1,Healthy
3057,Aristo-500ix,28.725878973352913,225.0999771016742,15.901129223873422,52.10991504673808,2026-09-22 01:03:39,1,Healthy
3058,Warrior-500i,27.59173280181699,255.15122156538658,14.224683833518167,47.51673894278806,2026-09-22 01:08:39,1,Healthy
3059,Rogue-ET,25.72824181859604,284.36188619276277,15.344287952519648,63.78617453076373,2026-09-22 01:08:39,1,Healthy
3060,Aristo-500ix,32.825583298655914,161.58308897715852,11.527225416633181,68.79542567709967,2026-09-22 01:08:39,1,Healthy
3061,Warrior-500i,28.650840910290384,273.98238108439267,11.500759794427616,55.87311215504883,2026-09-22 01:13:39,1,Healthy
3062,Rogue-ET,26.010023912068363,247.16123306473528,10.511030595865488,65.32985992071389,2026-09-22 01:13:39,1,Healthy
3063,Aristo-500ix,31.025292319982714,208.64830828605568,14.051120806942112,56.03805830024651,2026-09-22 01:13:39,1,Healthy
3064,Warrior-500i,34.271246519143496,272.6401948637886,15.385554326387872,46.326136424541026,2026-09-22 01:18:39,1,Healthy
3065,Rogue-ET,26.941135074159753,164.29841707593155,12.495377564572884,57.31570338888211,2026-09-22 01:18:39,1,Healthy
3066,Aristo-500ix,35.748190531035675,159.34485652207135,14.192418330423187,52.04311936604869,2026-09-22 01:18:39,1,Healthy
3067,Warrior-500i,37.61744927286763,267.35139202853605,12.659210597511773,68.85965821449963,2026-09-22 01:23:39,1,Healthy
3068,Rogue-ET,26.21460623086085,247.53746338173931,12.661868274320959,50.96885126650632,2026-09-22 01:23:39,1,Healthy
3069,Aristo-500ix,24.011388387990465,269.11044722882036,14.08015814463139,49.92176948179131,2026-09-22 01:23:39,1,Healthy
3070,Warrior-500i,22.15143363272537,192.55703685650275,16.319356133960277,47.33367722132379,2026-09-22 01:28:39,1,Healthy
3071,Rogue-ET,37.35029882294813,243.33625176494684,11.342499212733795,57.397759037083716,2026-09-22 01:28:39,1,Healthy
3072,Aristo-500ix,33.79845133767614,207.66078673836097,15.775457212970341,45.99853301026901,2026-09-22 01:28:39,1,Healthy
3073,Warrior-500i,28.89710046574964,197.3059879562054,13.312936411920372,58.51548923046692,2026-09-22 01:33:39,1,Healthy
3074,Rogue-ET,23.51742758889261,190.4596952628329,12.600776928663304,69.23651730596632,2026-09-22 01:33:39,1,Healthy
3075,Aristo-500ix,27.52805238021348,195.09987966138038,14.174948581409767,70.06752510295442,2026-09-22 01:33:39,1,Healthy
3076,Warrior-500i,34.72617235603876,283.02862225843853,14.579113946956946,72.91529849753033,2026-09-22 01:38:39,1,Healthy
3077,Rogue-ET,24.875545900318293,170.6001195870315,16.724300540944316,66.98333270153807,2026-09-22 01:38:39,1,Healthy
3078,Aristo-500ix,35.64485270997538,259.97453449671644,17.99474032658221,66.37624910596384,2026-09-22 01:38:39,1,Healthy
3079,Warrior-500i,34.82903113011529,220.7835307376151,16.216455466271764,50.43658323150664,2026-09-22 01:43:39,1,Healthy
3080,Rogue-ET,27.29939217458365,181.3808133822763,17.426788723368297,57.87631784370099,2026-09-22 01:43:39,1,Healthy
3081,Aristo-500ix,26.568541062164563,293.44922071939607,12.102488606551553,69.17242570480443,2026-09-22 01:43:39,1,Healthy
3082,Warrior-500i,31.393134201730376,187.24745332216963,11.069977083390663,63.450305906942766,2026-09-22 01:48:39,1,Healthy
3083,Rogue-ET,36.1191228123741,286.01449414907415,10.91385198176269,64.15871071197526,2026-09-22 01:48:39,1,Healthy
3084,Aristo-500ix,32.88587452761733,229.44530785248548,10.28272452642419,54.82030281746172,2026-09-22 01:48:39,1,Healthy
3085,Warrior-500i,24.472195749823594,228.0385621331186,17.269843914071416,47.68173385430399,2026-09-22 01:53:39,1,Healthy
3086,Rogue-ET,28.10218502716666,292.0336262817795,12.739519676825275,63.42362833457365,2026-09-22 01:53:39,1,Healthy
3087,Aristo-500ix,34.31779351262,194.27548982489714,17.125188892308305,46.7163773569895,2026-09-22 01:53:39,1,Healthy
3088,Warrior-500i,29.70991321970306,281.1989329542488,11.451013931377922,50.31521942184994,2026-09-22 01:58:39,1,Healthy
3089,Rogue-ET,22.10361821591873,275.8968626515101,12.981914032922473,60.96869659093972,2026-09-22 01:58:39,1,Healthy
3090,Aristo-500ix,35.2617851201387,223.11547162050113,14.735614794552326,70.7521967020567,2026-09-22 01:58:39,1,Healthy
3091,Warrior-500i,34.42717031414447,211.37313752394033,15.999607339818864,50.75166788119641,2026-09-22 02:03:39,1,Healthy
3092,Rogue-ET,31.84909788383714,164.61862251744301,12.381664568085588,63.7545388458397,2026-09-22 02:03:39,1,Healthy
3093,Aristo-500ix,29.382927287494482,176.45744899548788,14.758874186254207,53.63076600200963,2026-09-22 02:03:39,1,Healthy
3094,Warrior-500i,36.54812630483039,223.0961415059299,15.678046520069113,57.624734528764854,2026-09-22 02:08:39,1,Healthy
3095,Rogue-ET,25.43448675758319,153.20423656378523,10.296590886490646,53.020615821148986,2026-09-22 02:08:39,1,Healthy
3096,Aristo-500ix,30.701125539649997,240.32862386019855,10.927728414253112,51.9170787303392,2026-09-22 02:08:39,1,Healthy
3097,Warrior-500i,34.36858260875749,282.44039322128003,17.72597689634502,58.348281345615966,2026-09-22 02:13:39,1,Healthy
3098,Rogue-ET,36.19185113509592,270.94215004705353,11.195469129014166,54.23195510423953,2026-09-22 02:13:39,1,Healthy
3099,Aristo-500ix,34.47630584298231,214.38918679822297,16.950775752176963,68.70340162681077,2026-09-22 02:13:39,1,Healthy
3100,Warrior-500i,36.804970443147155,280.30044674187405,14.719866195310761,52.404163683832515,2026-09-22 02:18:39,1,Healthy
3101,Rogue-ET,34.902603782145036,169.5814813071606,16.532046476332944,52.111970845415755,2026-09-22 02:18:39,1,Healthy
3102,Aristo-500ix,29.944987156963247,279.1978757831746,16.665649451663327,52.25594861281997,2026-09-22 02:18:39,1,Healthy
3103,Warrior-500i,30.67406772546854,188.02755478782433,14.692351081171726,55.62901874547343,2026-09-22 02:23:39,1,Healthy
3104,Rogue-ET,25.89490598298942,228.31467866354853,11.807193107973394,64.61635850400442,2026-09-22 02:23:39,1,Healthy
3105,Aristo-500ix,34.090662475456526,150.58460260647539,15.212103495053693,62.130373024766456,2026-09-22 02:23:39,1,Healthy
3106,Warrior-500i,35.003511823624805,166.3853160051452,14.778529339235249,53.901953937438506,2026-09-22 02:28:39,1,Healthy
3107,Rogue-ET,35.61528970413272,251.91639424583138,12.913955575734427,69.61724461048752,2026-09-22 02:28:39,1,Healthy
3108,Aristo-500ix,31.727047813079338,273.90883490631387,14.24211123314598,71.69593804629838,2026-09-22 02:28:39,1,Healthy
3109,Warrior-500i,31.511020222057756,266.5515634634062,16.024932336181084,51.7057583238468,2026-09-22 02:33:39,1,Healthy
3110,Rogue-ET,27.15895188303382,183.63304913178808,12.138438873053614,52.82387862438391,2026-09-22 02:33:39,1,Healthy
3111,Aristo-500ix,26.75774944986138,189.65617570760406,14.08487552752757,55.30225576576925,2026-09-22 02:33:39,1,Healthy
3112,Warrior-500i,33.7376511046992,286.96342962344204,13.285313595347626,45.88272906528895,2026-09-22 02:38:39,1,Healthy
3113,Rogue-ET,25.92533232557132,296.0303693547086,13.617869987701987,63.56146556048819,2026-09-22 02:38:39,1,Healthy
3114,Aristo-500ix,28.677625337894856,203.22415750303344,11.512085975816397,47.05111468917469,2026-09-22 02:38:39,1,Healthy
3115,Warrior-500i,23.918281190180185,175.05459823023915,12.00353752927614,68.15973305965566,2026-09-22 02:43:39,1,Healthy
3116,Rogue-ET,23.74791247446411,193.36317745487412,11.996788322015684,67.96408519764417,2026-09-22 02:43:39,1,Healthy
3117,Aristo-500ix,29.058062619485376,163.48566941159066,16.486761474570695,72.13271346739994,2026-09-22 02:43:39,1,Healthy
3118,Warrior-500i,25.001610054884804,167.43267538459708,12.85771542402043,47.011253558688736,2026-09-22 02:48:39,1,Healthy
3119,Rogue-ET,33.04519867727942,223.8895526446106,12.057316745582764,62.9151519355555,2026-09-22 02:48:39,1,Healthy
3120,Aristo-500ix,30.030946923326397,169.61891704448337,17.03745298095133,65.38870452417088,2026-09-22 02:48:39,1,Healthy
3121,Warrior-500i,30.20021661592959,226.33416849089036,12.775467153477258,47.885490566083526,2026-09-22 02:53:39,1,Healthy
3122,Rogue-ET,31.004677131959568,183.17800529383092,15.069118007076893,61.524468157072164,2026-09-22 02:53:39,1,Healthy
3123,Aristo-500ix,33.14698562928223,242.7697656849288,11.53915745119425,65.44333140714788,2026-09-22 02:53:39,1,Healthy
3124,Warrior-500i,36.89243423254316,202.3773759191855,10.954808643082963,50.87667402720909,2026-09-22 02:58:39,1,Healthy
3125,Rogue-ET,32.66532982433339,162.02554633072157,12.642473679201895,62.34765669598801,2026-09-22 02:58:39,1,Healthy
3126,Aristo-500ix,24.607185484993764,211.43232521271185,17.88742456703904,73.97150805750134,2026-09-22 02:58:39,1,Healthy
3127,Warrior-500i,26.812500751921995,204.7717839412848,17.497651435443785,57.355166003695786,2026-09-22 03:03:39,1,Healthy
3128,Rogue-ET,34.019219584976085,287.90020997830965,12.493872543972778,70.04920235301222,2026-09-22 03:03:39,1,Healthy
3129,Aristo-500ix,26.397017059878078,281.44985719135457,13.303279863034776,72.5031426438336,2026-09-22 03:03:39,1,Healthy
3130,Warrior-500i,29.129320966946768,291.20432116743945,17.488107856527975,65.4911902687382,2026-09-22 03:08:39,1,Healthy
3131,Rogue-ET,30.403143373391284,172.1611225002427,11.668147751661106,46.042756983139334,2026-09-22 03:08:39,1,Healthy
3132,Aristo-500ix,24.372630398169388,177.21971382281512,11.633102170190638,53.91501386418708,2026-09-22 03:08:39,1,Healthy
3133,Warrior-500i,27.501668438429896,199.66599111238207,16.54363640452223,53.17898133207558,2026-09-22 03:13:39,1,Healthy
3134,Rogue-ET,26.954512017856494,228.81855189794092,13.237524910317537,71.84588225536599,2026-09-22 03:13:39,1,Healthy
3135,Aristo-500ix,25.165555245391054,284.99055462781484,13.59328999007938,74.98592857777584,2026-09-22 03:13:39,1,Healthy
3136,Warrior-500i,36.75311526449661,201.8716098755003,17.377781031573296,71.93037299028984,2026-09-22 03:18:39,1,Healthy
3137,Rogue-ET,32.36884036182478,204.8399160741469,17.213169410483186,46.35544294615871,2026-09-22 03:18:39,1,Healthy
3138,Aristo-500ix,27.554467333230207,170.40223532682998,12.638284832378606,74.95299677569082,2026-09-22 03:18:39,1,Healthy
3139,Warrior-500i,36.09971462398395,287.7867509157639,10.308685671687503,61.5152984520706,2026-09-22 03:23:39,1,Healthy
3140,Rogue-ET,34.38952953402358,204.27984222081938,14.36348778429726,58.363420410380485,2026-09-22 03:23:39,1,Healthy
3141,Aristo-500ix,37.9904214142045,221.51395101546535,13.58222324748834,51.253129146429586,2026-09-22 03:23:39,1,Healthy
3142,Warrior-500i,36.917395112420394,163.77335127240795,12.409776333931617,64.57166065147689,2026-09-22 03:28:39,1,Healthy
3143,Rogue-ET,24.91474398168215,150.5273232751948,16.148883582206267,66.68693203835927,2026-09-22 03:28:39,1,Healthy
3144,Aristo-500ix,22.422052644062408,208.34791157306205,12.842185968957512,61.2428911518528,2026-09-22 03:28:39,1,Healthy
3145,Warrior-500i,29.504814222796472,213.67022059137528,11.29082870030512,45.30000356978798,2026-09-22 03:33:39,1,Healthy
3146,Rogue-ET,31.290650651229434,182.24951912851918,11.149723352398128,57.963609651971545,2026-09-22 03:33:39,1,Healthy
3147,Aristo-500ix,24.945598062923686,288.77930615967796,17.980074600019897,57.84444046069007,2026-09-22 03:33:39,1,Healthy
3148,Warrior-500i,32.26733742410724,212.76947193874696,13.041194549121036,51.900965987755264,2026-09-22 03:38:39,1,Healthy
3149,Rogue-ET,22.058232973445545,174.30441942337032,11.81328873789981,62.64432381511426,2026-09-22 03:38:39,1,Healthy
3150,Aristo-500ix,22.934327029853883,206.89091764282588,14.816101690116696,59.94846531125485,2026-09-22 03:38:39,1,Healthy
3151,Warrior-500i,22.85692258638475,270.08520529224074,16.996870055629646,46.315960237422885,2026-09-22 03:43:39,1,Healthy
3152,Rogue-ET,27.926989326910412,229.76942186310953,17.265316550641643,68.5129396735211,2026-09-22 03:43:39,1,Healthy
3153,Aristo-500ix,33.589829028391726,259.6571037342474,16.67177555530726,66.27991779451848,2026-09-22 03:43:39,1,Healthy
3154,Warrior-500i,24.25038760975154,214.88801192239617,17.785777035869895,62.35644609540704,2026-09-22 03:48:39,1,Healthy
3155,Rogue-ET,37.263195591416945,200.82063085231493,12.2728912574781,74.52155671394416,2026-09-22 03:48:39,1,Healthy
3156,Aristo-500ix,27.364653432388142,274.3962895555284,16.43190131776803,70.34721501040316,2026-09-22 03:48:39,1,Healthy
3157,Warrior-500i,26.88902146550276,214.77501244814025,10.599291385079269,58.62860523938781,2026-09-22 03:53:39,1,Healthy
3158,Rogue-ET,27.998965361984858,155.5565823087162,15.21462399723995,62.70307277989225,2026-09-22 03:53:39,1,Healthy
3159,Aristo-500ix,22.617438820281095,296.6732911817614,12.574592951289809,70.51303476538989,2026-09-22 03:53:39,1,Healthy
3160,Warrior-500i,26.391879531147612,173.20761977317034,10.751640280878394,72.89346358439397,2026-09-22 03:58:39,1,Healthy
3161,Rogue-ET,24.572071964204042,235.37326705442305,16.843150073027935,58.30081670266942,2026-09-22 03:58:39,1,Healthy
3162,Aristo-500ix,32.15548267038234,150.16035216963417,16.312610959910053,67.4211905340365,2026-09-22 03:58:39,1,Healthy
3163,Warrior-500i,26.912269911917058,220.84003208639402,11.624114433883689,45.432202981467796,2026-09-22 04:03:39,1,Healthy
3164,Rogue-ET,35.75365315827929,213.15822190178255,16.002044619986545,60.536671027953986,2026-09-22 04:03:39,1,Healthy
3165,Aristo-500ix,24.465804337697044,278.4045785676518,11.303369116278667,53.6414866317132,2026-09-22 04:03:39,1,Healthy
3166,Warrior-500i,36.90051845283895,151.934588489356,11.30076695086444,60.453729784779725,2026-09-22 04:08:39,1,Healthy
3167,Rogue-ET,24.37075868037045,278.7426481810435,10.1372172119647,63.263426706954874,2026-09-22 04:08:39,1,Healthy
3168,Aristo-500ix,34.290710218430334,194.1293667305776,14.091539982196618,58.54376035367036,2026-09-22 04:08:39,1,Healthy
3169,Warrior-500i,33.61165148454596,289.86056430283304,17.7335120807019,45.937186840277306,2026-09-22 04:13:39,-1,Action Required
3170,Rogue-ET,24.70303799066282,248.01244474254258,13.904944903902434,71.8366850345313,2026-09-22 04:13:39,1,Healthy
3171,Aristo-500ix,31.522408629833894,254.842358468226,14.002233168167106,69.03329140652397,2026-09-22 04:13:39,1,Healthy
3172,Warrior-500i,24.695919680705735,253.3475606787343,17.996554081605204,64.49818239247688,2026-09-22 04:18:39,1,Healthy
3173,Rogue-ET,33.96178059905326,271.86443607811964,17.391131477090582,60.241295037107726,2026-09-22 04:18:39,1,Healthy
3174,Aristo-500ix,37.98336657033644,200.35403405067166,16.075398940754447,64.98937561210843,2026-09-22 04:18:39,1,Healthy
3175,Warrior-500i,35.833727045639364,154.7023843792818,12.138281174168707,62.15422309989033,2026-09-22 04:23:39,1,Healthy
3176,Rogue-ET,29.876130051479098,265.3197329086631,14.033510221246154,47.86103752447478,2026-09-22 04:23:39,1,Healthy
3177,Aristo-500ix,27.907375586666227,189.49319005056685,12.201750036486766,54.78244261872037,2026-09-22 04:23:39,1,Healthy
3178,Warrior-500i,29.452283700510808,295.12053304237645,15.415749533475703,52.03684161887289,2026-09-22 04:28:39,1,Healthy
3179,Rogue-ET,29.828494538697306,218.6276544068935,15.836907053749648,70.90145536780709,2026-09-22 04:28:39,1,Healthy
3180,Aristo-500ix,34.67313265613169,166.43188271627153,10.774141322380238,67.85063079036591,2026-09-22 04:28:39,1,Healthy
3181,Warrior-500i,28.141901385290467,277.5861823175408,14.498671345071946,50.35766522470132,2026-09-22 04:33:39,1,Healthy
3182,Rogue-ET,22.560965542868487,167.04867084771152,16.355640350347862,55.80636401090178,2026-09-22 04:33:39,1,Healthy
3183,Aristo-500ix,25.53835629723089,210.44102241312046,10.095068765168389,45.86454861033301,2026-09-22 04:33:39,1,Healthy
3184,Warrior-500i,33.23524704907591,282.1242271620947,14.564372142191779,65.21586057980588,2026-09-22 04:38:39,1,Healthy
3185,Rogue-ET,24.73794641050496,274.7488424604559,12.76916888639578,46.09894376918532,2026-09-22 04:38:39,1,Healthy
3186,Aristo-500ix,34.58552834838207,274.1199740823262,15.81646495284376,70.73292444756865,2026-09-22 04:38:39,1,Healthy
3187,Warrior-500i,26.3545627437893,284.4560317300632,10.14266004955995,66.17919902375836,2026-09-22 04:43:39,1,Healthy
3188,Rogue-ET,27.66942232567915,159.97901949544,15.351805792686989,46.72221603026554,2026-09-22 04:43:39,1,Healthy
3189,Aristo-500ix,22.327458460183898,196.46512858653318,12.5836934860126,71.30146208643367,2026-09-22 04:43:39,1,Healthy
3190,Warrior-500i,27.453726519362895,246.079870729998,10.158691863772049,66.5950014252857,2026-09-22 04:48:39,1,Healthy
3191,Rogue-ET,36.085345354141836,177.15206883431713,17.308694157821755,51.47314232881562,2026-09-22 04:48:39,1,Healthy
3192,Aristo-500ix,37.342144360420825,209.99912312411374,13.885330055547948,65.41929493423638,2026-09-22 04:48:39,1,Healthy
3193,Warrior-500i,24.292800395048236,197.24794993520268,10.074643179832165,74.23762569408149,2026-09-22 04:53:39,1,Healthy
3194,Rogue-ET,24.1053707416487,218.40701985108421,11.73229248249067,47.55390466075609,2026-09-22 04:53:39,1,Healthy
3195,Aristo-500ix,33.32376050948666,150.385324390345,10.35416720326576,58.404310230798146,2026-09-22 04:53:39,1,Healthy
3196,Warrior-500i,22.119602828227976,200.468083354097,13.937404086061683,60.75722792158368,2026-09-22 04:58:39,1,Healthy
3197,Rogue-ET,22.495715259328627,297.5370646798727,16.599654888676334,60.982510092421684,2026-09-22 04:58:39,1,Healthy
3198,Aristo-500ix,36.620456170175615,153.49642944389515,11.969778235419252,53.911305092411986,2026-09-22 04:58:39,1,Healthy
3199,Warrior-500i,35.706785090011216,266.80305770940333,14.870668676673134,47.58112789915352,2026-09-22 05:03:39,1,Healthy
3200,Rogue-ET,27.136167708396577,225.56114333010993,17.927170632406735,54.14885449164399,2026-09-22 05:03:39,1,Healthy
3201,Aristo-500ix,36.24750088093595,187.43334269116292,14.549370897180017,55.84420081914833,2026-09-22 05:03:39,1,Healthy
3202,Warrior-500i,31.0926530985812,203.61936376499466,13.397424861142312,74.30910411981083,2026-09-22 05:08:39,1,Healthy
3203,Rogue-ET,25.961994417213994,157.67329621514736,14.685020732892012,47.911138932825985,2026-09-22 05:08:39,1,Healthy
3204,Aristo-500ix,23.59267927008216,221.4130228492505,14.06774616440875,56.045872512040404,2026-09-22 05:08:39,1,Healthy
3205,Warrior-500i,32.82827482108475,241.2668502433125,17.122106564668954,61.385439725557845,2026-09-22 05:13:39,1,Healthy
3206,Rogue-ET,28.468374543398554,294.9951575875265,17.690832967796766,74.44035112315854,2026-09-22 05:13:39,1,Healthy
3207,Aristo-500ix,27.78434900024537,248.6680714671655,11.360808679496461,47.451984956396586,2026-09-22 05:13:39,1,Healthy
3208,Warrior-500i,26.17910885905487,165.1710304467127,10.707517107339616,61.23690787913692,2026-09-22 05:18:39,1,Healthy
3209,Rogue-ET,34.70327675793659,171.3775956601978,10.631684978100738,71.4877095686611,2026-09-22 05:18:39,1,Healthy
3210,Aristo-500ix,24.499473205246957,258.22841466546174,14.17161773479799,52.45950498145644,2026-09-22 05:18:39,1,Healthy
3211,Warrior-500i,25.546466020805987,207.1717602325519,13.27207571736972,52.03869861636855,2026-09-22 05:23:39,1,Healthy
3212,Rogue-ET,37.720382729606534,299.8915477475433,14.0081421916239,59.499225218197445,2026-09-22 05:23:39,1,Healthy
3213,Aristo-500ix,29.669872447442927,244.33458527757142,15.342863274227733,53.75638586797312,2026-09-22 05:23:39,1,Healthy
3214,Warrior-500i,22.913076008414517,185.42426807963113,11.01634165684984,73.29862618968092,2026-09-22 05:28:39,1,Healthy
3215,Rogue-ET,27.37378878780677,281.25330848799746,13.704328040760856,62.755624514582635,2026-09-22 05:28:39,1,Healthy
3216,Aristo-500ix,23.47083170518859,223.68245326103488,15.861663687343675,54.811250354020814,2026-09-22 05:28:39,1,Healthy
3217,Warrior-500i,34.665985037283974,184.40551135840738,15.507724944140453,58.18210386296858,2026-09-22 05:33:39,1,Healthy
3218,Rogue-ET,33.25052731172769,223.52923060837318,16.081928302700042,72.76218529020457,2026-09-22 05:33:39,1,Healthy
3219,Aristo-500ix,34.340515281815314,175.41883760987136,17.54755363907769,74.03955395391229,2026-09-22 05:33:39,1,Healthy
3220,Warrior-500i,32.21785973182523,261.1057908952109,14.217062585812883,45.57010701505718,2026-09-22 05:38:39,1,Healthy
3221,Rogue-ET,26.76670221672697,159.66250847078027,17.509063067854655,49.240853669136186,2026-09-22 05:38:39,1,Healthy
3222,Aristo-500ix,29.79171118425493,274.9845469451577,12.934232609134352,53.97250675916766,2026-09-22 05:38:39,1,Healthy
3223,Warrior-500i,24.43080300934908,247.8145529211476,17.624140516629964,64.20526045136006,2026-09-22 05:43:39,1,Healthy
3224,Rogue-ET,36.15398962702396,150.3114556556857,16.05053746438201,55.68122473640439,2026-09-22 05:43:39,1,Healthy
3225,Aristo-500ix,22.469398812180753,161.79972743160138,13.146111527488403,67.32653125355982,2026-09-22 05:43:39,1,Healthy
3226,Warrior-500i,28.693280408374775,268.760249854107,11.659293874705618,74.0595233953145,2026-09-22 05:48:39,1,Healthy
3227,Rogue-ET,33.631048794952264,151.7548740149274,15.277735193553186,54.76406556443486,2026-09-22 05:48:39,1,Healthy
3228,Aristo-500ix,23.2336421875847,191.91173779714413,16.012557943846577,70.14365069090051,2026-09-22 05:48:39,1,Healthy
3229,Warrior-500i,36.17294972545349,232.3777293849547,10.39985462951114,69.85231504237832,2026-09-22 05:53:39,1,Healthy
3230,Rogue-ET,26.976405013157276,271.0048863665173,15.185341835572231,71.9709748039969,2026-09-22 05:53:39,1,Healthy
3231,Aristo-500ix,26.843939213249296,220.45616553057846,12.902178561200692,52.245037911266465,2026-09-22 05:53:39,1,Healthy
3232,Warrior-500i,31.9905934672291,224.8930213512313,14.805542459503473,54.08083129005516,2026-09-22 05:58:39,1,Healthy
3233,Rogue-ET,28.349069355442964,194.9168960486518,11.15244683167384,60.18374424202957,2026-09-22 05:58:39,1,Healthy
3234,Aristo-500ix,31.241293096216925,238.796976486113,10.791357582424743,50.177525989376925,2026-09-22 05:58:39,1,Healthy
3235,Warrior-500i,37.767231299313984,167.22049316043706,15.153078667297525,65.63426868424884,2026-09-22 06:03:39,1,Healthy
3236,Rogue-ET,35.26772044512121,219.89029859694702,14.386046781163502,70.47513468619705,2026-09-22 06:03:39,1,Healthy
3237,Aristo-500ix,23.575084211339494,173.05045525992685,11.812937502430687,55.865197764134244,2026-09-22 06:03:39,1,Healthy
3238,Warrior-500i,34.48302614880561,297.24775717432055,11.24614765128871,55.101516308937136,2026-09-22 06:08:39,1,Healthy
3239,Rogue-ET,22.94570031259629,160.59724565568328,16.953889723027665,66.0198355743063,2026-09-22 06:08:39,1,Healthy
3240,Aristo-500ix,32.1805826660565,225.25165580699405,12.074953080746178,45.434862057043645,2026-09-22 06:08:39,1,Healthy
3241,Warrior-500i,30.720479295605955,268.6591397859663,11.386791058022752,67.30658476802509,2026-09-22 06:13:39,1,Healthy
3242,Rogue-ET,23.43608739519204,234.0537578945399,14.034365620851185,73.98966073295989,2026-09-22 06:13:39,1,Healthy
3243,Aristo-500ix,26.46055021996779,172.28031053295913,13.622476980153994,58.08523677039793,2026-09-22 06:13:39,1,Healthy
3244,Warrior-500i,23.81431983902736,227.14609653093447,16.975184631271965,51.407070972975966,2026-09-22 06:18:39,1,Healthy
3245,Rogue-ET,30.323741911742715,175.15786586521548,16.948518993079897,71.9524213018648,2026-09-22 06:18:39,1,Healthy
3246,Aristo-500ix,32.173939018694796,259.82870707151847,14.410469951991795,62.928380596219,2026-09-22 06:18:39,1,Healthy
3247,Warrior-500i,24.080154889508268,272.022175108469,14.137598621742043,73.517278002737,2026-09-22 06:23:39,1,Healthy
3248,Rogue-ET,36.78636296328553,256.5373908001245,15.625250600370546,50.85165010132869,2026-09-22 06:23:39,1,Healthy
3249,Aristo-500ix,22.25513438222684,199.88936793075698,11.264107302760785,70.39015303811392,2026-09-22 06:23:39,1,Healthy
3250,Warrior-500i,35.13739048898023,287.63236763032234,17.410249633358386,56.79939798721512,2026-09-22 06:28:39,1,Healthy
3251,Rogue-ET,31.54112588162876,175.61535346683996,11.320258572629315,60.76190382226294,2026-09-22 06:28:39,1,Healthy
3252,Aristo-500ix,25.414634360601696,251.93445777612956,16.25951856668703,56.19873868069576,2026-09-22 06:28:39,1,Healthy
3253,Warrior-500i,25.483123601374466,220.6275111053876,12.67354058752095,53.15201305144309,2026-09-22 06:33:39,1,Healthy
3254,Rogue-ET,29.846497801090717,272.2706408319069,14.12746944484385,69.9578649468491,2026-09-22 06:33:39,1,Healthy
3255,Aristo-500ix,33.94449968305562,260.82097038928623,13.934747692128127,74.35461940220651,2026-09-22 06:33:39,1,Healthy
3256,Warrior-500i,37.68183836835064,271.97652818385495,14.446173255466121,63.86719931010678,2026-09-22 06:38:39,1,Healthy
3257,Rogue-ET,24.219450295153393,242.38719835990787,17.198000040978595,52.69456420551786,2026-09-22 06:38:39,1,Healthy
3258,Aristo-500ix,26.98453619049958,285.25992680491794,14.753733744873845,59.078798124139546,2026-09-22 06:38:39,1,Healthy
3259,Warrior-500i,33.129840287977316,234.14726244642918,16.284846102759662,67.6370384473449,2026-09-22 06:43:39,1,Healthy
3260,Rogue-ET,30.360755728582184,258.4318461995116,10.773750246920574,66.73399394804423,2026-09-22 06:43:39,1,Healthy
3261,Aristo-500ix,37.271274592956296,159.9578070270356,15.438664330199828,52.110082292253374,2026-09-22 06:43:39,1,Healthy
3262,Warrior-500i,23.207966407500095,269.72688241030005,14.681363601157907,53.7943237471613,2026-09-22 06:48:39,1,Healthy
3263,Rogue-ET,28.236332387005966,293.3815275363378,15.64985885974306,56.91777703803491,2026-09-22 06:48:39,1,Healthy
3264,Aristo-500ix,29.619069908586052,190.63323691681734,15.663943432421036,62.978003265535484,2026-09-22 06:48:39,1,Healthy
3265,Warrior-500i,34.96409279063238,267.82001691082246,17.649137678908932,68.94244408581454,2026-09-22 06:53:39,1,Healthy
3266,Rogue-ET,22.096107387463128,214.40761410372124,17.712879353875632,46.71441016560414,2026-09-22 06:53:39,1,Healthy
3267,Aristo-500ix,25.089731056434097,276.1887344129749,15.473181357155624,47.235622426808824,2026-09-22 06:53:39,1,Healthy
3268,Warrior-500i,29.522812360899437,199.57250188477894,11.432013557874999,63.64342532977397,2026-09-22 06:58:39,1,Healthy
3269,Rogue-ET,27.131541129597245,210.96943077889682,13.524483340822995,48.92438051226361,2026-09-22 06:58:39,1,Healthy
3270,Aristo-500ix,35.93182473154609,235.0133507456953,15.68545628949596,59.89642008311536,2026-09-22 06:58:39,1,Healthy
3271,Warrior-500i,24.43365114504003,156.14367279596004,17.460968366781103,54.20643747867129,2026-09-22 07:03:39,1,Healthy
3272,Rogue-ET,35.94172684769477,228.26000276584693,13.664504190172138,54.76558136696488,2026-09-22 07:03:39,1,Healthy
3273,Aristo-500ix,23.50274317121648,168.434102653747,15.392723212258574,49.82910142626695,2026-09-22 07:03:39,1,Healthy
3274,Warrior-500i,32.52895743893084,247.3160225323805,11.27432321380508,62.060375375175575,2026-09-22 07:08:39,1,Healthy
3275,Rogue-ET,22.363288293049678,278.1916179918758,16.093066495548612,59.463427759124286,2026-09-22 07:08:39,1,Healthy
3276,Aristo-500ix,28.958685954707484,249.48627291033858,15.867366368368192,72.25221427842979,2026-09-22 07:08:39,1,Healthy
3277,Warrior-500i,23.478279374191104,190.85140071784883,16.041639371649808,54.263279986825154,2026-09-22 07:13:39,1,Healthy
3278,Rogue-ET,30.794507345882884,206.0589659593224,15.279295076948094,69.96296366313398,2026-09-22 07:13:39,1,Healthy
3279,Aristo-500ix,23.864627463144934,210.50107723073103,11.612569916171898,48.38404885356616,2026-09-22 07:13:39,1,Healthy
3280,Warrior-500i,33.598278648252304,224.86598554071614,16.741972111265376,52.18681541489993,2026-09-22 07:18:39,1,Healthy
3281,Rogue-ET,25.376902253978862,226.66012357119982,14.395255976615934,67.47609395966447,2026-09-22 07:18:39,1,Healthy
3282,Aristo-500ix,33.992941157713304,251.61188371855678,15.156716877911997,71.21558831921334,2026-09-22 07:18:39,1,Healthy
3283,Warrior-500i,36.20779580760386,157.43997184859236,11.920747220930016,51.68886351702051,2026-09-22 07:23:39,1,Healthy
3284,Rogue-ET,30.250782675001876,267.7277699281203,15.336724583904111,47.915229161694974,2026-09-22 07:23:39,1,Healthy
3285,Aristo-500ix,34.508521974860834,175.22837375989624,15.092352797182233,47.674707525157935,2026-09-22 07:23:39,1,Healthy
3286,Warrior-500i,24.759664077003023,287.03220201747314,10.40106142421737,64.5148877491484,2026-09-22 07:28:39,1,Healthy
3287,Rogue-ET,30.715092430235845,169.32667590930802,14.492073972360307,48.099407275748334,2026-09-22 07:28:39,1,Healthy
3288,Aristo-500ix,22.665850525627647,201.81408070449476,17.727168778303415,47.59803312746904,2026-09-22 07:28:39,1,Healthy
3289,Warrior-500i,36.80467090968938,165.47330916945904,15.567824962225709,57.774214490958045,2026-09-22 07:33:39,1,Healthy
3290,Rogue-ET,36.49105497063031,152.47753254057335,12.75770860314286,55.096308159236884,2026-09-22 07:33:39,1,Healthy
3291,Aristo-500ix,32.429550168726976,279.4537980904573,16.16190527427586,51.184885245292406,2026-09-22 07:33:39,1,Healthy
3292,Warrior-500i,28.72814570150268,279.37579651149895,17.97258258640561,57.61920799931797,2026-09-22 07:38:39,1,Healthy
3293,Rogue-ET,36.291022119196356,281.6630428115929,11.608905853688302,60.22360092556716,2026-09-22 07:38:39,1,Healthy
3294,Aristo-500ix,24.463628235044357,186.04238585835776,17.55002348269565,70.10833575210714,2026-09-22 07:38:39,1,Healthy
3295,Warrior-500i,26.842286951680762,278.75221238046254,15.781431932639885,49.39014394863915,2026-09-22 07:43:39,1,Healthy
3296,Rogue-ET,35.85159421778142,241.29174319529255,11.300754670674898,53.76134764375627,2026-09-22 07:43:39,1,Healthy
3297,Aristo-500ix,35.83034371461002,190.3328024225554,16.998329410628525,51.55439342124407,2026-09-22 07:43:39,1,Healthy
3298,Warrior-500i,27.84543147743324,249.4000541849613,16.06531546405862,53.493496023098515,2026-09-22 07:48:39,1,Healthy
3299,Rogue-ET,32.59044700279598,234.33077443632615,10.898619696546309,57.65995624527565,2026-09-22 07:48:39,1,Healthy
3300,Aristo-500ix,37.743821627449364,193.91568414663618,11.198724263969037,69.43746335150597,2026-09-22 07:48:39,1,Healthy
3301,Warrior-500i,24.673577953401956,153.51454591296263,13.551989061029673,52.278257169671605,2026-09-22 07:53:39,1,Healthy
3302,Rogue-ET,34.189150467798626,277.25465953566095,12.708535659837459,67.51121379841946,2026-09-22 07:53:39,1,Healthy
3303,Aristo-500ix,22.869918523630112,166.23427213589528,16.890800454518054,54.76709246416519,2026-09-22 07:53:39,1,Healthy
3304,Warrior-500i,30.695341490007227,282.97568224279956,14.335679352365847,53.21970105731214,2026-09-22 07:58:39,1,Healthy
3305,Rogue-ET,33.02498368146613,248.95499678621889,15.823983750087429,73.92389059627423,2026-09-22 07:58:39,1,Healthy
3306,Aristo-500ix,36.34310308001942,169.2735204251802,16.410030026784888,52.04660227404413,2026-09-22 07:58:39,1,Healthy
3307,Warrior-500i,30.255226075331127,263.1491350153791,14.880205010879045,65.61416099524573,2026-09-22 08:03:39,1,Healthy
3308,Rogue-ET,26.935279997528717,178.5491282641978,10.227961651177427,46.088184321227494,2026-09-22 08:03:39,1,Healthy
3309,Aristo-500ix,24.98463535484846,292.30079957622536,15.387821136183925,63.27441420553279,2026-09-22 08:03:39,1,Healthy
3310,Warrior-500i,33.58375399535008,179.8689007909755,16.22956747979799,63.73108558814715,2026-09-22 08:08:39,1,Healthy
3311,Rogue-ET,37.35509210628324,194.34273296622783,12.055340397845288,72.04517055574573,2026-09-22 08:08:39,1,Healthy
3312,Aristo-500ix,37.0695986963034,257.41492272827173,10.533068606894929,67.58264403034667,2026-09-22 08:08:39,1,Healthy
3313,Warrior-500i,27.67304681897337,270.2712793071457,10.002743384637359,46.576737037114064,2026-09-22 08:13:39,1,Healthy
3314,Rogue-ET,22.73640514074021,246.02229251393933,11.60171258566454,53.58555978431531,2026-09-22 08:13:39,1,Healthy
3315,Aristo-500ix,36.57514852535021,205.35668017498725,10.611759057231975,55.33044240398836,2026-09-22 08:13:39,1,Healthy
3316,Warrior-500i,28.248708574440023,174.21344215854998,14.693853179580744,52.24161372821428,2026-09-22 08:18:39,1,Healthy
3317,Rogue-ET,33.3435206366195,205.9158382299229,17.584489822647814,66.98676261360305,2026-09-22 08:18:39,1,Healthy
3318,Aristo-500ix,35.231168038734126,161.34745517670646,12.107149022547436,74.7807776666589,2026-09-22 08:18:39,1,Healthy
3319,Warrior-500i,32.285933576956815,268.14899978152954,11.87120324319396,68.30819825260883,2026-09-22 08:23:39,1,Healthy
3320,Rogue-ET,36.1416754344442,253.74191525883828,13.923262682137993,59.22081846489056,2026-09-22 08:23:39,1,Healthy
3321,Aristo-500ix,31.923639746610768,183.2940846064452,14.687036604083385,69.53916293962226,2026-09-22 08:23:39,1,Healthy
3322,Warrior-500i,32.58431061805142,151.75772562265985,13.821041840674997,66.7424612688714,2026-09-22 08:28:39,1,Healthy
3323,Rogue-ET,33.6576635509781,265.011321636139,16.025709676223244,68.4617864407822,2026-09-22 08:28:39,1,Healthy
3324,Aristo-500ix,30.217316421898307,227.97292105305917,11.904990799532971,56.436609834128234,2026-09-22 08:28:39,1,Healthy
3325,Warrior-500i,27.362877694640368,294.2671900064187,13.374122642629532,46.706627973750905,2026-09-22 08:33:39,1,Healthy
3326,Rogue-ET,22.9733276282006,231.01541348050588,17.090448353645503,73.94242429497594,2026-09-22 08:33:39,1,Healthy
3327,Aristo-500ix,25.51453498193031,229.47419057199068,14.768550929836678,55.20112441174171,2026-09-22 08:33:39,1,Healthy
3328,Warrior-500i,37.78402224261778,270.8306690621937,14.335327097860509,67.35754034355026,2026-09-22 08:38:39,1,Healthy
3329,Rogue-ET,29.02054020398365,162.14631055856356,11.895923572250153,54.39002975577225,2026-09-22 08:38:39,1,Healthy
3330,Aristo-500ix,33.00331593026397,152.29214306726547,17.411794388467477,55.00730750524411,2026-09-22 08:38:39,1,Healthy
3331,Warrior-500i,22.20876632590775,172.91158432698077,16.384650603284737,56.28249475182598,2026-09-22 08:43:39,1,Healthy
3332,Rogue-ET,35.123164869969955,288.23107067418596,14.336840863907806,74.39681917094256,2026-09-22 08:43:39,1,Healthy
3333,Aristo-500ix,30.03614773358259,163.74121810068792,17.814161228708798,63.03820044455875,2026-09-22 08:43:39,1,Healthy
3334,Warrior-500i,37.76436505100459,188.24913241038706,10.816069865442419,69.51985657994909,2026-09-22 08:48:39,1,Healthy
3335,Rogue-ET,25.32353820876556,273.5751420773394,10.126116280286514,61.01974993813882,2026-09-22 08:48:39,1,Healthy
3336,Aristo-500ix,37.80236077528968,266.78971914315264,12.75893987125027,48.980889974056026,2026-09-22 08:48:39,1,Healthy
3337,Warrior-500i,33.222683144056695,196.02253401806232,12.194393258196108,61.20004318722686,2026-09-22 08:53:39,1,Healthy
3338,Rogue-ET,24.069769512373483,220.55357512990932,12.199044510232444,46.47327232288373,2026-09-22 08:53:39,1,Healthy
3339,Aristo-500ix,30.881643675829153,283.89626558601606,11.579987153386263,54.24254771261472,2026-09-22 08:53:39,1,Healthy
3340,Warrior-500i,32.22364049928436,270.8334106413673,12.014692581768777,59.06727386364023,2026-09-22 08:58:39,1,Healthy
3341,Rogue-ET,36.21727811834187,287.5771976189343,16.18251064352188,56.99574314129316,2026-09-22 08:58:39,1,Healthy
3342,Aristo-500ix,36.40470777779509,215.77760204136658,13.011594178153084,53.11477694551651,2026-09-22 08:58:39,1,Healthy
3343,Warrior-500i,30.844970433697945,186.15428582947902,17.352270058367914,46.047726198541724,2026-09-22 09:03:39,1,Healthy
3344,Rogue-ET,31.015129548686375,256.273076422533,10.196385195681145,47.70953501051249,2026-09-22 09:03:39,1,Healthy
3345,Aristo-500ix,27.52608828116695,248.7826599571441,14.088391286676675,63.05849840101345,2026-09-22 09:03:39,1,Healthy
3346,Warrior-500i,33.16624641680973,219.31565141331663,10.653434813816101,46.22498161000301,2026-09-22 09:08:39,1,Healthy
3347,Rogue-ET,28.37807980041658,207.77395641959947,14.271269303457869,63.06101548223863,2026-09-22 09:08:39,1,Healthy
3348,Aristo-500ix,25.25183613743321,236.61840812156444,12.825637863227975,72.38610382515333,2026-09-22 09:08:39,1,Healthy
3349,Warrior-500i,34.92567100624,241.08097961934618,16.873448617885956,53.305603845745495,2026-09-22 09:13:39,1,Healthy
3350,Rogue-ET,33.589886337143014,248.87005132422183,17.246367361416983,73.75325727232178,2026-09-22 09:13:39,1,Healthy
3351,Aristo-500ix,36.66711874883519,177.2014472385625,14.262749038421301,54.687038314966316,2026-09-22 09:13:39,1,Healthy
3352,Warrior-500i,30.300660308858394,244.59103149229114,14.82882782809061,54.779466040751906,2026-09-22 09:18:39,1,Healthy
3353,Rogue-ET,24.88756508511858,167.3396870214789,10.560697582864897,58.15665180367491,2026-09-22 09:18:39,1,Healthy
3354,Aristo-500ix,28.67267329267042,269.5313635169886,17.05873206420206,45.30274789202342,2026-09-22 09:18:39,1,Healthy
3355,Warrior-500i,22.131209785870617,197.44384506339745,11.554957451383384,49.27766442921455,2026-09-22 09:23:39,1,Healthy
3356,Rogue-ET,28.146265075441537,167.77934505965706,16.686258985823414,66.24589377012853,2026-09-22 09:23:39,1,Healthy
3357,Aristo-500ix,29.775141158463022,181.02581575839943,11.995721236271201,73.45593915089242,2026-09-22 09:23:39,1,Healthy
3358,Warrior-500i,26.341054296406703,210.411911162313,16.67872172599268,49.653044348952996,2026-09-22 09:28:39,1,Healthy
3359,Rogue-ET,26.091900527140012,244.99926990661095,16.344568554786335,71.74504291186383,2026-09-22 09:28:39,1,Healthy
3360,Aristo-500ix,27.784032672056572,171.60106626693542,11.274272044888987,62.942927781838016,2026-09-22 09:28:39,1,Healthy
3361,Warrior-500i,36.66636517633289,170.56524745694156,14.936510798486589,56.83053764672272,2026-09-22 09:33:39,1,Healthy
3362,Rogue-ET,27.97424022777675,184.20861166488976,14.142200988462431,53.06570488633463,2026-09-22 09:33:39,1,Healthy
3363,Aristo-500ix,22.2564953299004,227.11037957593834,11.025551126745189,56.65555235568014,2026-09-22 09:33:39,1,Healthy
3364,Warrior-500i,34.65851602578795,248.98519527633235,17.9777560267392,67.16125057672666,2026-09-22 09:38:39,1,Healthy
3365,Rogue-ET,34.344177004624086,177.36283549069512,12.523985584371758,49.800452431827686,2026-09-22 09:38:39,1,Healthy
3366,Aristo-500ix,27.094766830826355,192.09098121675044,12.506623420017702,47.00120525759367,2026-09-22 09:38:39,1,Healthy
3367,Warrior-500i,34.12846847262828,284.64297076535047,10.026496611445797,59.61054766442439,2026-09-22 09:43:39,1,Healthy
3368,Rogue-ET,33.997236055945095,288.9331178543444,17.786807641182023,48.88872359757871,2026-09-22 09:43:39,1,Healthy
3369,Aristo-500ix,35.47755353385523,228.7895928805983,15.143392468234595,59.300757265276644,2026-09-22 09:43:39,1,Healthy
3370,Warrior-500i,31.48774668553304,278.31622607541567,17.430557029618384,70.31121140065598,2026-09-22 09:48:39,1,Healthy
3371,Rogue-ET,24.255099844962025,225.0467362992633,12.197268971504913,48.36516978796816,2026-09-22 09:48:39,1,Healthy
3372,Aristo-500ix,26.310156839697882,193.86054336276166,13.863493887452305,48.866165882680136,2026-09-22 09:48:39,1,Healthy
3373,Warrior-500i,37.596330705935785,183.00927671669928,15.56779214184583,55.61571219899682,2026-09-22 09:53:39,1,Healthy
3374,Rogue-ET,30.966723244871318,210.32655055963892,12.193904422731176,54.81207619020975,2026-09-22 09:53:39,1,Healthy
3375,Aristo-500ix,24.049675926033323,199.4994640341343,10.486635681474809,50.73113348963196,2026-09-22 09:53:39,1,Healthy
3376,Warrior-500i,26.68697901839358,230.5202183384814,10.963800256694643,65.73182631469973,2026-09-22 09:58:39,1,Healthy
3377,Rogue-ET,26.07211215177715,185.13109609080024,12.3909693587615,53.17721287450601,2026-09-22 09:58:39,1,Healthy
3378,Aristo-500ix,35.4455400233976,229.91049026445623,11.12537020996205,46.47205478567607,2026-09-22 09:58:39,1,Healthy
3379,Warrior-500i,37.14354623649037,229.32524124531926,14.67994416014053,58.50624337366425,2026-09-22 10:03:39,1,Healthy
3380,Rogue-ET,23.182322896133513,218.9830722183528,17.439517142869484,52.62861133345535,2026-09-22 10:03:39,1,Healthy
3381,Aristo-500ix,34.0050526536089,197.88450248342048,17.43649424644334,67.526227882484,2026-09-22 10:03:39,1,Healthy
3382,Warrior-500i,34.8471728686268,287.40696941631836,10.836172794048526,50.23316068985418,2026-09-22 10:08:39,1,Healthy
3383,Rogue-ET,25.500714263973396,191.44028327169167,13.87231184291311,72.93118482174665,2026-09-22 10:08:39,1,Healthy
3384,Aristo-500ix,37.52770478251669,217.40219305640767,14.091218670144578,51.74853615167375,2026-09-22 10:08:39,1,Healthy
3385,Warrior-500i,34.048252312854494,213.61480687939743,16.55059099876968,63.19851957753309,2026-09-22 10:13:39,1,Healthy
3386,Rogue-ET,29.287935585245677,298.240570592478,16.981756050168052,47.21778308266799,2026-09-22 10:13:39,1,Healthy
3387,Aristo-500ix,22.497868002459683,226.52329280458497,11.221009913806562,46.280277248938,2026-09-22 10:13:39,1,Healthy
3388,Warrior-500i,29.166438477589683,244.17529787503784,14.978978680851982,74.7061510832108,2026-09-22 10:18:39,1,Healthy
3389,Rogue-ET,30.085038751202152,165.4505715299264,17.11017435602234,55.12081036056929,2026-09-22 10:18:39,1,Healthy
3390,Aristo-500ix,36.55682060011357,201.2523676313557,13.203941012301373,68.70126397842682,2026-09-22 10:18:39,1,Healthy
3391,Warrior-500i,34.865492536617495,181.20040348071808,14.361344727974245,48.04268089667872,2026-09-22 10:23:39,1,Healthy
3392,Rogue-ET,26.824038453849223,271.8889880538568,14.642331879472803,65.15030158468086,2026-09-22 10:23:39,1,Healthy
3393,Aristo-500ix,29.009577719781984,176.41139662448828,16.24850862063037,65.52766697083578,2026-09-22 10:23:39,1,Healthy
3394,Warrior-500i,26.874237556102504,208.59484040715574,16.480415292126832,67.93350329723744,2026-09-22 10:28:39,1,Healthy
3395,Rogue-ET,26.689419984915315,282.2505573811774,12.258761322923249,46.33709415839152,2026-09-22 10:28:39,1,Healthy
3396,Aristo-500ix,35.40668481298828,264.1249995597356,17.963852006954237,73.91248202037802,2026-09-22 10:28:39,1,Healthy
3397,Warrior-500i,25.032197151032427,222.6206704063399,10.816401998521886,66.0478301609164,2026-09-22 10:33:39,1,Healthy
3398,Rogue-ET,32.52588114121065,214.7025515249445,13.680205558653164,68.37566943097431,2026-09-22 10:33:39,1,Healthy
3399,Aristo-500ix,36.83656562042796,261.5313471410433,10.834076147090062,51.91877929720686,2026-09-22 10:33:39,1,Healthy
3400,Warrior-500i,30.486281817430992,157.4721329835832,12.522625003689214,49.17048933074725,2026-09-22 10:38:39,1,Healthy
3401,Rogue-ET,30.478893803396563,177.8271514555218,14.815332938913173,67.36776605638747,2026-09-22 10:38:39,1,Healthy
3402,Aristo-500ix,23.508066227195577,221.27454047910982,13.433483054195207,55.17678175717348,2026-09-22 10:38:39,1,Healthy
3403,Warrior-500i,30.313252690745024,229.35416815120925,10.879202538787704,74.44442024619862,2026-09-22 10:43:39,1,Healthy
3404,Rogue-ET,37.73305095989753,182.7674333878747,15.403381304924986,49.22335498585682,2026-09-22 10:43:39,1,Healthy
3405,Aristo-500ix,25.201935428940928,261.83087114188766,16.280471970498976,48.21043184051037,2026-09-22 10:43:39,1,Healthy
3406,Warrior-500i,26.860502284312034,264.1805596606641,14.019668992704727,66.05162562126934,2026-09-22 10:48:39,1,Healthy
3407,Rogue-ET,30.082227790193905,186.95049517978617,16.702147924692653,54.09504636426398,2026-09-22 10:48:39,1,Healthy
3408,Aristo-500ix,22.00241036385021,260.0442797402356,15.101749923939215,61.17550469200884,2026-09-22 10:48:39,1,Healthy
3409,Warrior-500i,36.62708747966459,232.99881386660616,11.148391403606627,51.83196957561533,2026-09-22 10:53:39,1,Healthy
3410,Rogue-ET,26.72641861242481,162.41960459856776,16.692234864281232,45.96265406691778,2026-09-22 10:53:39,1,Healthy
3411,Aristo-500ix,35.32228697569748,275.3869259280764,11.556163968319215,57.34155673081179,2026-09-22 10:53:39,1,Healthy
3412,Warrior-500i,23.57210873261174,275.4017612004787,12.04921133580783,74.70067809253085,2026-09-22 10:58:39,1,Healthy
3413,Rogue-ET,33.796307744379234,224.84931744634446,10.34234413410467,61.3803454453449,2026-09-22 10:58:39,1,Healthy
3414,Aristo-500ix,24.57552712501798,253.22330904373996,16.36261861214841,62.96731214834672,2026-09-22 10:58:39,1,Healthy
3415,Warrior-500i,27.168586414294207,296.1996113541062,13.801225527530342,52.44637760641344,2026-09-22 11:03:39,1,Healthy
3416,Rogue-ET,37.3429967825834,228.72580273240044,16.559340212859013,74.48423325321218,2026-09-22 11:03:39,1,Healthy
3417,Aristo-500ix,32.86236111369574,163.62455339745927,11.430401144764954,51.12302684847452,2026-09-22 11:03:39,1,Healthy
3418,Warrior-500i,25.95400397934602,216.6672897987835,17.034648968607254,65.23604462712476,2026-09-22 11:08:39,1,Healthy
3419,Rogue-ET,22.312613643286454,154.0137679055716,16.72434965533085,57.479058975497615,2026-09-22 11:08:39,1,Healthy
3420,Aristo-500ix,27.05251610461043,228.390092685051,11.794473937556898,62.400130843091006,2026-09-22 11:08:39,1,Healthy
3421,Warrior-500i,34.27992595098552,208.92288433923304,11.90159314556157,52.84212456872559,2026-09-22 11:13:39,1,Healthy
3422,Rogue-ET,34.059113164227284,245.1232479509627,10.017417987284752,47.902727794476824,2026-09-22 11:13:39,1,Healthy
3423,Aristo-500ix,29.659529876674704,249.009593952754,17.92367079214973,72.24868525185487,2026-09-22 11:13:39,1,Healthy
3424,Warrior-500i,33.51173814847691,262.19834680103486,17.643414158851886,63.424678180805444,2026-09-22 11:18:39,1,Healthy
3425,Rogue-ET,37.42759863198461,226.19981588616417,10.976732033365145,74.78986762942276,2026-09-22 11:18:39,1,Healthy
3426,Aristo-500ix,33.03609385213085,208.68762054997381,15.699509895184324,57.06319362688704,2026-09-22 11:18:39,1,Healthy
3427,Warrior-500i,33.71853796115407,209.55775211868783,16.40027085555861,53.649389476043176,2026-09-22 11:23:39,1,Healthy
3428,Rogue-ET,32.500536709633096,249.31198635313402,16.203727169328126,53.23981777195553,2026-09-22 11:23:39,1,Healthy
3429,Aristo-500ix,32.290868190608606,157.72969872802042,12.893992219234953,53.59694944764842,2026-09-22 11:23:39,1,Healthy
3430,Warrior-500i,32.14022062573316,197.66681004841487,16.25301427415698,73.6826359414068,2026-09-22 11:28:39,1,Healthy
3431,Rogue-ET,25.24754836941171,254.71989583383146,11.312120155577858,62.618959150188175,2026-09-22 11:28:39,1,Healthy
3432,Aristo-500ix,26.785744411856026,260.0291059315141,16.705827425616775,64.4995848359167,2026-09-22 11:28:39,1,Healthy
3433,Warrior-500i,27.507846366667422,169.33691653063906,10.413028667598049,46.75145364786898,2026-09-22 11:33:39,1,Healthy
3434,Rogue-ET,34.03231329662627,268.842942153723,11.354552350385113,58.94954041836366,2026-09-22 11:33:39,1,Healthy
3435,Aristo-500ix,22.567145629504317,276.3242421302337,11.20268857411272,70.24707723795797,2026-09-22 11:33:39,1,Healthy
3436,Warrior-500i,34.986790884994505,235.04983076450458,17.38028462361363,63.77815293013848,2026-09-22 11:38:39,1,Healthy
3437,Rogue-ET,27.953305080235033,224.45073168123443,12.723392676616323,72.59615341798686,2026-09-22 11:38:39,1,Healthy
3438,Aristo-500ix,28.352413668786834,255.90122898221014,11.549140339708515,64.96082873433917,2026-09-22 11:38:39,1,Healthy
3439,Warrior-500i,23.18573462819981,270.6705061296325,17.212388998776106,67.99463765336445,2026-09-22 11:43:39,1,Healthy
3440,Rogue-ET,30.85441558313376,255.25090102874645,16.649272846772675,63.43952329501967,2026-09-22 11:43:39,1,Healthy
3441,Aristo-500ix,33.41115538281204,218.9021322180356,10.904341426761311,72.23424730575567,2026-09-22 11:43:39,1,Healthy
3442,Warrior-500i,30.831487327844652,250.52203572415883,17.366784802158595,55.7885600948597,2026-09-22 11:48:39,1,Healthy
3443,Rogue-ET,37.71275977078903,250.12917213554965,11.215781747289224,69.58796961587274,2026-09-22 11:48:39,1,Healthy
3444,Aristo-500ix,22.304029698500848,291.0244848292873,13.918609941716008,70.7293587558259,2026-09-22 11:48:39,1,Healthy
3445,Warrior-500i,26.443826978541146,165.31702569870768,16.461294906941006,56.07227010270729,2026-09-22 11:53:39,1,Healthy
3446,Rogue-ET,36.14221376695615,201.43250690024212,16.20195522467049,63.82640420500165,2026-09-22 11:53:39,1,Healthy
3447,Aristo-500ix,34.752538523023944,169.0514093822068,10.925176684255188,58.21286056025635,2026-09-22 11:53:39,1,Healthy
3448,Warrior-500i,28.578848049075823,214.26396345795536,13.427412787471127,67.92937145845403,2026-09-22 11:58:39,1,Healthy
3449,Rogue-ET,27.721488066457017,228.50983545304825,10.165577980816751,56.53733953839547,2026-09-22 11:58:39,1,Healthy
3450,Aristo-500ix,29.264430422407088,193.84826227951592,14.506095283255519,66.6913672873867,2026-09-22 11:58:39,1,Healthy
3451,Warrior-500i,26.848038474229547,285.92574844155246,17.31974721861124,61.09939518831568,2026-09-22 12:03:39,1,Healthy
3452,Rogue-ET,25.264941041515307,263.0964258586955,10.182730955433382,64.57696192826558,2026-09-22 12:03:39,1,Healthy
3453,Aristo-500ix,34.66835986053022,242.18435417270987,10.815181143891236,60.454417917619026,2026-09-22 12:03:39,1,Healthy
3454,Warrior-500i,36.82286885662562,187.32633792714614,13.856207177615016,52.43414901268248,2026-09-22 12:08:39,1,Healthy
3455,Rogue-ET,24.51118578251223,280.6303998361866,17.019682003798962,73.11787931759694,2026-09-22 12:08:39,1,Healthy
3456,Aristo-500ix,32.04090038984569,220.41696401084252,13.1389600602982,62.4886015926851,2026-09-22 12:08:39,1,Healthy
3457,Warrior-500i,35.57282232152393,283.6985536111357,12.752715022857526,52.057129254166426,2026-09-22 12:13:39,1,Healthy
3458,Rogue-ET,24.896368364943008,231.7153244641732,10.917602849135186,53.71769359228996,2026-09-22 12:13:39,1,Healthy
3459,Aristo-500ix,37.837978505382594,223.59083612982315,17.285956562502047,65.45875060811392,2026-09-22 12:13:39,1,Healthy
3460,Warrior-500i,36.216463782794165,276.6361469848872,10.294305459928697,62.52777495091084,2026-09-22 12:18:39,1,Healthy
3461,Rogue-ET,36.699068001299224,274.8978591736518,13.868867506933924,45.94972788892108,2026-09-22 12:18:39,1,Healthy
3462,Aristo-500ix,37.191713482827716,229.8920248071942,14.564374946567597,64.63860291628424,2026-09-22 12:18:39,1,Healthy
3463,Warrior-500i,25.489599781362195,203.1542777660599,13.225436908354986,51.87404345734325,2026-09-22 12:23:39,1,Healthy
3464,Rogue-ET,22.230072752004524,207.5375774307078,15.547008294173507,67.32705884542375,2026-09-22 12:23:39,1,Healthy
3465,Aristo-500ix,32.008495906437446,219.54776825043996,17.537220794204188,65.05053400647714,2026-09-22 12:23:39,1,Healthy
3466,Warrior-500i,27.60770061701198,253.31295941410085,12.53479363131996,57.04990222774206,2026-09-22 12:28:39,1,Healthy
3467,Rogue-ET,23.760326665628696,252.88072760351932,17.580967240486856,59.06213551527235,2026-09-22 12:28:39,1,Healthy
3468,Aristo-500ix,35.14959152802895,169.9331248112586,17.901286415085778,63.30162437968322,2026-09-22 12:28:39,1,Healthy
3469,Warrior-500i,25.095517234007787,214.2600286511453,16.637061239932706,48.3183394494529,2026-09-22 12:33:39,1,Healthy
3470,Rogue-ET,22.72669757847884,193.81634353048878,10.126961256230672,65.26525022421714,2026-09-22 12:33:39,1,Healthy
3471,Aristo-500ix,30.230007129903385,282.5201389978123,11.543673727029573,65.83033367404119,2026-09-22 12:33:39,1,Healthy
3472,Warrior-500i,26.056368332901737,208.80806633266653,12.552549993152812,65.21483184829127,2026-09-22 12:38:39,1,Healthy
3473,Rogue-ET,25.232955166389594,163.6109161972468,11.43076179136369,70.87385124384255,2026-09-22 12:38:39,1,Healthy
3474,Aristo-500ix,35.11845401397672,250.36663031695684,16.665870832122796,66.98040662662763,2026-09-22 12:38:39,1,Healthy
3475,Warrior-500i,25.274280578445353,179.6043281494964,14.903801672664473,50.19057302246038,2026-09-22 12:43:39,1,Healthy
3476,Rogue-ET,25.47870162205924,229.72205393516225,16.514767485939245,62.15307555470118,2026-09-22 12:43:39,1,Healthy
3477,Aristo-500ix,26.68258215510439,232.43101358801363,12.538232679165967,55.61290442249379,2026-09-22 12:43:39,1,Healthy
3478,Warrior-500i,25.523120711032142,159.32856401369224,16.178966546698675,52.77991003417536,2026-09-22 12:48:39,1,Healthy
3479,Rogue-ET,37.50243578194758,199.3717706254804,16.561461154303743,58.237819720983396,2026-09-22 12:48:39,1,Healthy
3480,Aristo-500ix,30.504949109158602,282.64751415580974,16.66556135806405,61.57483992530271,2026-09-22 12:48:39,1,Healthy
3481,Warrior-500i,27.78999337240875,229.88874746025095,16.621828920044802,73.38414721666994,2026-09-22 12:53:39,1,Healthy
3482,Rogue-ET,35.37786004340824,190.443586797404,17.883097492676043,68.3664994443649,2026-09-22 12:53:39,1,Healthy
3483,Aristo-500ix,35.97418464889033,289.3513917027585,13.029581098137498,66.02861422907951,2026-09-22 12:53:39,1,Healthy
3484,Warrior-500i,34.118893278173225,277.2421094538156,11.994845785173805,49.001825598438906,2026-09-22 12:58:39,1,Healthy
3485,Rogue-ET,31.54397911417646,197.06742461005004,10.581980547928946,47.781346339167506,2026-09-22 12:58:39,1,Healthy
3486,Aristo-500ix,25.70725633877209,201.64911735358618,11.19654240937992,72.59779358265871,2026-09-22 12:58:39,1,Healthy
3487,Warrior-500i,37.23616482262115,274.8921360010638,11.667773626312542,52.52459304285741,2026-09-22 13:03:39,1,Healthy
3488,Rogue-ET,32.066169164030605,281.9270984296702,14.273222648723454,62.913211739906245,2026-09-22 13:03:39,1,Healthy
3489,Aristo-500ix,25.22655348138587,230.34524793006796,10.443791843734516,58.3628176092264,2026-09-22 13:03:39,1,Healthy
3490,Warrior-500i,35.222003133838385,270.68338574025677,17.870011143434922,68.21560437861606,2026-09-22 13:08:39,1,Healthy
3491,Rogue-ET,36.150737481620055,274.58751364488444,13.760263333019406,74.69544490383142,2026-09-22 13:08:39,1,Healthy
3492,Aristo-500ix,22.474819780537693,167.53279593679966,16.349928577266787,45.74881017553172,2026-09-22 13:08:39,1,Healthy
3493,Warrior-500i,23.003446556333962,260.754935639731,13.638919458406189,57.30251589110657,2026-09-22 13:13:39,1,Healthy
3494,Rogue-ET,22.971831581959,179.95776341285816,13.716653138605253,47.84060729185366,2026-09-22 13:13:39,1,Healthy
3495,Aristo-500ix,33.11070839749551,178.88492647256214,10.835035089880765,74.48461850014573,2026-09-22 13:13:39,1,Healthy
3496,Warrior-500i,33.08607161732381,199.66016639087275,12.912868693893635,50.62587024502362,2026-09-22 13:18:39,1,Healthy
3497,Rogue-ET,36.52351495755067,258.74009176668915,17.510875327266632,49.22519608212333,2026-09-22 13:18:39,1,Healthy
3498,Aristo-500ix,24.668755954090614,211.25154481056092,12.317772014111389,72.18391515670166,2026-09-22 13:18:39,1,Healthy
3499,Warrior-500i,23.567081924468063,283.1402189218859,17.124017110408985,49.90742246017942,2026-09-22 13:23:39,1,Healthy
3500,Rogue-ET,26.18798570969518,168.76104377300177,10.297546708482136,58.886319765359886,2026-09-22 13:23:39,1,Healthy
3501,Aristo-500ix,24.862576298813245,254.9260651997061,11.56867061313096,67.2162702765755,2026-09-22 13:23:39,1,Healthy
3502,Warrior-500i,29.149541767657475,161.69756471944535,17.653332429157768,56.63933094531093,2026-09-22 13:28:39,1,Healthy
3503,Rogue-ET,29.79866636495629,153.63479496072407,16.047913700136558,65.07571869254227,2026-09-22 13:28:39,1,Healthy
3504,Aristo-500ix,27.980575394833917,221.5510700426439,15.92813109498856,72.44360479257367,2026-09-22 13:28:39,1,Healthy
3505,Warrior-500i,25.194200489397232,171.1459205750559,16.037087124803627,49.74101149915657,2026-09-22 13:33:39,1,Healthy
3506,Rogue-ET,22.506330033532112,151.16479603627928,12.381553856756007,54.30025760630635,2026-09-22 13:33:39,1,Healthy
3507,Aristo-500ix,24.64357362916911,182.4950854034617,15.963498745818509,67.44979285719064,2026-09-22 13:33:39,1,Healthy
3508,Warrior-500i,23.670095481669073,298.42902572793537,16.61591984209352,51.130340630681694,2026-09-22 13:38:39,1,Healthy
3509,Rogue-ET,32.29055948283003,277.8323439356373,13.946825572990912,61.9263888079378,2026-09-22 13:38:39,1,Healthy
3510,Aristo-500ix,27.188494552113422,168.24283769159405,10.559540873766487,61.601112616751465,2026-09-22 13:38:39,1,Healthy
3511,Warrior-500i,29.73901605121783,252.67051538336415,12.298370915213358,50.31625187274937,2026-09-22 13:43:39,1,Healthy
3512,Rogue-ET,32.3152187241796,223.873842428177,13.30896171055436,58.9098645084554,2026-09-22 13:43:39,1,Healthy
3513,Aristo-500ix,24.755428825595803,180.69695278621677,14.231293291778321,57.24614808477918,2026-09-22 13:43:39,1,Healthy
3514,Warrior-500i,26.045322820754258,296.3825959170169,17.981512131174114,59.7178150233599,2026-09-22 13:48:39,1,Healthy
3515,Rogue-ET,34.3482681244921,169.21284262126372,15.048206218807461,57.74673044294108,2026-09-22 13:48:39,1,Healthy
3516,Aristo-500ix,23.121205456753096,287.8066083436178,11.260904679330775,70.08256742080312,2026-09-22 13:48:39,1,Healthy
3517,Warrior-500i,24.22701100162537,226.08084982743435,12.878165369143908,66.87729730752983,2026-09-22 13:53:39,1,Healthy
3518,Rogue-ET,28.938880135694063,261.5587361171176,15.390125199245567,68.43269111400525,2026-09-22 13:53:39,1,Healthy
3519,Aristo-500ix,31.31439383427947,192.73599788621829,12.753864952867879,59.623449909631226,2026-09-22 13:53:39,1,Healthy
3520,Warrior-500i,31.899239611543962,270.09839640864993,11.636891406915748,56.36814118515014,2026-09-22 13:58:39,1,Healthy
3521,Rogue-ET,35.19748207002285,238.62777839125175,11.246813173321542,60.046153514467434,2026-09-22 13:58:39,1,Healthy
3522,Aristo-500ix,29.597489942522706,263.86738311212014,16.43243129835162,61.53261009025745,2026-09-22 13:58:39,1,Healthy
3523,Warrior-500i,30.7027743822499,284.46404684617914,11.913814080405807,64.07859745191764,2026-09-22 14:03:39,1,Healthy
3524,Rogue-ET,37.45928113252178,211.14808275862435,16.87815123159588,45.21998024320792,2026-09-22 14:03:39,1,Healthy
3525,Aristo-500ix,37.24266753414277,203.70626332137948,15.12564095796079,72.94360750635619,2026-09-22 14:03:39,1,Healthy
3526,Warrior-500i,32.122384518565326,225.50494197598258,11.165538979805776,71.50227110742384,2026-09-22 14:08:39,1,Healthy
3527,Rogue-ET,29.51626736081535,273.77752353793244,10.074057302995747,61.15620875924514,2026-09-22 14:08:39,1,Healthy
3528,Aristo-500ix,26.281839766545204,222.03232828770524,10.128391161351441,59.97677656215178,2026-09-22 14:08:39,1,Healthy
3529,Warrior-500i,33.982398417606476,218.47209867847675,11.615057310849728,52.70324804654873,2026-09-22 14:13:39,1,Healthy
3530,Rogue-ET,35.40180703635119,294.63646430135714,14.542861974402769,54.73674780600552,2026-09-22 14:13:39,1,Healthy
3531,Aristo-500ix,27.898442706244985,299.46710108108067,14.1778688039498,45.79267353548118,2026-09-22 14:13:39,1,Healthy
3532,Warrior-500i,24.69365864769444,227.85573507545735,16.128950426713512,64.88646115352512,2026-09-22 14:18:39,1,Healthy
3533,Rogue-ET,37.554023638834465,236.56618652871404,11.0769674436224,45.50933417392751,2026-09-22 14:18:39,-1,Action Required
3534,Aristo-500ix,27.457053346719515,157.1483076614809,11.125982244384666,45.57119994112949,2026-09-22 14:18:39,1,Healthy
3535,Warrior-500i,35.10581982192903,250.80547392152158,10.750435611262446,68.48664711964265,2026-09-22 14:23:39,1,Healthy
3536,Rogue-ET,29.26178798856806,185.13312966234142,16.04534501348101,69.90550416715689,2026-09-22 14:23:39,1,Healthy
3537,Aristo-500ix,37.14303061442074,204.96770695711126,10.219230604196948,67.4193843833431,2026-09-22 14:23:39,1,Healthy
3538,Warrior-500i,34.114783279584685,284.216189599439,11.044396656952632,56.74529175889528,2026-09-22 14:28:39,1,Healthy
3539,Rogue-ET,26.258049378561118,253.11730822828275,17.57636665828996,45.72745605544315,2026-09-22 14:28:39,1,Healthy
3540,Aristo-500ix,22.308882704246052,203.05272795800778,17.12114128832769,60.29744420354213,2026-09-22 14:28:39,1,Healthy
3541,Warrior-500i,37.175723494886725,254.68192691163284,12.067784648750868,56.978806167473905,2026-09-22 14:33:39,1,Healthy
3542,Rogue-ET,32.99094180232884,226.742507888295,16.259112140953068,45.811111268988654,2026-09-22 14:33:39,1,Healthy
3543,Aristo-500ix,25.831958333175713,197.2210257096945,15.158472884024208,62.182158749417,2026-09-22 14:33:39,1,Healthy
3544,Warrior-500i,34.862793362160005,171.80867354920133,14.920382122530885,66.03860286675891,2026-09-22 14:38:39,1,Healthy
3545,Rogue-ET,23.314930791292614,191.1281906165771,17.504396907466713,50.87780014707023,2026-09-22 14:38:39,1,Healthy
3546,Aristo-500ix,25.988537618981702,186.78683004847517,13.932753301309113,45.324300320167076,2026-09-22 14:38:39,1,Healthy
3547,Warrior-500i,28.2467960445192,215.65601511432493,16.320852321158632,72.255777481694,2026-09-22 14:43:39,1,Healthy
3548,Rogue-ET,24.87199014888045,194.27774366231068,15.491380486198059,47.20323753885569,2026-09-22 14:43:39,1,Healthy
3549,Aristo-500ix,26.78044271593978,195.61501048369496,10.832683919747563,57.6502765576869,2026-09-22 14:43:39,1,Healthy
3550,Warrior-500i,31.135024628388553,276.94323740573566,17.527404210419775,61.31034853927539,2026-09-22 14:48:39,1,Healthy
3551,Rogue-ET,23.75003884315874,299.59727124444305,17.17705420202192,64.2258735420753,2026-09-22 14:48:39,1,Healthy
3552,Aristo-500ix,24.921485653755063,157.99574586193324,15.437976646941651,73.38588334610333,2026-09-22 14:48:39,1,Healthy
3553,Warrior-500i,35.79214675748211,271.1333382421566,15.667500346262951,69.45190481316159,2026-09-22 14:53:39,1,Healthy
3554,Rogue-ET,30.084020372849523,153.3078653072018,12.508656381184945,69.25941304943937,2026-09-22 14:53:39,1,Healthy
3555,Aristo-500ix,31.684120160948048,170.3499051612588,13.916365314455916,74.55648132231087,2026-09-22 14:53:39,1,Healthy
3556,Warrior-500i,34.077313550381845,209.4715224644665,11.92041184873284,69.66804666297527,2026-09-22 14:58:39,1,Healthy
3557,Rogue-ET,34.86123394166125,158.29991804715297,17.48655554105018,53.86254505133557,2026-09-22 14:58:39,1,Healthy
3558,Aristo-500ix,33.81200254721276,168.23298805220276,11.400681696417427,49.6976999279165,2026-09-22 14:58:39,1,Healthy
3559,Warrior-500i,30.820328300353456,292.4025082339575,17.699543227505778,54.90839123753736,2026-09-22 15:03:39,1,Healthy
3560,Rogue-ET,29.631985051966637,224.95074565494144,13.081040043745979,62.416343453058275,2026-09-22 15:03:39,1,Healthy
3561,Aristo-500ix,30.829384980906184,169.862332439476,12.554416457903086,45.448854849388,2026-09-22 15:03:39,1,Healthy
3562,Warrior-500i,22.61829768500592,183.65806910968058,15.289937431120343,47.72945143158474,2026-09-22 15:08:39,1,Healthy
3563,Rogue-ET,35.34678167718664,161.312035459587,15.381845060657422,61.32433608289412,2026-09-22 15:08:39,1,Healthy
3564,Aristo-500ix,25.242441350423597,161.55369308452148,11.760834758258945,62.37257504153508,2026-09-22 15:08:39,1,Healthy
3565,Warrior-500i,27.025849051178255,279.0971090920319,14.639573700001595,59.74882023175461,2026-09-22 15:13:39,1,Healthy
3566,Rogue-ET,27.7918425681724,227.47516138664437,14.51770008896526,49.7548063299827,2026-09-22 15:13:39,1,Healthy
3567,Aristo-500ix,27.933282946864065,205.83287664167707,15.165875323855424,65.93978550921373,2026-09-22 15:13:39,1,Healthy
3568,Warrior-500i,31.050558601062058,219.34512413332874,10.237801703002134,62.18255098365499,2026-09-22 15:18:39,1,Healthy
3569,Rogue-ET,29.363375212826824,221.57835362199626,11.658454985936064,53.3891584899826,2026-09-22 15:18:39,1,Healthy
3570,Aristo-500ix,23.348457830189762,281.7138301685984,16.50707465924515,68.21226742506116,2026-09-22 15:18:39,1,Healthy
3571,Warrior-500i,36.099709868288926,173.10298207063414,13.367765854548571,58.58636130872814,2026-09-22 15:23:39,1,Healthy
3572,Rogue-ET,34.120034844403925,296.01548452855286,11.299914858900621,56.70774644708305,2026-09-22 15:23:39,1,Healthy
3573,Aristo-500ix,23.802584413388757,193.00786479609962,10.651181094563583,73.72158811984593,2026-09-22 15:23:39,1,Healthy
3574,Warrior-500i,33.92834188876051,176.03557760701963,17.3654106058562,73.28294888499028,2026-09-22 15:28:39,1,Healthy
3575,Rogue-ET,26.870312852679966,209.63100591113334,12.260341370061765,54.286974519760825,2026-09-22 15:28:39,1,Healthy
3576,Aristo-500ix,37.01429077914298,285.9507289756872,15.93002994704415,60.906576931242675,2026-09-22 15:28:39,1,Healthy
3577,Warrior-500i,26.657365166028168,191.8707062061997,17.75997432124335,54.509982241524526,2026-09-22 15:33:39,1,Healthy
3578,Rogue-ET,26.246549123114406,283.31102397890487,13.44387432417471,69.49432326586711,2026-09-22 15:33:39,1,Healthy
3579,Aristo-500ix,28.284050295390294,285.33907483703615,10.07416796154275,52.78710139657785,2026-09-22 15:33:39,1,Healthy
3580,Warrior-500i,36.640125853817594,258.56946719499945,11.048765556165005,54.962224344774995,2026-09-22 15:38:39,1,Healthy
3581,Rogue-ET,35.32053409733689,219.68909280848703,13.143981402466538,69.04500743879687,2026-09-22 15:38:39,1,Healthy
3582,Aristo-500ix,25.61611151519544,252.1296495043668,17.210565251770937,61.980639687612054,2026-09-22 15:38:39,1,Healthy
3583,Warrior-500i,37.93689137242251,176.72904626569596,14.586633907597488,70.7188023451043,2026-09-22 15:43:39,1,Healthy
3584,Rogue-ET,31.017076432214452,201.9436209465145,13.672329484740724,55.85821958260111,2026-09-22 15:43:39,1,Healthy
3585,Aristo-500ix,32.90029465495623,167.51913393564695,17.35643449653418,48.74203942260652,2026-09-22 15:43:39,1,Healthy
3586,Warrior-500i,22.310023691518385,208.4706587434775,15.937344532912675,51.428659745775576,2026-09-22 15:48:39,1,Healthy
3587,Rogue-ET,28.904586314057138,172.05605235357933,11.812719082892196,64.67032891711261,2026-09-22 15:48:39,1,Healthy
3588,Aristo-500ix,29.028627443999408,156.52860480342483,14.96605970262997,70.70492704102975,2026-09-22 15:48:39,1,Healthy
3589,Warrior-500i,33.367530350503564,245.39497468684795,15.334522931665767,47.09616611837821,2026-09-22 15:53:39,1,Healthy
3590,Rogue-ET,34.83673745756042,253.6529455368543,14.173431632336765,55.461733924425886,2026-09-22 15:53:39,1,Healthy
3591,Aristo-500ix,27.165166382254007,292.0689943375125,13.314407299104744,63.486714467660846,2026-09-22 15:53:39,1,Healthy
3592,Warrior-500i,36.64922131706006,284.7083879519714,17.726956809284793,55.01891349052514,2026-09-22 15:58:39,1,Healthy
3593,Rogue-ET,35.34290815892213,219.25178707083944,16.03349046997553,66.57853597973534,2026-09-22 15:58:39,1,Healthy
3594,Aristo-500ix,25.730817626734286,280.2279589678541,10.012336855337558,69.3082048316931,2026-09-22 15:58:39,1,Healthy
3595,Warrior-500i,24.71537565391666,180.44141741707233,15.237760646933957,65.47491598555776,2026-09-22 16:03:39,1,Healthy
3596,Rogue-ET,25.351119756713373,191.15315151131136,17.240588381349646,67.30284137588946,2026-09-22 16:03:39,1,Healthy
3597,Aristo-500ix,30.015890702537625,224.6985266662336,17.080598672415853,64.32686328617426,2026-09-22 16:03:39,1,Healthy
3598,Warrior-500i,23.743807819126566,278.99403019641557,11.517721858938689,63.50611614238349,2026-09-22 16:08:39,1,Healthy
3599,Rogue-ET,33.83374804864395,203.74064418504815,10.110162314102727,65.88192628688492,2026-09-22 16:08:39,1,Healthy
3600,Aristo-500ix,30.944736135870393,231.7301469300183,12.396017838747813,70.17470111354125,2026-09-22 16:08:39,1,Healthy
3601,Warrior-500i,23.108586347663383,266.10600407773177,13.10307075876591,59.3429197807136,2026-09-22 16:13:39,1,Healthy
3602,Rogue-ET,22.020478158822115,246.1933999333272,16.061799285318394,56.28298706099551,2026-09-22 16:13:39,1,Healthy
3603,Aristo-500ix,31.38304668721101,221.25554082708447,15.710840416263812,52.306256094801974,2026-09-22 16:13:39,1,Healthy
3604,Warrior-500i,27.84511881687656,288.54660855912834,13.412684694386769,50.16881985620506,2026-09-22 16:18:39,1,Healthy
3605,Rogue-ET,28.11996752148943,160.71187760506916,14.170425078797322,69.77808602243893,2026-09-22 16:18:39,1,Healthy
3606,Aristo-500ix,32.851076630900515,206.3036945257447,10.352062689776602,66.95578533509718,2026-09-22 16:18:39,1,Healthy
3607,Warrior-500i,25.08803368621745,256.9733891152082,16.538015985053146,57.93410149671346,2026-09-22 16:23:39,1,Healthy
3608,Rogue-ET,37.368703014888915,254.90249290862158,15.706534900464662,59.0250077986466,2026-09-22 16:23:39,1,Healthy
3609,Aristo-500ix,23.256064224842692,184.1518015132931,13.985495495565097,45.590318300883176,2026-09-22 16:23:39,1,Healthy
3610,Warrior-500i,27.03682370929464,221.1091099969803,16.193768138511413,68.8140537182934,2026-09-22 16:28:39,1,Healthy
3611,Rogue-ET,35.86561603800919,173.06759806330135,17.330656640315166,51.639477709528684,2026-09-22 16:28:39,1,Healthy
3612,Aristo-500ix,23.12718726555166,203.62500486688998,13.122827351546,54.532472888801536,2026-09-22 16:28:39,1,Healthy
3613,Warrior-500i,22.398545734971044,291.37625497197837,10.43388835044691,63.54396179875005,2026-09-22 16:33:39,1,Healthy
3614,Rogue-ET,37.88326292381246,283.9750022278813,12.185560365025864,53.08313197972194,2026-09-22 16:33:39,1,Healthy
3615,Aristo-500ix,30.060299628973667,283.51591850578563,10.642636966214194,51.314757573646006,2026-09-22 16:33:39,1,Healthy
3616,Warrior-500i,26.94372418526684,170.44756690424305,12.597735874363618,62.5021120483368,2026-09-22 16:38:39,1,Healthy
3617,Rogue-ET,23.673059860479434,238.51294131313287,17.027117342357485,52.61880588802673,2026-09-22 16:38:39,1,Healthy
3618,Aristo-500ix,34.9128020637458,282.4702540507173,13.279581003082363,61.99877976770954,2026-09-22 16:38:39,1,Healthy
3619,Warrior-500i,26.305773912096576,291.07617728451646,11.427629408805885,45.01820605171112,2026-09-22 16:43:39,1,Healthy
3620,Rogue-ET,23.643955378033926,195.44426174842042,17.587861384928743,74.23030767705325,2026-09-22 16:43:39,1,Healthy
3621,Aristo-500ix,29.257962611929752,250.14283775563598,16.00554155065833,72.43529171828868,2026-09-22 16:43:39,1,Healthy
3622,Warrior-500i,32.523924851333035,297.58700770108845,14.864619002181087,50.73859236440685,2026-09-22 16:48:39,1,Healthy
3623,Rogue-ET,30.5225080716466,299.178245184151,15.411525304086563,68.10924260769553,2026-09-22 16:48:39,1,Healthy
3624,Aristo-500ix,33.03925846828542,167.17234578200038,12.53997441459371,56.712427765802076,2026-09-22 16:48:39,1,Healthy
3625,Warrior-500i,26.903914435009057,228.06440094061247,14.275094657966916,60.43230799324257,2026-09-22 16:53:39,1,Healthy
3626,Rogue-ET,31.806764891945747,269.9964441460034,15.373202138124336,69.19006171285442,2026-09-22 16:53:39,1,Healthy
3627,Aristo-500ix,22.767738572717263,153.2968423568063,12.463734869285446,64.18284625815076,2026-09-22 16:53:39,1,Healthy
3628,Warrior-500i,24.175899494000397,297.4653776755728,12.237838885777844,56.5098016672885,2026-09-22 16:58:39,1,Healthy
3629,Rogue-ET,26.213412703320888,294.92256286679276,12.925078093571079,66.25835055828352,2026-09-22 16:58:39,1,Healthy
3630,Aristo-500ix,25.30712907756829,286.25654062691956,12.370585677098923,62.07602442079103,2026-09-22 16:58:39,1,Healthy
3631,Warrior-500i,27.777844374154366,169.63675141207418,15.02865130123709,55.183848315330344,2026-09-22 17:03:39,1,Healthy
3632,Rogue-ET,27.026546100425556,278.65499932100965,13.201170639855562,65.21551924632786,2026-09-22 17:03:39,1,Healthy
3633,Aristo-500ix,26.532251524151164,286.2534012174726,14.561547148179601,74.6294940186594,2026-09-22 17:03:39,1,Healthy
3634,Warrior-500i,35.371831175464344,193.55636813862924,14.638210107760464,51.02061654763166,2026-09-22 17:08:39,1,Healthy
3635,Rogue-ET,27.35495777096444,255.62456172446684,15.189567537346328,57.003115089800694,2026-09-22 17:08:39,1,Healthy
3636,Aristo-500ix,25.929404345077245,165.3272518014151,13.836666953480364,58.581361154758014,2026-09-22 17:08:39,1,Healthy
3637,Warrior-500i,36.900467634678265,295.4237677978977,12.867811964774052,74.44030582433832,2026-09-22 17:13:39,1,Healthy
3638,Rogue-ET,26.111503848918396,262.7495149899302,15.938901768354782,55.14176217267011,2026-09-22 17:13:39,1,Healthy
3639,Aristo-500ix,27.88747174368718,243.8482150970853,10.030831774372441,46.24411550795363,2026-09-22 17:13:39,1,Healthy
3640,Warrior-500i,27.723613376182094,280.0249158549761,14.329379588729589,58.28731149650657,2026-09-22 17:18:39,1,Healthy
3641,Rogue-ET,28.380513583280017,205.05411044865792,11.128208234978477,55.24114376181841,2026-09-22 17:18:39,1,Healthy
3642,Aristo-500ix,32.44262674688473,220.80751687784132,13.625103674147553,67.45531301155812,2026-09-22 17:18:39,1,Healthy
3643,Warrior-500i,28.949821491769896,282.471565435731,16.16733290452971,46.600647985690244,2026-09-22 17:23:39,1,Healthy
3644,Rogue-ET,26.542194424879053,207.32300187743374,11.154725342564385,52.02480601168415,2026-09-22 17:23:39,1,Healthy
3645,Aristo-500ix,34.523588087213284,165.55809659108422,15.35211108711625,65.18011794452045,2026-09-22 17:23:39,1,Healthy
3646,Warrior-500i,27.920862862451784,284.6041554386726,11.730889543132427,66.3299604935045,2026-09-22 17:28:39,1,Healthy
3647,Rogue-ET,28.19598602164718,217.3574265582016,13.338099606096968,51.88144626761455,2026-09-22 17:28:39,1,Healthy
3648,Aristo-500ix,30.17693691922724,175.89040506178986,17.740344454167214,59.056116664159546,2026-09-22 17:28:39,1,Healthy
3649,Warrior-500i,34.76155796099712,222.30506793602808,16.70036270038358,48.9523758985711,2026-09-22 17:33:39,1,Healthy
3650,Rogue-ET,34.80966066806771,150.66150040298086,16.677870910156003,69.4147380702779,2026-09-22 17:33:39,1,Healthy
3651,Aristo-500ix,25.746298828899157,199.3283555366403,12.433044314057176,73.40087422229436,2026-09-22 17:33:39,1,Healthy
3652,Warrior-500i,27.855264168749166,279.58544089843383,14.011233681631479,57.663999575236915,2026-09-22 17:38:39,1,Healthy
3653,Rogue-ET,34.90538704594936,246.60929219175927,15.329172326895344,68.11364653395806,2026-09-22 17:38:39,1,Healthy
3654,Aristo-500ix,34.28581129163487,208.57826593645555,10.514165531848851,51.22333421494991,2026-09-22 17:38:39,1,Healthy
3655,Warrior-500i,29.07996325418239,298.44756303340193,16.602161778415855,53.091109440056506,2026-09-22 17:43:39,1,Healthy
3656,Rogue-ET,31.246941038371176,181.65501663215846,11.633662964408519,49.27484851113081,2026-09-22 17:43:39,1,Healthy
3657,Aristo-500ix,37.961992044503944,213.76884913081074,12.582460316748595,63.08388232894177,2026-09-22 17:43:39,1,Healthy
3658,Warrior-500i,22.260981012000183,185.38643445508168,14.25977219908973,47.130067754635476,2026-09-22 17:48:39,1,Healthy
3659,Rogue-ET,23.214653920747878,159.7093878778143,13.454048083197748,58.45084283379937,2026-09-22 17:48:39,1,Healthy
3660,Aristo-500ix,25.26172117309823,188.6778073583054,14.749198025765489,52.22055208902198,2026-09-22 17:48:39,1,Healthy
3661,Warrior-500i,35.22492254305093,282.87537987475656,13.147719096168817,69.12422096598215,2026-09-22 17:53:39,1,Healthy
3662,Rogue-ET,30.180935219049438,197.01178184659125,13.705392951067191,71.24077555120903,2026-09-22 17:53:39,1,Healthy
3663,Aristo-500ix,31.55311877081656,242.19480929308017,15.996933255687562,56.49157319539379,2026-09-22 17:53:39,1,Healthy
3664,Warrior-500i,28.011572314632268,213.97337379620276,13.782417641912854,45.4961366307632,2026-09-22 17:58:39,1,Healthy
3665,Rogue-ET,25.670734299719975,174.28221435165398,17.369893971597133,56.888497702396734,2026-09-22 17:58:39,1,Healthy
3666,Aristo-500ix,26.822603225161334,251.52681052786278,13.20720812035422,56.546077818367486,2026-09-22 17:58:39,1,Healthy
3667,Warrior-500i,25.68164770870885,216.2675498535005,10.596442752460348,61.11546611020407,2026-09-22 18:03:39,1,Healthy
3668,Rogue-ET,22.15638172044386,230.86151949093005,14.874345609263845,48.35731873963141,2026-09-22 18:03:39,1,Healthy
3669,Aristo-500ix,29.73251612765349,161.53182241060168,13.97519476418415,61.385052575846515,2026-09-22 18:03:39,1,Healthy
3670,Warrior-500i,23.87761903251358,161.2855962405588,12.949299144199998,52.31004920343048,2026-09-22 18:08:39,1,Healthy
3671,Rogue-ET,22.74527947747962,287.3750486993228,14.885873096931814,46.94196467339423,2026-09-22 18:08:39,1,Healthy
3672,Aristo-500ix,23.785507739762153,183.90194549380823,11.279744368065815,50.58324488541126,2026-09-22 18:08:39,1,Healthy
3673,Warrior-500i,29.143970256467924,247.29706147259148,17.905043610551793,56.98832612266624,2026-09-22 18:13:39,1,Healthy
3674,Rogue-ET,22.61990648858158,222.71729535030715,12.843702382136602,69.66863321659169,2026-09-22 18:13:39,1,Healthy
3675,Aristo-500ix,26.15482636296345,297.78864419456653,17.05754874788913,64.57663602796953,2026-09-22 18:13:39,1,Healthy
3676,Warrior-500i,22.206681678381216,239.6480748706587,17.399870311460624,59.81246075203814,2026-09-22 18:18:39,1,Healthy
3677,Rogue-ET,34.76819981943399,295.4771944257337,10.379527680166063,60.74384107343264,2026-09-22 18:18:39,1,Healthy
3678,Aristo-500ix,26.502355007645818,166.96932647169075,10.074876931695492,47.10308054918941,2026-09-22 18:18:39,1,Healthy
3679,Warrior-500i,37.40177190480461,220.96170780144058,13.260534305551431,50.21556853839391,2026-09-22 18:23:39,1,Healthy
3680,Rogue-ET,23.99469453097229,181.41734149977123,10.32146747746899,55.801100778961185,2026-09-22 18:23:39,1,Healthy
3681,Aristo-500ix,35.712460882507685,267.2098541857743,11.889989652785435,73.36752511098311,2026-09-22 18:23:39,1,Healthy
3682,Warrior-500i,28.187339147926256,165.08491753279574,11.704621538137477,49.17713921391629,2026-09-22 18:28:39,1,Healthy
3683,Rogue-ET,24.877690120611863,173.57388047957795,10.514239291751517,60.7886604359076,2026-09-22 18:28:39,1,Healthy
3684,Aristo-500ix,33.18402178429757,236.80900379518775,15.520765275753266,60.89960635402425,2026-09-22 18:28:39,1,Healthy
3685,Warrior-500i,24.882086336198093,178.73225647120884,12.37940875256341,45.871164770163304,2026-09-22 18:33:39,1,Healthy
3686,Rogue-ET,37.080023789694636,269.65956089173017,14.361885136455527,59.746331610186324,2026-09-22 18:33:39,1,Healthy
3687,Aristo-500ix,29.13483615994011,230.97643289935698,15.636330664938985,53.20164505905093,2026-09-22 18:33:39,1,Healthy
3688,Warrior-500i,34.79459190680489,286.5231917477485,16.47032643558844,61.56854392080115,2026-09-22 18:38:39,1,Healthy
3689,Rogue-ET,25.991097926514307,153.88136926352274,16.806153949198727,63.84874785635187,2026-09-22 18:38:39,1,Healthy
3690,Aristo-500ix,23.015420742394472,213.09894860602734,16.783649549717286,57.20337171692441,2026-09-22 18:38:39,1,Healthy
3691,Warrior-500i,27.34115690497144,296.92276389098436,16.10663574395361,72.80583151391582,2026-09-22 18:43:39,1,Healthy
3692,Rogue-ET,33.556384857233866,287.04978644100447,13.619020742748294,55.1066003741714,2026-09-22 18:43:39,1,Healthy
3693,Aristo-500ix,23.39487955264987,288.16966101687024,17.119869182337407,46.515635905531774,2026-09-22 18:43:39,-1,Action Required
3694,Warrior-500i,32.56259391093278,239.19429248271254,13.321211234387198,61.22332624380367,2026-09-22 18:48:39,1,Healthy
3695,Rogue-ET,37.628654522700174,214.9553340257122,12.863263934012146,57.047894915743186,2026-09-22 18:48:39,1,Healthy
3696,Aristo-500ix,27.731090878597065,212.67882478157858,11.62587625974723,57.75996002749137,2026-09-22 18:48:39,1,Healthy
3697,Warrior-500i,29.52848632253499,225.3539055095556,15.517692011647226,62.925709055246074,2026-09-22 18:53:39,1,Healthy
3698,Rogue-ET,30.988451455957254,251.6687501263631,14.771740532241225,53.38515481197829,2026-09-22 18:53:39,1,Healthy
3699,Aristo-500ix,23.958758352498535,288.5312300014103,13.393478405963688,65.10957840583549,2026-09-22 18:53:39,1,Healthy
3700,Warrior-500i,30.7233199717961,239.08307024066838,13.898349414677146,56.154658122402644,2026-09-22 18:58:39,1,Healthy
3701,Rogue-ET,27.01404115568443,158.9768245788362,14.007663614406534,65.91903796552103,2026-09-22 18:58:39,1,Healthy
3702,Aristo-500ix,33.63715402333551,231.7220897195358,17.874418364663683,59.827755658266796,2026-09-22 18:58:39,1,Healthy
3703,Warrior-500i,22.313277072133502,228.07690226583128,15.777749982102964,61.66171305537128,2026-09-22 19:03:39,1,Healthy
3704,Rogue-ET,37.58003989964965,257.33766737530334,13.252989089079874,63.31329989868777,2026-09-22 19:03:39,1,Healthy
3705,Aristo-500ix,24.77632135039375,153.27663266298163,17.153598761535495,67.07588296978275,2026-09-22 19:03:39,1,Healthy
3706,Warrior-500i,29.263201983885416,189.95681991446372,11.17137395975648,45.97730253953574,2026-09-22 19:08:39,1,Healthy
3707,Rogue-ET,30.64273158233597,287.46944208309407,16.86168326565577,59.15647337376912,2026-09-22 19:08:39,1,Healthy
3708,Aristo-500ix,25.609364068255772,251.38144968370824,10.792692681669633,45.49429735928099,2026-09-22 19:08:39,1,Healthy
3709,Warrior-500i,29.557678079569953,274.4507525404571,12.622554926744744,47.880826530491646,2026-09-22 19:13:39,1,Healthy
3710,Rogue-ET,33.897004603723,184.8966543564195,13.01948839362904,47.325346877505694,2026-09-22 19:13:39,1,Healthy
3711,Aristo-500ix,30.733232378293792,275.02622616892603,17.228056977941083,67.81245073099808,2026-09-22 19:13:39,1,Healthy
3712,Warrior-500i,32.10604539996821,184.28149866480834,11.373579775636557,58.88500170477625,2026-09-22 19:18:39,1,Healthy
3713,Rogue-ET,23.18286579489336,241.9375996393449,15.953681537257236,57.64114681397878,2026-09-22 19:18:39,1,Healthy
3714,Aristo-500ix,30.252250270426025,269.92986500431505,17.595840071479945,56.38773392084262,2026-09-22 19:18:39,1,Healthy
3715,Warrior-500i,26.730517873269747,214.74636657248107,12.764206842347871,62.736113692835566,2026-09-22 19:23:39,1,Healthy
3716,Rogue-ET,35.86710334010098,255.06542847179873,14.315893277719406,48.61876574176997,2026-09-22 19:23:39,1,Healthy
3717,Aristo-500ix,26.22367270887236,207.7037662889617,16.893373549786375,45.24642186754538,2026-09-22 19:23:39,1,Healthy
3718,Warrior-500i,30.555706827979026,199.36698870857168,11.32252607696361,63.838371063258094,2026-09-22 19:28:39,1,Healthy
3719,Rogue-ET,25.386907132545964,186.7397171805067,15.810311799113244,51.885994861508905,2026-09-22 19:28:39,1,Healthy
3720,Aristo-500ix,35.895061998561104,252.90368467872707,17.97646996432655,48.71362597760156,2026-09-22 19:28:39,1,Healthy
3721,Warrior-500i,28.92514441034951,154.69280012467266,13.637634763767377,68.3216805184837,2026-09-22 19:33:39,1,Healthy
3722,Rogue-ET,29.895097097691547,194.06484724554585,15.121271916737523,69.15718214829778,2026-09-22 19:33:39,1,Healthy
3723,Aristo-500ix,32.404369236425566,172.1616586528717,10.519059414031702,61.77458831572011,2026-09-22 19:33:39,1,Healthy
3724,Warrior-500i,26.615954331121344,222.83092464359214,10.503453419494289,59.698138787743844,2026-09-22 19:38:39,1,Healthy
3725,Rogue-ET,37.43139002971651,205.59446891493792,10.391160441484935,62.481452479845224,2026-09-22 19:38:39,1,Healthy
3726,Aristo-500ix,33.30402806238055,162.38931036241158,15.775580510737495,56.08322271759695,2026-09-22 19:38:39,1,Healthy
3727,Warrior-500i,25.232886381967866,174.22056096324349,11.967149664556732,51.32437436887087,2026-09-22 19:43:39,1,Healthy
3728,Rogue-ET,23.868224015401623,278.4672118200916,10.730558715260461,67.09904582092517,2026-09-22 19:43:39,1,Healthy
3729,Aristo-500ix,35.804638793576075,265.2857083544251,14.153196561941181,46.39330569112984,2026-09-22 19:43:39,1,Healthy
3730,Warrior-500i,26.933057582776485,243.02216587084075,16.941930575566868,73.41199411734493,2026-09-22 19:48:39,1,Healthy
3731,Rogue-ET,23.5653068634738,201.9164227885388,16.772868307224133,49.31077354800888,2026-09-22 19:48:39,1,Healthy
3732,Aristo-500ix,32.67484480346367,155.84905374251528,13.025233019210994,47.641243754462145,2026-09-22 19:48:39,1,Healthy
3733,Warrior-500i,36.050292610884384,199.58533478761427,11.20986004635807,72.53136819130944,2026-09-22 19:53:39,1,Healthy
3734,Rogue-ET,29.997691150288553,156.48323256726658,13.224970909846462,69.26837226244172,2026-09-22 19:53:39,1,Healthy
3735,Aristo-500ix,29.50890456751482,165.7305703264411,14.681703672184426,74.47876924807082,2026-09-22 19:53:39,1,Healthy
3736,Warrior-500i,31.672091885700794,285.7841169310107,16.04887041384482,50.81436838066152,2026-09-22 19:58:39,1,Healthy
3737,Rogue-ET,26.546168044118122,204.56460659026743,16.603658754959163,67.20579950510825,2026-09-22 19:58:39,1,Healthy
3738,Aristo-500ix,25.10361029300792,196.5875186412346,11.762547798145246,58.450080322869475,2026-09-22 19:58:39,1,Healthy
3739,Warrior-500i,23.916499801546934,163.0552628624086,10.358659194964808,66.14872938917301,2026-09-22 20:03:39,1,Healthy
3740,Rogue-ET,30.24489717519893,200.40452676475934,11.104486388253449,47.11432912488948,2026-09-22 20:03:39,1,Healthy
3741,Aristo-500ix,29.593711784253156,215.5105776691484,14.458988934998803,63.901898559379255,2026-09-22 20:03:39,1,Healthy
3742,Warrior-500i,29.587413160449543,171.2473912962224,14.576478036210439,54.623534229041056,2026-09-22 20:08:39,1,Healthy
3743,Rogue-ET,30.201912475699192,210.96692935992397,11.900247442691871,71.36713401177282,2026-09-22 20:08:39,1,Healthy
3744,Aristo-500ix,23.93372750975684,189.30132924479017,14.861253585312975,61.747488336992404,2026-09-22 20:08:39,1,Healthy
3745,Warrior-500i,36.88570375968187,174.96530084653867,10.16320558122252,74.67544277471222,2026-09-22 20:13:39,-1,Action Required
3746,Rogue-ET,31.66175625098463,176.32970417766649,15.876126102273158,72.99872600381565,2026-09-22 20:13:39,1,Healthy
3747,Aristo-500ix,23.68963461719801,221.29251443950687,15.286373065591182,58.863575256446445,2026-09-22 20:13:39,1,Healthy
3748,Warrior-500i,34.35660034162524,182.8410826173881,13.026919852410051,61.51372169443885,2026-09-22 20:18:39,1,Healthy
3749,Rogue-ET,23.31363364689971,217.25928985798126,16.04490339610876,48.91774067396369,2026-09-22 20:18:39,1,Healthy
3750,Aristo-500ix,36.335799446680284,197.72023701398734,17.0271650363267,68.33559978840015,2026-09-22 20:18:39,1,Healthy
3751,Warrior-500i,30.63507877670537,172.35429760702579,15.209678057769427,61.083605927048154,2026-09-22 20:23:39,1,Healthy
3752,Rogue-ET,34.26620055648936,277.67849637194877,14.27452994011976,56.15562924817578,2026-09-22 20:23:39,1,Healthy
3753,Aristo-500ix,22.628788174957513,177.48853109154834,14.075955757038269,72.93021120334208,2026-09-22 20:23:39,1,Healthy
3754,Warrior-500i,28.444250080379284,223.88718659261298,11.688888977615054,63.08086387138664,2026-09-22 20:28:39,1,Healthy
3755,Rogue-ET,36.35925188541162,234.2893001046935,16.805829560960984,65.65479352884148,2026-09-22 20:28:39,1,Healthy
3756,Aristo-500ix,33.49954535582384,296.2452597495487,11.897505046059182,49.063057429055874,2026-09-22 20:28:39,1,Healthy
3757,Warrior-500i,29.54689597304987,288.0832394565115,11.53931888366898,56.71333761989409,2026-09-22 20:33:39,1,Healthy
3758,Rogue-ET,36.27260551994041,216.777219347153,14.81654128871596,62.08453245276402,2026-09-22 20:33:39,1,Healthy
3759,Aristo-500ix,35.19308874117101,258.57504262254065,15.987534592195402,47.6554043735039,2026-09-22 20:33:39,1,Healthy
3760,Warrior-500i,24.539931179020783,275.91058558314865,14.515944493509465,74.00712134906948,2026-09-22 20:38:39,1,Healthy
3761,Rogue-ET,33.82955354675778,220.64924635919513,11.871566361181763,51.36282295119338,2026-09-22 20:38:39,1,Healthy
3762,Aristo-500ix,34.37859883966088,252.45562057325276,13.145868509528942,71.90944199930695,2026-09-22 20:38:39,1,Healthy
3763,Warrior-500i,35.13411292077668,227.1717659178594,10.729748286939042,68.81696227087973,2026-09-22 20:43:39,1,Healthy
3764,Rogue-ET,37.35899074667502,285.78895764191566,17.960163073378393,53.58310281714295,2026-09-22 20:43:39,1,Healthy
3765,Aristo-500ix,23.851517264634822,229.6880775270435,11.198420456793887,72.48306382578178,2026-09-22 20:43:39,1,Healthy
3766,Warrior-500i,23.02854989448804,192.84244904481648,11.331841250314223,58.92133794085241,2026-09-22 20:48:39,1,Healthy
3767,Rogue-ET,23.269170590633067,280.94479764546907,15.223741699510107,65.44280856042796,2026-09-22 20:48:39,1,Healthy
3768,Aristo-500ix,25.019446169605892,198.7592802073182,13.711236592369808,70.61179662919194,2026-09-22 20:48:39,1,Healthy
3769,Warrior-500i,22.67017064359943,260.2986774716627,12.662114887461174,71.37524182295246,2026-09-22 20:53:39,1,Healthy
3770,Rogue-ET,36.96625244630876,208.7222103452107,17.559119887499527,45.77928749968598,2026-09-22 20:53:39,1,Healthy
3771,Aristo-500ix,30.25079942490025,246.1533715005838,12.682101212228593,65.57409374612983,2026-09-22 20:53:39,1,Healthy
3772,Warrior-500i,27.933771990556142,229.19753125455608,15.09665635877948,66.8240175347582,2026-09-22 20:58:39,1,Healthy
3773,Rogue-ET,29.456309332481844,166.64249225596996,10.663530206855421,58.681558031997284,2026-09-22 20:58:39,1,Healthy
3774,Aristo-500ix,33.63721917822819,284.2503110214014,12.646496128584369,60.58372856688217,2026-09-22 20:58:39,1,Healthy
3775,Warrior-500i,33.91623233954653,201.64589272186333,14.260890386595607,64.40359325325805,2026-09-22 21:03:39,1,Healthy
3776,Rogue-ET,32.88857838019342,257.6144662272374,17.357665545772868,62.25426801387045,2026-09-22 21:03:39,1,Healthy
3777,Aristo-500ix,27.815487808194355,222.65060494666596,13.04661398262986,57.21429384404862,2026-09-22 21:03:39,1,Healthy
3778,Warrior-500i,34.20345371140907,268.50267060232983,16.147787768944866,48.41000118966158,2026-09-22 21:08:39,1,Healthy
3779,Rogue-ET,35.051302934071124,288.88408755562614,10.411337670442839,49.44283263643665,2026-09-22 21:08:39,1,Healthy
3780,Aristo-500ix,34.697455681443635,193.09549027222863,15.040880747087229,60.543537037280956,2026-09-22 21:08:39,1,Healthy
3781,Warrior-500i,26.625335908351175,156.59575884023874,12.120641844070672,64.73957939081531,2026-09-22 21:13:39,1,Healthy
3782,Rogue-ET,32.679794567829376,198.41419413934906,12.287884859487342,48.15401992132249,2026-09-22 21:13:39,1,Healthy
3783,Aristo-500ix,22.584449629957746,287.8857205566576,15.600208388212192,69.49578257294775,2026-09-22 21:13:39,1,Healthy
3784,Warrior-500i,23.27201718063195,281.40410143267525,16.338355849866566,47.99523747016896,2026-09-22 21:18:39,1,Healthy
3785,Rogue-ET,29.97533306300781,267.8222877561093,14.281723028846937,45.858500154304224,2026-09-22 21:18:39,1,Healthy
3786,Aristo-500ix,29.09825566699284,275.25161377209434,16.28192562511346,46.18801278525779,2026-09-22 21:18:39,1,Healthy
3787,Warrior-500i,25.125835055429146,243.77667724579396,16.821637196985304,64.76176429737644,2026-09-22 21:23:39,1,Healthy
3788,Rogue-ET,29.361987321336436,272.67763419586777,10.569155083473422,62.60522295150936,2026-09-22 21:23:39,1,Healthy
3789,Aristo-500ix,36.71168737771407,166.98505742241133,10.406902948245374,58.7405841051344,2026-09-22 21:23:39,1,Healthy
3790,Warrior-500i,37.25122165721404,164.95265812205554,16.467890381629616,59.96918387495656,2026-09-22 21:28:39,1,Healthy
3791,Rogue-ET,26.885885487561346,189.1176515295321,15.923286843489283,51.256493086935144,2026-09-22 21:28:39,1,Healthy
3792,Aristo-500ix,32.30611544589075,176.94460029497196,14.814573380175112,67.76876455665112,2026-09-22 21:28:39,1,Healthy
3793,Warrior-500i,29.887672528368917,187.83692683151511,15.008397808517579,47.539093782705415,2026-09-22 21:33:39,1,Healthy
3794,Rogue-ET,23.788509820550082,153.61655780190222,14.976080655425736,66.9654732617782,2026-09-22 21:33:39,1,Healthy
3795,Aristo-500ix,36.44805788216672,283.8708810453101,11.212780327133402,67.60214939606831,2026-09-22 21:33:39,1,Healthy
3796,Warrior-500i,24.7413422892552,209.50693395899506,12.126345348519045,67.5863665677384,2026-09-22 21:38:39,1,Healthy
3797,Rogue-ET,30.031750366551663,204.48930401960553,16.8392303895226,63.361042803164615,2026-09-22 21:38:39,1,Healthy
3798,Aristo-500ix,28.46961958831073,164.09815278486246,11.48454869228776,56.519622912738626,2026-09-22 21:38:39,1,Healthy
3799,Warrior-500i,35.97015369549328,206.9729246944239,11.442602636312095,69.21748095359632,2026-09-22 21:43:39,1,Healthy
3800,Rogue-ET,24.96622171210131,296.0862333272232,17.610878466399996,68.51031665783889,2026-09-22 21:43:39,1,Healthy
3801,Aristo-500ix,26.036867213711755,268.6968818558096,12.677407706468788,69.3660548155371,2026-09-22 21:43:39,1,Healthy
3802,Warrior-500i,25.186548794170836,153.75924716016988,13.27396438914344,66.83335869038956,2026-09-22 21:48:39,1,Healthy
3803,Rogue-ET,27.87902647652959,281.5060371159686,15.607192665079644,66.8703449664562,2026-09-22 21:48:39,1,Healthy
3804,Aristo-500ix,27.748665569234127,276.8355143324589,16.732918310724514,51.46859750266923,2026-09-22 21:48:39,1,Healthy
3805,Warrior-500i,25.670598995712133,231.75869956841552,11.959590839143978,68.14614913165374,2026-09-22 21:53:39,1,Healthy
3806,Rogue-ET,27.041151046400714,270.3020682376881,13.862734826040779,62.90978206991693,2026-09-22 21:53:39,1,Healthy
3807,Aristo-500ix,34.877933682973364,209.245368389511,17.430856246320936,60.98465934949127,2026-09-22 21:53:39,1,Healthy
3808,Warrior-500i,34.700662089035916,264.9024635760575,17.717328738722017,57.94323683393408,2026-09-22 21:58:39,1,Healthy
3809,Rogue-ET,35.62397019024409,274.30028697131957,17.58667385680578,63.16604346157648,2026-09-22 21:58:39,1,Healthy
3810,Aristo-500ix,32.00192211892272,258.2518049666804,17.750913523563938,74.96360377794339,2026-09-22 21:58:39,1,Healthy
3811,Warrior-500i,24.139923381504957,246.11755160322744,10.167127191917615,72.8501105730728,2026-09-22 22:03:39,1,Healthy
3812,Rogue-ET,33.61035670469561,261.6140928855656,16.167711309016113,56.822914582742456,2026-09-22 22:03:39,1,Healthy
3813,Aristo-500ix,28.458911172621043,282.8867515266692,17.555052556221124,48.40572361309911,2026-09-22 22:03:39,1,Healthy
3814,Warrior-500i,30.928542841274066,168.78159593845714,12.321461366290883,73.47131520263183,2026-09-22 22:08:39,1,Healthy
3815,Rogue-ET,34.98437607656229,171.34969217844463,14.037486031349577,67.58891343533446,2026-09-22 22:08:39,1,Healthy
3816,Aristo-500ix,35.49209501289781,210.88043797634805,15.175484216798719,71.66815610385413,2026-09-22 22:08:39,1,Healthy
3817,Warrior-500i,33.5253655503158,241.20681720611648,11.35451718669859,46.163581809095255,2026-09-22 22:13:39,1,Healthy
3818,Rogue-ET,22.54629299603635,276.77962000265694,17.999607533319843,56.284197777991366,2026-09-22 22:13:39,1,Healthy
3819,Aristo-500ix,28.62958593316982,173.82606159416787,11.77738129102698,62.51372777450225,2026-09-22 22:13:39,1,Healthy
3820,Warrior-500i,32.33051935945211,268.9135066503351,10.455246956829942,74.57415480689849,2026-09-22 22:18:39,1,Healthy
3821,Rogue-ET,36.33851371244419,219.0383415219543,10.084313901807104,70.45574146969126,2026-09-22 22:18:39,1,Healthy
3822,Aristo-500ix,34.87124735420059,150.83244739947202,14.720319478585079,45.63268830296743,2026-09-22 22:18:39,-1,Action Required
3823,Warrior-500i,22.273151184898303,270.74897069674216,11.276373961963296,51.704491009102625,2026-09-22 22:23:39,1,Healthy
3824,Rogue-ET,24.445532102579932,203.1474381469274,10.016390203003102,64.55146155923725,2026-09-22 22:23:39,1,Healthy
3825,Aristo-500ix,29.86103327317753,261.63131485277904,11.903577299182643,59.9558896712029,2026-09-22 22:23:39,1,Healthy
3826,Warrior-500i,35.93567654367975,180.9480469319352,14.200684420114433,51.45082794316077,2026-09-22 22:28:39,1,Healthy
3827,Rogue-ET,28.57603820010794,203.89937308070768,13.975217557288238,62.331066990884665,2026-09-22 22:28:39,1,Healthy
3828,Aristo-500ix,27.749940178366927,216.75049972914275,15.651701039099517,61.83352657838476,2026-09-22 22:28:39,1,Healthy
3829,Warrior-500i,34.16909201475155,219.14221785483667,13.863435881583381,56.984840685070075,2026-09-22 22:33:39,1,Healthy
3830,Rogue-ET,33.7707919422168,209.61425054954884,17.00753641110275,60.28484517472298,2026-09-22 22:33:39,1,Healthy
3831,Aristo-500ix,29.856352080455963,238.25907309645117,10.184411771220194,70.69409649014102,2026-09-22 22:33:39,1,Healthy
3832,Warrior-500i,25.978702887699157,164.8856807960355,11.315629070177119,58.88914229969019,2026-09-22 22:38:39,1,Healthy
3833,Rogue-ET,24.1606405686869,294.24806374493573,13.642674954208632,66.22238066490084,2026-09-22 22:38:39,1,Healthy
3834,Aristo-500ix,24.437772322673332,223.99597016762033,14.501948081889042,71.77263827648598,2026-09-22 22:38:39,1,Healthy
3835,Warrior-500i,36.68277460610049,178.20858631431807,16.255720880543652,59.8874332344512,2026-09-22 22:43:39,1,Healthy
3836,Rogue-ET,25.559757383638424,253.54457206320288,14.264824537053844,68.9944954743278,2026-09-22 22:43:39,1,Healthy
3837,Aristo-500ix,37.092699146441376,202.6145801914561,13.167154474603217,73.00554972389322,2026-09-22 22:43:39,1,Healthy
3838,Warrior-500i,35.70511096364565,151.62748381750222,16.04288957774593,62.03761579832526,2026-09-22 22:48:39,1,Healthy
3839,Rogue-ET,28.500150832549437,162.3314512225792,13.706835142987973,50.79946213744766,2026-09-22 22:48:39,1,Healthy
3840,Aristo-500ix,31.471372689641818,198.52129851859263,14.788367256802513,58.828758207007155,2026-09-22 22:48:39,1,Healthy
3841,Warrior-500i,36.54922316740657,196.41925676785024,15.128490754388295,69.52145427327838,2026-09-22 22:53:39,1,Healthy
3842,Rogue-ET,24.46195687147431,184.66119749993342,10.078768175026262,59.7204101437732,2026-09-22 22:53:39,1,Healthy
3843,Aristo-500ix,30.91024219886594,177.59761891752737,16.170443709340763,54.051183181805015,2026-09-22 22:53:39,1,Healthy
3844,Warrior-500i,26.179441151514844,265.3934405342892,15.733654008598277,47.96358293300201,2026-09-22 22:58:39,1,Healthy
3845,Rogue-ET,25.404234566073,230.80140554371803,10.691646626641214,58.07302336086951,2026-09-22 22:58:39,1,Healthy
3846,Aristo-500ix,25.939503883844992,161.41416943792007,11.961181618250361,68.44861003597585,2026-09-22 22:58:39,1,Healthy
3847,Warrior-500i,37.71580709406028,280.36450265440783,14.266897360683991,69.39000351762445,2026-09-22 23:03:39,1,Healthy
3848,Rogue-ET,30.28585079926436,264.2660839921753,17.740039692566974,74.10015491991908,2026-09-22 23:03:39,1,Healthy
3849,Aristo-500ix,28.625257035366594,153.86042537234357,12.56304464635751,57.98558685096272,2026-09-22 23:03:39,1,Healthy
3850,Warrior-500i,26.466810798989435,275.67563904616156,16.747261939514317,48.053534674899616,2026-09-22 23:08:39,1,Healthy
3851,Rogue-ET,28.938788910422623,265.30836882340304,12.600090237115406,51.92318580891926,2026-09-22 23:08:39,1,Healthy
3852,Aristo-500ix,33.92166335555048,248.41962697120596,13.64104853608699,57.61558829770295,2026-09-22 23:08:39,1,Healthy
3853,Warrior-500i,36.33904522449973,266.8752838316939,14.705131597949435,73.1408771876916,2026-09-22 23:13:39,1,Healthy
3854,Rogue-ET,35.49783810996163,243.37209583174777,14.356191154401243,64.30729727778412,2026-09-22 23:13:39,1,Healthy
3855,Aristo-500ix,36.20445979643221,232.81020430093133,16.190475616730957,50.66309286909394,2026-09-22 23:13:39,1,Healthy
3856,Warrior-500i,37.947396222104416,245.52528003726226,14.793897131419335,51.781704893487614,2026-09-22 23:18:39,1,Healthy
3857,Rogue-ET,29.671381860699356,261.3091948525053,11.974242217052248,68.8136945552618,2026-09-22 23:18:39,1,Healthy
3858,Aristo-500ix,32.662481891474805,297.75232785332105,15.439854167473026,69.35209744280283,2026-09-22 23:18:39,1,Healthy
3859,Warrior-500i,32.46252901969602,210.3534805192343,11.50696181285366,70.60795807215135,2026-09-22 23:23:39,1,Healthy
3860,Rogue-ET,26.931889473853538,282.9879434308308,13.793552224377029,56.14927453991625,2026-09-22 23:23:39,1,Healthy
3861,Aristo-500ix,30.119977960775614,297.06199070902164,17.22699626719703,67.51356439381614,2026-09-22 23:23:39,1,Healthy
3862,Warrior-500i,25.908705804520597,286.83751614449477,11.307414246329065,57.553125285306706,2026-09-22 23:28:39,1,Healthy
3863,Rogue-ET,28.060223142160957,290.5512967635127,12.089598968729192,57.61119063458226,2026-09-22 23:28:39,1,Healthy
3864,Aristo-500ix,34.99866313115256,264.904874755708,17.03724722039162,61.380496617492554,2026-09-22 23:28:39,1,Healthy
3865,Warrior-500i,33.573702174281465,167.50558016957254,13.42854691937096,73.81237952815957,2026-09-22 23:33:39,1,Healthy
3866,Rogue-ET,28.12478214839571,270.04438991460955,12.890938829976081,71.29603866706758,2026-09-22 23:33:39,1,Healthy
3867,Aristo-500ix,37.39241434520943,231.22194764159525,15.62237555928075,54.585747645000176,2026-09-22 23:33:39,1,Healthy
3868,Warrior-500i,34.88380801489508,284.11314484422303,10.94831236081911,56.34724622473475,2026-09-22 23:38:39,1,Healthy
3869,Rogue-ET,30.8884075790071,246.02701332554028,11.682142527429914,72.54320808934219,2026-09-22 23:38:39,1,Healthy
3870,Aristo-500ix,36.95076238908696,292.1446910855256,16.680743807335485,48.771918580798605,2026-09-22 23:38:39,-1,Action Required
3871,Warrior-500i,28.05170706028119,218.960202005806,14.767067849167223,56.32042856557463,2026-09-22 23:43:39,1,Healthy
3872,Rogue-ET,30.760193603977903,167.0816083572145,15.912859503190703,70.73919115458528,2026-09-22 23:43:39,1,Healthy
3873,Aristo-500ix,26.58962100945969,224.3517512289844,15.104911880064527,65.39309212326731,2026-09-22 23:43:39,1,Healthy
3874,Warrior-500i,35.57360030329457,203.92102802985625,14.53174868085642,60.98172049582039,2026-09-22 23:48:39,1,Healthy
3875,Rogue-ET,35.07676874870242,222.73324984772728,17.93789397026192,64.10735053560818,2026-09-22 23:48:39,1,Healthy
3876,Aristo-500ix,35.24594970461361,205.2635357646664,16.694544109865973,52.400302093015135,2026-09-22 23:48:39,1,Healthy
3877,Warrior-500i,29.6862700471461,250.51393743280317,11.649685421027042,51.64096662301912,2026-09-22 23:53:39,1,Healthy
3878,Rogue-ET,31.29449315896021,207.81645074721516,12.231815696742952,57.5897920606786,2026-09-22 23:53:39,1,Healthy
3879,Aristo-500ix,25.107200227731923,206.1514051851442,14.704252380091187,58.35729631844708,2026-09-22 23:53:39,1,Healthy
3880,Warrior-500i,36.232867886509396,287.8908489758642,13.191266873751616,56.9206387426483,2026-09-22 23:58:39,1,Healthy
3881,Rogue-ET,30.220879135414506,175.1902849511236,17.685781526746823,65.28758534541024,2026-09-22 23:58:39,1,Healthy
3882,Aristo-500ix,30.59717570760025,278.9699275725711,16.893486549669955,62.118291539578514,2026-09-22 23:58:39,1,Healthy
3883,Warrior-500i,34.601144324121,261.2036709566337,14.179513548048726,50.443461539018806,2026-09-23 00:03:39,1,Healthy
3884,Rogue-ET,37.40731535676234,195.30958195860427,12.82860469616734,67.41967270500663,2026-09-23 00:03:39,1,Healthy
3885,Aristo-500ix,25.438462901465716,256.9181918302444,13.21409877915682,64.52601285191697,2026-09-23 00:03:39,1,Healthy
3886,Warrior-500i,37.7399496628643,174.48310774600563,16.05765574320236,73.80578516254994,2026-09-23 00:08:39,1,Healthy
3887,Rogue-ET,30.53949888890753,207.1720924604326,17.301306182592718,51.63711874028035,2026-09-23 00:08:39,1,Healthy
3888,Aristo-500ix,23.415798423069287,150.565011951314,16.51494714954459,55.11391075156208,2026-09-23 00:08:39,1,Healthy
3889,Warrior-500i,35.00741034649526,176.09010733411665,15.70155996807479,74.12024885995451,2026-09-23 00:13:39,1,Healthy
3890,Rogue-ET,30.01839902360495,151.19353435405017,13.6156692528183,61.41092305723885,2026-09-23 00:13:39,1,Healthy
3891,Aristo-500ix,33.19428987936853,232.027845686163,12.475315215029232,51.651292083336166,2026-09-23 00:13:39,1,Healthy
3892,Warrior-500i,22.753650883589223,153.87773258298756,13.479477308510216,58.81374712981548,2026-09-23 00:18:39,1,Healthy
3893,Rogue-ET,33.82272995432287,259.54429675903543,16.622992430681958,66.61570373668013,2026-09-23 00:18:39,1,Healthy
3894,Aristo-500ix,29.735388683802512,203.59142268077372,15.210759523663846,59.60903667763547,2026-09-23 00:18:39,1,Healthy
3895,Warrior-500i,24.409849294284406,251.00684454982377,17.34566315718569,49.850698442063205,2026-09-23 00:23:39,1,Healthy
3896,Rogue-ET,33.29785257315234,271.713591226183,12.179439063361645,53.730685176125505,2026-09-23 00:23:39,1,Healthy
3897,Aristo-500ix,37.1380984614585,173.65016396497285,13.162151143798017,72.65263356170252,2026-09-23 00:23:39,1,Healthy
3898,Warrior-500i,35.72968826628875,182.35429907783174,15.17908902565937,67.36591631986987,2026-09-23 00:28:39,1,Healthy
3899,Rogue-ET,36.78899001464859,194.97924639624983,15.481308403725457,56.214445161864646,2026-09-23 00:28:39,1,Healthy
3900,Aristo-500ix,36.111299606033434,229.52984388467863,17.508050429146056,62.25837614912932,2026-09-23 00:28:39,1,Healthy
3901,Warrior-500i,28.464824941786283,277.3125219513223,13.865686432395268,59.66975532748738,2026-09-23 00:33:39,1,Healthy
3902,Rogue-ET,37.77199640939277,253.7517454662427,11.479792448184641,59.942835672402936,2026-09-23 00:33:39,1,Healthy
3903,Aristo-500ix,36.98097424745783,279.1201219634696,10.511193751781882,66.21133580521692,2026-09-23 00:33:39,1,Healthy
3904,Warrior-500i,25.60965098168581,293.87686182181005,17.893216298949127,64.69225266244048,2026-09-23 00:38:39,1,Healthy
3905,Rogue-ET,24.95373137001006,197.9300913804362,14.301302274291103,71.95596586464762,2026-09-23 00:38:39,1,Healthy
3906,Aristo-500ix,35.77405300162313,218.96275373024724,15.748634739729159,46.572129318425596,2026-09-23 00:38:39,1,Healthy
3907,Warrior-500i,34.70866851135738,236.69857554395554,16.966552656490332,68.02287038730303,2026-09-23 00:43:39,1,Healthy
3908,Rogue-ET,32.36177875409779,163.22103648038456,13.912538040469926,56.05244632334319,2026-09-23 00:43:39,1,Healthy
3909,Aristo-500ix,34.461577151731355,266.0282704910321,14.912207648641235,69.56145092305567,2026-09-23 00:43:39,1,Healthy
3910,Warrior-500i,36.912454474984116,235.41526681854825,12.645911146802582,64.25246934009967,2026-09-23 00:48:39,1,Healthy
3911,Rogue-ET,24.390716742694025,200.23926665474832,14.218095961483513,45.8587713292703,2026-09-23 00:48:39,1,Healthy
3912,Aristo-500ix,34.26976338187682,277.2783173158345,15.684840685974217,55.61482048408905,2026-09-23 00:48:39,1,Healthy
3913,Warrior-500i,25.184840973964654,190.35746677659236,10.908086908824965,58.29452008626757,2026-09-23 00:53:39,1,Healthy
3914,Rogue-ET,36.19230783765925,222.44442710915328,13.695895036463487,59.89234270278308,2026-09-23 00:53:39,1,Healthy
3915,Aristo-500ix,28.590897837659924,171.21519721368867,11.462723950912842,66.91815264257896,2026-09-23 00:53:39,1,Healthy
3916,Warrior-500i,22.252506750191174,199.92924728048447,17.445305793902712,72.47926529889972,2026-09-23 00:58:39,1,Healthy
3917,Rogue-ET,24.99858032663201,169.9353760844884,17.983664192759075,74.82136940682197,2026-09-23 00:58:39,1,Healthy
3918,Aristo-500ix,23.420300581141476,179.04471343837918,11.858211736344373,71.39084573460596,2026-09-23 00:58:39,1,Healthy
3919,Warrior-500i,24.113434548459477,215.58975704334742,14.499500534219942,50.43189556935336,2026-09-23 01:03:39,1,Healthy
3920,Rogue-ET,28.312376392889384,262.0244818728013,13.693274191661462,57.874970179001,2026-09-23 01:03:39,1,Healthy
3921,Aristo-500ix,24.970174647725194,220.86659022029818,10.606954373468024,70.0447387934764,2026-09-23 01:03:39,1,Healthy
3922,Warrior-500i,28.265164889575445,299.280995587299,17.768210768575976,57.92173292530559,2026-09-23 01:08:39,1,Healthy
3923,Rogue-ET,32.26179285486712,266.5290408967129,13.119393890640826,69.30322159423136,2026-09-23 01:08:39,1,Healthy
3924,Aristo-500ix,35.97619472886514,262.2078513801252,15.200133140467132,48.684033778001556,2026-09-23 01:08:39,1,Healthy
3925,Warrior-500i,27.845037747384144,263.60431621412124,15.665697055949344,67.21289262395557,2026-09-23 01:13:39,1,Healthy
3926,Rogue-ET,27.474596500574062,280.2759454441307,11.701370327742666,67.00997232244428,2026-09-23 01:13:39,1,Healthy
3927,Aristo-500ix,23.628917137565757,164.92294098683107,16.057114431860704,72.35348622459131,2026-09-23 01:13:39,1,Healthy
3928,Warrior-500i,23.7367133007236,184.0990428767917,16.680929924981356,50.07716051173742,2026-09-23 01:18:39,1,Healthy
3929,Rogue-ET,33.42173719578476,229.06288982799947,17.30746202143995,63.74450508762634,2026-09-23 01:18:39,1,Healthy
3930,Aristo-500ix,27.339406862770865,226.50474106341713,10.392220742333325,52.42206245040493,2026-09-23 01:18:39,1,Healthy
3931,Warrior-500i,24.340914350884937,253.20363038391622,10.527809188160482,47.24424780259089,2026-09-23 01:23:39,1,Healthy
3932,Rogue-ET,29.786487283843258,282.73212133218374,11.79186055650251,56.48659790225578,2026-09-23 01:23:39,1,Healthy
3933,Aristo-500ix,24.90679197027004,297.8549412171252,15.601643907992154,66.57498956795601,2026-09-23 01:23:39,1,Healthy
3934,Warrior-500i,29.43424575353923,283.55580526775384,17.86883814142868,50.7548269379441,2026-09-23 01:28:39,1,Healthy
3935,Rogue-ET,23.160188141639452,222.86894670115933,11.838670830916577,69.32319453671704,2026-09-23 01:28:39,1,Healthy
3936,Aristo-500ix,36.063219701104934,232.83833337833062,12.270616766785341,64.62321922118122,2026-09-23 01:28:39,1,Healthy
3937,Warrior-500i,34.61640225966702,265.058299478071,15.087167913373527,63.446577117996725,2026-09-23 01:33:39,1,Healthy
3938,Rogue-ET,25.88086959055422,165.5480362415775,14.904774525505822,62.63029588949996,2026-09-23 01:33:39,1,Healthy
3939,Aristo-500ix,29.2030450586895,230.96191027192202,12.946706298672627,67.2886842179529,2026-09-23 01:33:39,1,Healthy
3940,Warrior-500i,28.936097697389428,176.58948525453064,17.20071746728736,55.670378331274016,2026-09-23 01:38:39,1,Healthy
3941,Rogue-ET,37.702140531141104,288.95977328166873,13.425251153546576,65.54351820754046,2026-09-23 01:38:39,1,Healthy
3942,Aristo-500ix,31.482438667772854,173.67576649989894,10.046326948359859,62.94838708090125,2026-09-23 01:38:39,1,Healthy
3943,Warrior-500i,28.568946820387595,172.5249222449452,10.258620625682177,62.92453364609622,2026-09-23 01:43:39,1,Healthy
3944,Rogue-ET,37.98505242089734,221.99888548849032,17.100518698806916,50.28832038339064,2026-09-23 01:43:39,1,Healthy
3945,Aristo-500ix,27.301189564226323,254.87343098086015,10.85272602161534,45.995581245624905,2026-09-23 01:43:39,1,Healthy
3946,Warrior-500i,37.52421030141421,154.31314447977175,10.777825299332019,59.36592757202787,2026-09-23 01:48:39,1,Healthy
3947,Rogue-ET,29.850963435476636,221.99286811302966,17.020091502835363,72.83153683880141,2026-09-23 01:48:39,1,Healthy
3948,Aristo-500ix,36.185129287645275,217.1056712100703,14.620647583135632,63.406528361025316,2026-09-23 01:48:39,1,Healthy
3949,Warrior-500i,25.491735481208014,160.1041674519087,14.149580331962856,54.13258372811599,2026-09-23 01:53:39,1,Healthy
3950,Rogue-ET,29.18995636829751,283.75288652699203,16.91079510015258,65.17022346244605,2026-09-23 01:53:39,1,Healthy
3951,Aristo-500ix,36.931335713261,277.21543050672966,17.40661728199407,47.61924318666106,2026-09-23 01:53:39,1,Healthy
3952,Warrior-500i,22.190208229513658,299.5770685360178,16.883830598251986,69.6896122561265,2026-09-23 01:58:39,-1,Action Required
3953,Rogue-ET,23.16001072190503,201.47449859911575,12.797911708959099,54.344408992895225,2026-09-23 01:58:39,1,Healthy
3954,Aristo-500ix,34.470756255203966,221.40797882408353,13.693711871822476,62.167242071604,2026-09-23 01:58:39,1,Healthy
3955,Warrior-500i,27.91917652208117,269.8230616421637,10.784768601720309,69.08583895680763,2026-09-23 02:03:39,1,Healthy
3956,Rogue-ET,31.36892196488845,282.7398296881886,12.133554543511796,57.13361090761643,2026-09-23 02:03:39,1,Healthy
3957,Aristo-500ix,34.867692651405086,219.73642801218472,14.633754643762535,51.21043460579223,2026-09-23 02:03:39,1,Healthy
3958,Warrior-500i,35.65908959542639,178.899095920832,15.378057608506829,65.66897845112108,2026-09-23 02:08:39,1,Healthy
3959,Rogue-ET,28.3000748502366,192.7847053378303,16.920132791874835,61.06257049325069,2026-09-23 02:08:39,1,Healthy
3960,Aristo-500ix,31.974716964582,164.37935580454365,17.533407679275,72.01408284110144,2026-09-23 02:08:39,1,Healthy
3961,Warrior-500i,23.55373856648371,196.6712769351261,10.171312696659868,74.6387812076602,2026-09-23 02:13:39,1,Healthy
3962,Rogue-ET,36.25285452852578,191.63157380103365,13.49102660574227,69.76537662759162,2026-09-23 02:13:39,1,Healthy
3963,Aristo-500ix,36.739751876258914,281.4798674594139,15.619675105988394,68.56445789043299,2026-09-23 02:13:39,1,Healthy
3964,Warrior-500i,25.288059000315442,275.02667843482135,12.373646415567498,55.441405541175556,2026-09-23 02:18:39,1,Healthy
3965,Rogue-ET,26.0148808388166,272.37888543439044,13.2768434343102,53.71662540011505,2026-09-23 02:18:39,1,Healthy
3966,Aristo-500ix,29.729883561381698,222.22937742378986,16.068244367578398,58.44397855467021,2026-09-23 02:18:39,1,Healthy
3967,Warrior-500i,27.170235348788392,284.048519331153,14.37600607622095,53.06485761780834,2026-09-23 02:23:39,1,Healthy
3968,Rogue-ET,25.11046128039714,245.49821277172492,10.712541529599573,50.460649531877024,2026-09-23 02:23:39,1,Healthy
3969,Aristo-500ix,23.19410893001593,221.35832654152662,10.65018041272251,50.55451817895359,2026-09-23 02:23:39,1,Healthy
3970,Warrior-500i,29.963099324108157,150.4087905161498,16.974680660344866,51.945314371306004,2026-09-23 02:28:39,1,Healthy
3971,Rogue-ET,36.80356836555024,289.3596860406186,11.634502374098528,56.232915537524235,2026-09-23 02:28:39,1,Healthy
3972,Aristo-500ix,37.64763322386203,284.54739436475313,12.15289446292702,66.30663418136767,2026-09-23 02:28:39,1,Healthy
3973,Warrior-500i,26.40577980245392,248.05289774202924,17.024626081848343,46.46281038247817,2026-09-23 02:33:39,1,Healthy
3974,Rogue-ET,35.31377316402579,165.92197488640673,16.423820468417077,56.058287176086736,2026-09-23 02:33:39,1,Healthy
3975,Aristo-500ix,29.590241657041894,205.737848924604,13.972789199262975,66.06475984010773,2026-09-23 02:33:39,1,Healthy
3976,Warrior-500i,36.37626681092638,277.19810423047295,10.029882660699549,71.11241759320588,2026-09-23 02:38:39,1,Healthy
3977,Rogue-ET,33.287583049383656,230.45830063776168,16.711274392520856,55.207310070556524,2026-09-23 02:38:39,1,Healthy
3978,Aristo-500ix,27.52873253381722,159.9789101817953,11.022582032276228,64.86904405060567,2026-09-23 02:38:39,1,Healthy
3979,Warrior-500i,31.03902953336128,220.28297809520592,17.428380560203642,60.588224651871215,2026-09-23 02:43:39,1,Healthy
3980,Rogue-ET,32.88154699349605,203.54530578968163,13.602869426233774,58.299168933460294,2026-09-23 02:43:39,1,Healthy
3981,Aristo-500ix,29.43919390149295,230.22809266863882,11.808050209947858,48.60452804206822,2026-09-23 02:43:39,1,Healthy
3982,Warrior-500i,29.613001415129673,188.7796870224518,13.400955749895855,50.86312742662268,2026-09-23 02:48:39,1,Healthy
3983,Rogue-ET,29.85611864750107,160.7787892888808,12.85463302579871,48.93276211639017,2026-09-23 02:48:39,1,Healthy
3984,Aristo-500ix,37.78149093409362,192.53014145862264,10.794766382929666,67.8306638029095,2026-09-23 02:48:39,1,Healthy
3985,Warrior-500i,25.10839652013292,200.95940662534136,16.45056725048103,60.62231466983312,2026-09-23 02:53:39,1,Healthy
3986,Rogue-ET,32.23930292201278,268.53455611401137,15.394518589692094,49.21841834992671,2026-09-23 02:53:39,1,Healthy
3987,Aristo-500ix,35.95674030490713,288.4537407736726,17.773028988837275,57.68501664967622,2026-09-23 02:53:39,1,Healthy
3988,Warrior-500i,30.079575574859724,150.72360189360325,16.250006460144878,49.13990616089516,2026-09-23 02:58:39,1,Healthy
3989,Rogue-ET,27.94770852643432,245.57221423066866,10.225705806716924,52.76835983238327,2026-09-23 02:58:39,1,Healthy
3990,Aristo-500ix,29.790019807251774,230.3875742682411,12.206674760677116,67.21957039999242,2026-09-23 02:58:39,1,Healthy
3991,Warrior-500i,37.232801269820875,184.79085403671127,17.38119494819118,62.64228918365387,2026-09-23 03:03:39,1,Healthy
3992,Rogue-ET,22.249930983243953,154.39622572165123,10.046783568638958,72.18409825640377,2026-09-23 03:03:39,-1,Action Required
3993,Aristo-500ix,22.481577885420904,159.27428450568786,11.378742913960298,63.12813454373075,2026-09-23 03:03:39,1,Healthy
3994,Warrior-500i,27.79927955140564,228.0335175761847,17.95750443328162,70.01611709841906,2026-09-23 03:08:39,1,Healthy
3995,Rogue-ET,32.70662284838712,239.15320020301718,11.480074282856595,61.33470985859201,2026-09-23 03:08:39,1,Healthy
3996,Aristo-500ix,26.341527816833988,151.88688631466016,16.151497584564744,74.70821806783331,2026-09-23 03:08:39,1,Healthy
3997,Warrior-500i,37.152406328454134,184.65515581166568,13.56538723503831,54.94354498978565,2026-09-23 03:13:39,1,Healthy
3998,Rogue-ET,30.981145674060294,207.5979440718928,17.25751340551478,66.87562060657915,2026-09-23 03:13:39,1,Healthy
3999,Aristo-500ix,37.53041159121338,270.92390079954737,12.033240555387543,49.06051683945377,2026-09-23 03:13:39,1,Healthy
4000,Warrior-500i,28.288967424130092,174.96552718750115,13.316011037967776,63.29564499389683,2026-09-23 03:18:39,1,Healthy
4001,Rogue-ET,24.940714541092667,290.5581650963031,14.689109311894692,50.21241755978454,2026-09-23 03:18:39,1,Healthy
4002,Aristo-500ix,25.044895800724973,208.38237068880844,12.398096709411462,61.19912855482252,2026-09-23 03:18:39,1,Healthy
4003,Warrior-500i,27.326997068640903,196.176837163035,12.28338616859181,53.68559597975192,2026-09-23 03:23:39,1,Healthy
4004,Rogue-ET,25.80917318861499,163.82368355577827,17.06591451670763,58.947209928718024,2026-09-23 03:23:39,1,Healthy
4005,Aristo-500ix,23.8012715244867,213.01345704148662,12.542577450064979,45.77310750121999,2026-09-23 03:23:39,1,Healthy
4006,Warrior-500i,32.45997771011639,285.23306556685293,10.383889974030222,53.60382033369844,2026-09-23 03:28:39,1,Healthy
4007,Rogue-ET,24.11316360996456,194.97972383027218,15.113152971985244,54.59535677944842,2026-09-23 03:28:39,1,Healthy
4008,Aristo-500ix,36.25570044439973,252.44814555349478,17.52397481418015,63.25426314152533,2026-09-23 03:28:39,1,Healthy
4009,Warrior-500i,27.867848321380208,155.2766047650355,12.437777080620982,58.16000801412743,2026-09-23 03:33:39,1,Healthy
4010,Rogue-ET,30.587307153867904,153.79966884525743,16.05777833860701,55.39274659883748,2026-09-23 03:33:39,1,Healthy
4011,Aristo-500ix,32.536544142422834,170.54721837141162,17.048660949299094,56.390092890589315,2026-09-23 03:33:39,1,Healthy
4012,Warrior-500i,36.350354487398164,272.485002446208,12.605540817539254,62.6170006849449,2026-09-23 03:38:39,1,Healthy
4013,Rogue-ET,24.05113293020951,202.61852669125193,11.999934533012006,63.19037564940082,2026-09-23 03:38:39,1,Healthy
4014,Aristo-500ix,32.75098510016419,237.44700570334618,11.371620756477263,52.55980038662618,2026-09-23 03:38:39,1,Healthy
4015,Warrior-500i,27.142595865329127,298.9202851932449,16.858655353621646,60.48760558754755,2026-09-23 03:43:39,1,Healthy
4016,Rogue-ET,33.99031302449972,240.16758479197867,11.38237282792522,64.54430421260813,2026-09-23 03:43:39,1,Healthy
4017,Aristo-500ix,29.879877791766816,215.6191367657301,16.908601605297143,57.627455377659686,2026-09-23 03:43:39,1,Healthy
4018,Warrior-500i,23.35215990340201,178.3530705491525,15.89337519805854,45.05719430080713,2026-09-23 03:48:39,1,Healthy
4019,Rogue-ET,33.005630519544184,255.87032260273446,13.633280915356213,62.56678542392017,2026-09-23 03:48:39,1,Healthy
4020,Aristo-500ix,27.714958621310366,167.5588560789771,16.307829652582225,69.30127996596731,2026-09-23 03:48:39,1,Healthy
4021,Warrior-500i,26.399676202587294,164.45393354703498,17.128518153080368,56.47348468800241,2026-09-23 03:53:39,1,Healthy
4022,Rogue-ET,22.80481658401111,287.52419511776293,13.788537094206674,45.99221797380794,2026-09-23 03:53:39,1,Healthy
4023,Aristo-500ix,35.18435314947109,271.3988931797261,17.277728572540976,48.17986701693671,2026-09-23 03:53:39,1,Healthy
4024,Warrior-500i,24.906914876845725,191.0796859312665,13.780419388035831,65.83533476883578,2026-09-23 03:58:39,1,Healthy
4025,Rogue-ET,36.535995042866716,248.1428807657302,15.790136163147746,52.493252764446524,2026-09-23 03:58:39,1,Healthy
4026,Aristo-500ix,37.60001595890456,230.63590300978439,12.4514348550204,60.64866552156809,2026-09-23 03:58:39,1,Healthy
4027,Warrior-500i,37.92698254817668,205.79285516110212,13.595514079352286,51.57368685867804,2026-09-23 04:03:39,1,Healthy
4028,Rogue-ET,24.245751436067494,173.32939792239472,17.877054543066635,70.73556556853565,2026-09-23 04:03:39,1,Healthy
4029,Aristo-500ix,36.46638840693343,230.96006990606037,17.173098472275843,61.160291891304325,2026-09-23 04:03:39,1,Healthy
4030,Warrior-500i,33.16894346724817,204.09628525678988,17.648565040358847,64.44245184470289,2026-09-23 04:08:39,1,Healthy
4031,Rogue-ET,23.694286219121366,249.89646587591716,12.10386133593245,68.77159117054815,2026-09-23 04:08:39,1,Healthy
4032,Aristo-500ix,36.13752641646194,250.85967199044953,17.60749964381,66.97541527486624,2026-09-23 04:08:39,1,Healthy
4033,Warrior-500i,24.805206280794874,271.54825535690736,16.750085303749223,69.76418249553225,2026-09-23 04:13:39,1,Healthy
4034,Rogue-ET,31.984454645723382,203.5106392081097,14.224029070678693,52.616608962932304,2026-09-23 04:13:39,1,Healthy
4035,Aristo-500ix,33.02412838306863,155.4369627086368,17.404454970073694,48.55435958187816,2026-09-23 04:13:39,1,Healthy
4036,Warrior-500i,32.902559844569815,185.62091133038203,11.859992101736196,69.85976622567155,2026-09-23 04:18:39,1,Healthy
4037,Rogue-ET,34.64803661658785,274.27068369558685,10.204163628131793,63.0608622811386,2026-09-23 04:18:39,1,Healthy
4038,Aristo-500ix,22.183835815585695,221.09025719437253,12.667133658336041,48.73652531343085,2026-09-23 04:18:39,1,Healthy
4039,Warrior-500i,30.70529108102906,156.44379434314374,15.33771482021405,57.04020583749789,2026-09-23 04:23:39,1,Healthy
4040,Rogue-ET,34.560589145602044,296.48080806671396,12.666783503358626,63.602049832181436,2026-09-23 04:23:39,1,Healthy
4041,Aristo-500ix,34.225482807094465,156.56434418259187,10.067521636256556,47.926394446015166,2026-09-23 04:23:39,-1,Action Required
4042,Warrior-500i,30.06411150666983,219.70931230384565,11.918926377206507,49.07004065459872,2026-09-23 04:28:39,1,Healthy
4043,Rogue-ET,37.367542990982514,234.5792354629589,11.952825811599102,58.899756361367004,2026-09-23 04:28:39,1,Healthy
4044,Aristo-500ix,28.012943767086064,258.15621067063995,10.153332140150365,54.669852294745674,2026-09-23 04:28:39,1,Healthy
4045,Warrior-500i,30.97539854143959,293.3505963854177,11.33058053510979,68.08486297138498,2026-09-23 04:33:39,1,Healthy
4046,Rogue-ET,34.43723087627193,195.96431231192759,13.172844296632885,53.94885553282385,2026-09-23 04:33:39,1,Healthy
4047,Aristo-500ix,28.213220841165786,187.21387844504974,14.127014593993085,55.04551337944544,2026-09-23 04:33:39,1,Healthy
4048,Warrior-500i,34.11649571396208,210.76118742061948,12.782740983792909,48.202309841734326,2026-09-23 04:38:39,1,Healthy
4049,Rogue-ET,28.745426671762267,273.24898476682813,14.818642533194723,68.02984497653839,2026-09-23 04:38:39,1,Healthy
4050,Aristo-500ix,34.99146891525617,257.4334722605508,12.954712722871939,57.36173671744577,2026-09-23 04:38:39,1,Healthy
4051,Warrior-500i,28.24751341070455,264.26837078533634,10.432805812938149,63.162842421997,2026-09-23 04:43:39,1,Healthy
4052,Rogue-ET,23.381292370709055,207.34904217146263,16.324360933805956,54.97995608557918,2026-09-23 04:43:39,1,Healthy
4053,Aristo-500ix,26.778161142383205,229.80164985137412,15.389229297268336,58.2683313686626,2026-09-23 04:43:39,1,Healthy
4054,Warrior-500i,30.513142678808563,197.84176921312982,12.467147312850752,52.339231311082,2026-09-23 04:48:39,1,Healthy
4055,Rogue-ET,31.284233382749342,197.4497761790055,13.896386933095862,53.95021554347531,2026-09-23 04:48:39,1,Healthy
4056,Aristo-500ix,27.98804716160391,294.1769573903297,11.299201498046102,60.300092578807615,2026-09-23 04:48:39,1,Healthy
4057,Warrior-500i,29.14389222353037,171.94108472354782,10.04292436975577,49.07259626908344,2026-09-23 04:53:39,1,Healthy
4058,Rogue-ET,33.07250778046908,232.92878735973153,10.481381853910447,74.84872713498956,2026-09-23 04:53:39,1,Healthy
4059,Aristo-500ix,23.662760165293975,187.74740094510338,15.6754070350861,72.26043225241303,2026-09-23 04:53:39,1,Healthy
4060,Warrior-500i,29.313312122399246,237.57201036652486,12.064745068193972,55.69359463168625,2026-09-23 04:58:39,1,Healthy
4061,Rogue-ET,33.20120471592782,229.458534701866,16.988806850641723,49.83281002065829,2026-09-23 04:58:39,1,Healthy
4062,Aristo-500ix,24.113009961834013,266.18286042194035,12.123712209431744,73.64704084744062,2026-09-23 04:58:39,1,Healthy
4063,Warrior-500i,28.59790182863837,230.44586551966566,12.763411561390253,45.90140660218085,2026-09-23 05:03:39,1,Healthy
4064,Rogue-ET,28.029413374187463,251.0658769375342,12.311460249739469,47.950538663157744,2026-09-23 05:03:39,1,Healthy
4065,Aristo-500ix,36.59776146100769,177.31451453904413,17.45798097716861,72.60578768380817,2026-09-23 05:03:39,1,Healthy
4066,Warrior-500i,37.45288712830957,258.9251728921688,10.181806780199022,50.06280974757655,2026-09-23 05:08:39,1,Healthy
4067,Rogue-ET,37.18685201209347,173.74906147588712,13.740939762352241,71.7056267698818,2026-09-23 05:08:39,1,Healthy
4068,Aristo-500ix,22.66443440848621,218.16296213580364,11.357094143678006,71.54357616289047,2026-09-23 05:08:39,1,Healthy
4069,Warrior-500i,34.787076024530876,186.83511740978062,14.731651599700779,58.5669804813535,2026-09-23 05:13:39,1,Healthy
4070,Rogue-ET,25.983270124884193,247.03252955498925,11.580533687068176,70.15288679920391,2026-09-23 05:13:39,1,Healthy
4071,Aristo-500ix,30.61431882391846,218.27935387705975,16.100883709480794,46.8925185477393,2026-09-23 05:13:39,1,Healthy
4072,Warrior-500i,32.11598537909751,257.1497716281096,15.450096112938974,55.36112124110779,2026-09-23 05:18:39,1,Healthy
4073,Rogue-ET,33.432479237357185,180.61441427586544,17.391031531654935,50.77665256013677,2026-09-23 05:18:39,1,Healthy
4074,Aristo-500ix,22.02185739178956,196.23174783543558,12.431875771117678,74.43007541305043,2026-09-23 05:18:39,1,Healthy
4075,Warrior-500i,32.16881546393093,278.243371215205,11.195453347980028,60.44213860817539,2026-09-23 05:23:39,1,Healthy
4076,Rogue-ET,28.013146922782717,188.58624927879302,13.946469132493444,58.19280079605605,2026-09-23 05:23:39,1,Healthy
4077,Aristo-500ix,37.69573493198605,194.36648681108932,14.436336350988507,64.97073870312467,2026-09-23 05:23:39,1,Healthy
4078,Warrior-500i,36.056470346834864,262.52659927263625,11.425816641317853,66.23183267395723,2026-09-23 05:28:39,1,Healthy
4079,Rogue-ET,36.522319346376634,210.69530155798046,15.24307005382688,69.87286411480895,2026-09-23 05:28:39,1,Healthy
4080,Aristo-500ix,22.64697766995021,292.31352345940854,15.710399995300957,56.686668038971284,2026-09-23 05:28:39,1,Healthy
4081,Warrior-500i,33.2484211079522,233.94020692208977,12.273735521127223,73.07993774554862,2026-09-23 05:33:39,1,Healthy
4082,Rogue-ET,35.62813421270108,174.31192238364437,11.972705900278356,71.47129678265173,2026-09-23 05:33:39,1,Healthy
4083,Aristo-500ix,23.582302070730734,269.56833111659836,17.77065321183238,59.99346580773121,2026-09-23 05:33:39,1,Healthy
4084,Warrior-500i,22.735494415973264,251.1980220439109,10.301107152014183,59.09890418012652,2026-09-23 05:38:39,1,Healthy
4085,Rogue-ET,23.052012883086604,150.50085313234746,13.983333364252484,73.8570210871111,2026-09-23 05:38:39,-1,Action Required
4086,Aristo-500ix,35.35570607478678,196.64426567613378,14.851446567202302,62.17333776236876,2026-09-23 05:38:39,1,Healthy
4087,Warrior-500i,33.85466789006975,204.61706137578608,15.924419593213031,52.42905045950937,2026-09-23 05:43:39,1,Healthy
4088,Rogue-ET,30.309719558765728,274.669137956246,17.041275468523775,63.55685888293142,2026-09-23 05:43:39,1,Healthy
4089,Aristo-500ix,36.57018277758039,202.6259921070515,16.029094640084196,63.230836125665874,2026-09-23 05:43:39,1,Healthy
4090,Warrior-500i,31.95648177968043,166.23786829545682,16.427862190435043,46.96100927817054,2026-09-23 05:48:39,1,Healthy
4091,Rogue-ET,30.51126322847977,168.49139667850477,15.682245487112171,53.708306107032946,2026-09-23 05:48:39,1,Healthy
4092,Aristo-500ix,24.672804396708102,171.92812231856055,15.73005185252266,64.26490376831,2026-09-23 05:48:39,1,Healthy
4093,Warrior-500i,34.71143061571705,201.97347410472165,13.606879914452172,51.39815936570274,2026-09-23 05:53:39,1,Healthy
4094,Rogue-ET,23.062392421359327,151.84171268121332,17.904721941378487,74.51063772305739,2026-09-23 05:53:39,-1,Action Required
4095,Aristo-500ix,30.47150681458477,277.5329845579456,15.420192005157983,72.48929572742227,2026-09-23 05:53:39,1,Healthy
4096,Warrior-500i,23.993007475368394,232.81872400208584,10.612186233459454,58.77796361702784,2026-09-23 05:58:39,1,Healthy
4097,Rogue-ET,33.0545014642739,279.9948548095531,11.824508784847742,73.16244344480306,2026-09-23 05:58:39,1,Healthy
4098,Aristo-500ix,30.69553379385468,271.2592738398466,12.397358456070073,59.89000214289309,2026-09-23 05:58:39,1,Healthy
4099,Warrior-500i,35.034618555784064,237.29612622177942,14.620355091023185,56.1339496771617,2026-09-23 06:03:39,1,Healthy
4100,Rogue-ET,37.740988532063504,277.8177356755958,14.428465870950756,62.106217484636105,2026-09-23 06:03:39,1,Healthy
4101,Aristo-500ix,29.68833447956903,235.65508642779014,13.009081644013197,71.52668117000148,2026-09-23 06:03:39,1,Healthy
4102,Warrior-500i,28.615328951166745,151.76672372116158,12.220291207234565,73.86020820941155,2026-09-23 06:08:39,1,Healthy
4103,Rogue-ET,25.875629867605902,158.80749258327484,14.860293473686156,53.63472018104198,2026-09-23 06:08:39,1,Healthy
4104,Aristo-500ix,32.71854161682228,273.5568840580823,13.092434504539835,61.663245688911815,2026-09-23 06:08:39,1,Healthy
4105,Warrior-500i,24.867577871291243,208.5025697479434,10.719608026090178,56.58730165161589,2026-09-23 06:13:39,1,Healthy
4106,Rogue-ET,22.81642938915628,262.7205817387286,15.163332364504619,71.74513474735755,2026-09-23 06:13:39,1,Healthy
4107,Aristo-500ix,23.445147172362894,252.5315905787397,11.235853973160037,64.78130064319015,2026-09-23 06:13:39,1,Healthy
4108,Warrior-500i,30.649744014375333,220.1227330143813,11.544515638708553,71.16632641011591,2026-09-23 06:18:39,1,Healthy
4109,Rogue-ET,26.622152858325393,295.2929189478835,14.432823246442817,72.36175246136602,2026-09-23 06:18:39,1,Healthy
4110,Aristo-500ix,34.581287957985225,200.21557934558356,11.461621330971811,63.12938458123385,2026-09-23 06:18:39,1,Healthy
4111,Warrior-500i,34.722863278449324,177.67790359248704,13.9039117705478,64.93067028929119,2026-09-23 06:23:39,1,Healthy
4112,Rogue-ET,27.448094620854487,155.88162121123955,16.292845078195143,59.58013749207228,2026-09-23 06:23:39,1,Healthy
4113,Aristo-500ix,32.43475803629296,183.09100967360757,17.205502728258892,54.179319769591444,2026-09-23 06:23:39,1,Healthy
4114,Warrior-500i,31.17396968025725,164.76565889861791,13.667261984613866,58.34396775863415,2026-09-23 06:28:39,1,Healthy
4115,Rogue-ET,27.334410761156747,292.0137337965008,14.02371569022208,56.29963609399905,2026-09-23 06:28:39,1,Healthy
4116,Aristo-500ix,27.292081161892924,267.5190557328245,17.22999191427077,56.24269530748692,2026-09-23 06:28:39,1,Healthy
4117,Warrior-500i,30.162343763417585,176.9632817850596,13.978936705189371,55.58806322479985,2026-09-23 06:33:39,1,Healthy
4118,Rogue-ET,30.137494541567694,184.92434432908854,10.35501126657464,57.38147652462099,2026-09-23 06:33:39,1,Healthy
4119,Aristo-500ix,34.59407229618135,158.69840639161734,11.777679970662827,61.26183076946955,2026-09-23 06:33:39,1,Healthy
4120,Warrior-500i,29.901389999505994,185.3030303287169,16.73403251926133,52.566889881942494,2026-09-23 06:38:39,1,Healthy
4121,Rogue-ET,36.99763915981581,156.6097527370473,13.178639564734562,48.7109364921584,2026-09-23 06:38:39,1,Healthy
4122,Aristo-500ix,24.31198745772656,165.41623909541522,17.061452070907798,46.222904351900254,2026-09-23 06:38:39,1,Healthy
4123,Warrior-500i,24.78726683616508,293.69982624566137,12.31873553022987,55.30147796446172,2026-09-23 06:43:39,1,Healthy
4124,Rogue-ET,32.47052660866109,215.33562706976852,10.147707340722318,64.61386502541131,2026-09-23 06:43:39,1,Healthy
4125,Aristo-500ix,31.662502403338745,176.29807088225584,13.943294571300378,67.41470091183231,2026-09-23 06:43:39,1,Healthy
4126,Warrior-500i,27.584449426213382,299.96566885217567,15.564624926801688,64.47879503933216,2026-09-23 06:48:39,1,Healthy
4127,Rogue-ET,34.04771837823331,160.18653185754832,12.482666483570636,65.3637697725201,2026-09-23 06:48:39,1,Healthy
4128,Aristo-500ix,33.48070458304555,258.28463046049757,17.229786501781625,62.048395805309326,2026-09-23 06:48:39,1,Healthy
4129,Warrior-500i,25.11032491829313,181.86357797927536,17.892413270744964,64.67420038629483,2026-09-23 06:53:39,1,Healthy
4130,Rogue-ET,33.426702561024214,198.69358554465418,15.544613780059944,62.052411337983216,2026-09-23 06:53:39,1,Healthy
4131,Aristo-500ix,36.52369493362048,297.90071233890785,12.649443904568887,60.75164540424839,2026-09-23 06:53:39,1,Healthy
4132,Warrior-500i,23.073424774415635,238.70070924274623,11.61427485145277,58.468867303359715,2026-09-23 06:58:39,1,Healthy
4133,Rogue-ET,24.72960692522681,257.65213861268654,10.096012168598357,68.43854757041825,2026-09-23 06:58:39,1,Healthy
4134,Aristo-500ix,27.63865146336694,240.70148135541967,11.587357917470289,65.87722666630239,2026-09-23 06:58:39,1,Healthy
4135,Warrior-500i,22.256013352373156,262.9026664675268,10.978938977155678,68.37424711390733,2026-09-23 07:03:39,1,Healthy
4136,Rogue-ET,22.309115887916466,267.09031281193785,17.752749886992667,71.92317284566849,2026-09-23 07:03:39,1,Healthy
4137,Aristo-500ix,31.220444261390362,198.15216338401223,17.150649595099743,62.275882795403994,2026-09-23 07:03:39,1,Healthy
4138,Warrior-500i,23.62694177606899,277.497804004353,17.190765664478572,59.613542161650436,2026-09-23 07:08:39,1,Healthy
4139,Rogue-ET,32.15709198827122,259.6014766326721,10.0224916501204,60.01068806734264,2026-09-23 07:08:39,1,Healthy
4140,Aristo-500ix,31.655604359415143,244.10045272368745,15.531990266684993,48.51032512513504,2026-09-23 07:08:39,1,Healthy
4141,Warrior-500i,36.291914578026734,287.19145343211784,14.20695602469647,45.00577024742659,2026-09-23 07:13:39,1,Healthy
4142,Rogue-ET,33.664385031808706,192.49482152110767,15.160718680814,54.90059038468927,2026-09-23 07:13:39,1,Healthy
4143,Aristo-500ix,26.3651520485004,285.95060650118455,14.997964447206805,57.472312911123936,2026-09-23 07:13:39,1,Healthy
4144,Warrior-500i,31.54320551890389,180.2666552906412,10.645320946421613,51.91811729379841,2026-09-23 07:18:39,1,Healthy
4145,Rogue-ET,32.48901745820077,265.8459026399704,14.587769517828015,51.84260832167098,2026-09-23 07:18:39,1,Healthy
4146,Aristo-500ix,25.094116602127407,208.62387892148809,15.717593787201888,68.69479469230771,2026-09-23 07:18:39,1,Healthy
4147,Warrior-500i,32.03554386856928,219.85149060097532,11.277613024680422,57.27614138095426,2026-09-23 07:23:39,1,Healthy
4148,Rogue-ET,30.255927964192033,278.04025682882656,16.811811044994634,60.143521049352586,2026-09-23 07:23:39,1,Healthy
4149,Aristo-500ix,22.359655422701934,156.9455718189261,16.527953473747083,73.80633105519064,2026-09-23 07:23:39,1,Healthy
4150,Warrior-500i,23.520205219147698,291.56822691915124,14.84774011659254,67.75256404257956,2026-09-23 07:28:39,1,Healthy
4151,Rogue-ET,31.787335776519896,260.9066323004472,14.341987330900531,74.42745186814255,2026-09-23 07:28:39,1,Healthy
4152,Aristo-500ix,28.04422263606712,266.8450908925133,14.229212596904935,48.01293926450217,2026-09-23 07:28:39,1,Healthy
4153,Warrior-500i,28.526242513243957,173.3652725121031,17.96616189082003,61.7630893371204,2026-09-23 07:33:39,1,Healthy
4154,Rogue-ET,31.76628230336214,172.13427815745487,13.157556095700752,74.55792924891486,2026-09-23 07:33:39,1,Healthy
4155,Aristo-500ix,36.22117067427208,207.1431620275534,14.711072747576507,48.92201248942318,2026-09-23 07:33:39,1,Healthy
4156,Warrior-500i,29.858306061937093,189.57460221278888,14.526889821963238,45.569286825651425,2026-09-23 07:38:39,1,Healthy
4157,Rogue-ET,29.77966001966297,210.1365878226447,16.84188207784467,52.21721926893117,2026-09-23 07:38:39,1,Healthy
4158,Aristo-500ix,24.004228221276136,171.10690264295332,11.457967450402654,48.799197278150146,2026-09-23 07:38:39,1,Healthy
4159,Warrior-500i,37.506831697216114,253.09890840662638,13.629791671743906,72.08814757477009,2026-09-23 07:43:39,1,Healthy
4160,Rogue-ET,34.474208415514724,181.30500472729221,14.920767087856538,51.63301787005864,2026-09-23 07:43:39,1,Healthy
4161,Aristo-500ix,34.151584135428436,154.02205870015948,17.012063587719986,73.76961664588524,2026-09-23 07:43:39,1,Healthy
4162,Warrior-500i,33.662260094101526,187.52094392180848,17.435596892470116,71.48407593206359,2026-09-23 07:48:39,1,Healthy
4163,Rogue-ET,37.81192676741402,287.9596101292492,17.301787436873987,72.30272119807877,2026-09-23 07:48:39,1,Healthy
4164,Aristo-500ix,34.53929162502253,158.3584391542439,11.801674518075277,65.26187118621587,2026-09-23 07:48:39,1,Healthy
4165,Warrior-500i,34.70769172753278,156.9509712691657,10.719789929098829,74.00772318451101,2026-09-23 07:53:39,1,Healthy
4166,Rogue-ET,31.76163969185847,284.2082877576845,12.004468071598769,65.74908630001272,2026-09-23 07:53:39,1,Healthy
4167,Aristo-500ix,29.817578458372644,264.5868768621802,12.797916495448057,74.97713917174929,2026-09-23 07:53:39,1,Healthy
4168,Warrior-500i,30.864129266004475,182.64574554735185,15.14465585638822,49.838900032358886,2026-09-23 07:58:39,1,Healthy
4169,Rogue-ET,32.78199543080701,256.97122082909135,15.957454857410468,73.64170517336699,2026-09-23 07:58:39,1,Healthy
4170,Aristo-500ix,34.640086646503846,200.9091508108632,10.731780713076816,50.434103412496306,2026-09-23 07:58:39,1,Healthy
4171,Warrior-500i,36.14686562725339,176.59821550911443,11.701361946605632,60.923243867392685,2026-09-23 08:03:39,1,Healthy
4172,Rogue-ET,32.05208539913008,284.6068053439171,13.879018408981363,70.14760866147952,2026-09-23 08:03:39,1,Healthy
4173,Aristo-500ix,35.36709474934116,262.38908155733486,14.934324178734258,60.90748890205408,2026-09-23 08:03:39,1,Healthy
4174,Warrior-500i,31.057183670252797,281.3762667652686,15.472254150081264,46.0182241247552,2026-09-23 08:08:39,1,Healthy
4175,Rogue-ET,36.19380124238966,205.9819622533903,10.014249295426332,56.96695763139833,2026-09-23 08:08:39,1,Healthy
4176,Aristo-500ix,36.322005299101086,279.01270807788853,17.425842075663073,58.94123418600392,2026-09-23 08:08:39,1,Healthy
4177,Warrior-500i,32.295733112870835,289.28117158599537,14.207447454361759,55.692027143548415,2026-09-23 08:13:39,1,Healthy
4178,Rogue-ET,33.59166894448363,157.3896751117506,15.557246854042592,70.9198463864507,2026-09-23 08:13:39,1,Healthy
4179,Aristo-500ix,32.03690566076605,249.35398659708846,17.75514421158231,54.5310319477225,2026-09-23 08:13:39,1,Healthy
4180,Warrior-500i,29.627304592930244,233.5863584281151,15.042549619724886,57.321491237184546,2026-09-23 08:18:39,1,Healthy
4181,Rogue-ET,22.337845914881093,253.81935458054198,15.92082538773262,62.94924157332103,2026-09-23 08:18:39,1,Healthy
4182,Aristo-500ix,36.52395883740369,221.21823977697565,16.030751017493117,72.750846398342,2026-09-23 08:18:39,1,Healthy
4183,Warrior-500i,28.221719263498258,168.22073031729408,10.512873568885563,52.10516448038191,2026-09-23 08:23:39,1,Healthy
4184,Rogue-ET,27.58853751385446,262.2219553185987,12.557576254274329,70.63013767137352,2026-09-23 08:23:39,1,Healthy
4185,Aristo-500ix,23.293044685823876,201.89786064200948,10.816629806798904,65.92549905275945,2026-09-23 08:23:39,1,Healthy
4186,Warrior-500i,25.02633948907628,241.90623059433486,16.112125839066984,62.30880074381973,2026-09-23 08:28:39,1,Healthy
4187,Rogue-ET,32.82573573166114,277.640595218004,14.512872716809767,53.958874820610454,2026-09-23 08:28:39,1,Healthy
4188,Aristo-500ix,28.58526256194817,252.05247380545836,12.80125074202417,57.912018884710086,2026-09-23 08:28:39,1,Healthy
4189,Warrior-500i,30.85607695929451,201.6840519477447,14.268470932335564,57.60012058436363,2026-09-23 08:33:39,1,Healthy
4190,Rogue-ET,24.101206381724808,212.78706838055507,10.298536383245349,50.072055547601344,2026-09-23 08:33:39,1,Healthy
4191,Aristo-500ix,34.77655547662766,296.94627807598977,10.43968779778412,56.75082551069105,2026-09-23 08:33:39,1,Healthy
4192,Warrior-500i,37.48361554976327,163.1640946673319,17.85705032730882,72.7048198858108,2026-09-23 08:38:39,1,Healthy
4193,Rogue-ET,30.203108722839982,224.0971431174807,14.201288751563164,72.83170528135216,2026-09-23 08:38:39,1,Healthy
4194,Aristo-500ix,32.053189838207366,170.56360825916505,14.056033790167904,59.72354063840438,2026-09-23 08:38:39,1,Healthy
4195,Warrior-500i,26.78003733727663,210.89120527984545,12.864454540998697,62.3928122632616,2026-09-23 08:43:39,1,Healthy
4196,Rogue-ET,28.941768103818994,252.41201717065815,11.750983643152171,64.62978442906855,2026-09-23 08:43:39,1,Healthy
4197,Aristo-500ix,35.83010203906425,274.0185997477995,11.472202277987831,54.03358253525977,2026-09-23 08:43:39,1,Healthy
4198,Warrior-500i,29.872653420568817,165.73997638312673,15.368820773281875,56.97403480353735,2026-09-23 08:48:39,1,Healthy
4199,Rogue-ET,33.45721286811167,227.61485139200795,11.723992799685181,47.213733128542685,2026-09-23 08:48:39,1,Healthy
4200,Aristo-500ix,25.90490791894613,246.6763968386179,17.729897025818286,55.299727124757354,2026-09-23 08:48:39,1,Healthy
4201,Warrior-500i,31.233372154235504,167.07284792615397,13.061089671483238,53.329470331555314,2026-09-23 08:53:39,1,Healthy
4202,Rogue-ET,25.34232068638976,198.39323521740772,17.150771478643094,65.91403199774689,2026-09-23 08:53:39,1,Healthy
4203,Aristo-500ix,35.30906598883922,153.6296174411832,12.27240368850579,64.1974965967027,2026-09-23 08:53:39,1,Healthy
4204,Warrior-500i,28.793259083535297,273.83101439555026,15.286214202157163,45.25447575924137,2026-09-23 08:58:39,1,Healthy
4205,Rogue-ET,35.067111234285456,289.2277745038117,13.759571713633221,55.8536477700998,2026-09-23 08:58:39,1,Healthy
4206,Aristo-500ix,30.707012633269308,181.93896228893766,17.334291995318665,65.42054451989581,2026-09-23 08:58:39,1,Healthy
4207,Warrior-500i,33.32003797932561,222.15092076022708,14.657639739854552,62.23336880648986,2026-09-23 09:03:39,1,Healthy
4208,Rogue-ET,28.05675513067175,204.38688387089428,11.704065305866411,72.0539608735908,2026-09-23 09:03:39,1,Healthy
4209,Aristo-500ix,37.82544288975529,215.52139102064302,12.67426804817935,62.64917081682376,2026-09-23 09:03:39,1,Healthy
4210,Warrior-500i,32.78558533210186,268.07783477377416,17.94390825244854,52.74563237668481,2026-09-23 09:08:39,1,Healthy
4211,Rogue-ET,34.598550155609125,283.21462646069585,15.885872653619781,71.68166094400688,2026-09-23 09:08:39,1,Healthy
4212,Aristo-500ix,31.481117413201503,222.46659734018363,16.542550426630694,56.52535928446527,2026-09-23 09:08:39,1,Healthy
4213,Warrior-500i,37.566058603949536,183.35980409075125,15.160571112512073,49.535899295731696,2026-09-23 09:13:39,1,Healthy
4214,Rogue-ET,32.47959769427789,259.713084385877,12.101061404469682,47.23925290671333,2026-09-23 09:13:39,1,Healthy
4215,Aristo-500ix,25.43907703123553,265.39015652178136,13.825638764196398,61.02810643841988,2026-09-23 09:13:39,1,Healthy
4216,Warrior-500i,22.205451586281644,159.14004700415362,12.925322428484469,71.83768376535072,2026-09-23 09:18:39,1,Healthy
4217,Rogue-ET,25.530860463508724,282.7210377919214,10.828526475460386,64.4466430500512,2026-09-23 09:18:39,1,Healthy
4218,Aristo-500ix,25.351091726474817,213.32299917820143,13.254703551659318,58.7679224398245,2026-09-23 09:18:39,1,Healthy
4219,Warrior-500i,27.43314181210335,277.6354166548193,13.030077064082978,69.47729730717678,2026-09-23 09:23:39,1,Healthy
4220,Rogue-ET,37.16845318959304,274.49213689712155,11.283745655854057,48.669905635916145,2026-09-23 09:23:39,1,Healthy
4221,Aristo-500ix,22.58457680145614,154.50070159631764,17.7388141378991,56.39352714462228,2026-09-23 09:23:39,-1,Action Required
4222,Warrior-500i,26.437174719288016,221.16803732170501,13.875885606016105,48.59931808831532,2026-09-23 09:28:39,1,Healthy
4223,Rogue-ET,27.759485686753948,180.37013181965008,15.466614464283053,61.29709068672302,2026-09-23 09:28:39,1,Healthy
4224,Aristo-500ix,27.02815365106239,150.02467046167493,17.107308649534474,59.6306970705294,2026-09-23 09:28:39,1,Healthy
4225,Warrior-500i,23.298425737379603,213.47130910684524,10.986615853103263,74.73397606771726,2026-09-23 09:33:39,1,Healthy
4226,Rogue-ET,36.98252394613136,198.12844289195164,14.373543143808286,68.83007461825959,2026-09-23 09:33:39,1,Healthy
4227,Aristo-500ix,26.365347629908726,163.79788058165133,11.842124273858403,64.38632506779327,2026-09-23 09:33:39,1,Healthy
4228,Warrior-500i,28.5780563858223,162.4775506534954,11.634264652733028,52.18923689432403,2026-09-23 09:38:39,1,Healthy
4229,Rogue-ET,30.702070748567067,237.02628907023995,14.72837118894838,59.3115492010231,2026-09-23 09:38:39,1,Healthy
4230,Aristo-500ix,35.457555759588175,228.4973174562641,15.355086667473106,63.92574810318412,2026-09-23 09:38:39,1,Healthy
4231,Warrior-500i,32.30980634581701,210.39926962134223,14.349643732180898,54.49245143404288,2026-09-23 09:43:39,1,Healthy
4232,Rogue-ET,37.23314906157836,211.07017838864542,15.94061865874413,66.26728275164578,2026-09-23 09:43:39,1,Healthy
4233,Aristo-500ix,33.20826926963327,260.7627645287261,13.983355624743558,54.84807549570662,2026-09-23 09:43:39,1,Healthy
4234,Warrior-500i,37.50413041653017,256.8305446414522,10.22509387254819,47.43004881374963,2026-09-23 09:48:39,-1,Action Required
4235,Rogue-ET,23.44172864797597,174.97124052783758,14.404262294885434,65.59771793692042,2026-09-23 09:48:39,1,Healthy
4236,Aristo-500ix,29.044714366733757,282.72870027461437,15.098329372796098,72.63973405537105,2026-09-23 09:48:39,1,Healthy
4237,Warrior-500i,36.76907925113654,228.7235823447944,12.19682264590324,66.18818340470082,2026-09-23 09:53:39,1,Healthy
4238,Rogue-ET,35.37378521985978,181.47485314865278,10.103306688143658,45.43328825861944,2026-09-23 09:53:39,-1,Action Required
4239,Aristo-500ix,25.247532132778407,263.7026515873166,12.81167319102455,63.450241520657386,2026-09-23 09:53:39,1,Healthy
4240,Warrior-500i,36.45231725462625,202.1953804204535,17.60163929191156,64.85233074025393,2026-09-23 09:58:39,1,Healthy
4241,Rogue-ET,24.030529967177152,246.39320714682174,16.83290377665427,66.94979626433727,2026-09-23 09:58:39,1,Healthy
4242,Aristo-500ix,27.433373820461878,151.07873759583032,17.266215895378046,69.44421083073894,2026-09-23 09:58:39,1,Healthy
4243,Warrior-500i,37.68703485911792,150.40176261233228,17.307450268048242,51.357720374269114,2026-09-23 10:03:39,-1,Action Required
4244,Rogue-ET,25.958936196516476,174.9235545735547,10.873837192438147,65.89648201575775,2026-09-23 10:03:39,1,Healthy
4245,Aristo-500ix,36.71120477973217,157.50346088286614,13.685922061003652,69.62520714554361,2026-09-23 10:03:39,1,Healthy
4246,Warrior-500i,26.855926375247144,285.3630849748993,17.482200425759245,52.9620191394707,2026-09-23 10:08:39,1,Healthy
4247,Rogue-ET,24.146615461318977,241.22562320530912,15.511272058025398,69.19920062211112,2026-09-23 10:08:39,1,Healthy
4248,Aristo-500ix,23.212239725581576,208.26492845173232,12.336145169446986,54.987657962022425,2026-09-23 10:08:39,1,Healthy
4249,Warrior-500i,37.341968278565965,295.5769270942908,15.960777440994917,68.36404586459727,2026-09-23 10:13:39,1,Healthy
4250,Rogue-ET,24.383960753236405,154.11155496105772,10.77928100519459,63.533189214709466,2026-09-23 10:13:39,1,Healthy
4251,Aristo-500ix,26.800091282644374,229.0702848488848,17.917841810467078,66.40509336504866,2026-09-23 10:13:39,1,Healthy
4252,Warrior-500i,37.30779748267052,170.71858208879738,11.426583742564556,62.48661535139485,2026-09-23 10:18:39,1,Healthy
4253,Rogue-ET,27.564671543310528,235.8472820569051,16.084625324655587,74.27099502851016,2026-09-23 10:18:39,1,Healthy
4254,Aristo-500ix,30.794552579882804,158.4791499317755,15.261958424573784,49.74474047668613,2026-09-23 10:18:39,1,Healthy
4255,Warrior-500i,22.70908961966069,280.8998484759271,15.440373480746626,70.16941673730399,2026-09-23 10:23:39,1,Healthy
4256,Rogue-ET,26.497084124400466,285.72045081021486,15.696969696683801,64.52188676383318,2026-09-23 10:23:39,1,Healthy
4257,Aristo-500ix,32.42879791303199,188.03090747544906,14.910876951488053,70.98128904666297,2026-09-23 10:23:39,1,Healthy
4258,Warrior-500i,30.79192648464823,202.61667134479006,17.48638642441445,57.194827322066715,2026-09-23 10:28:39,1,Healthy
4259,Rogue-ET,33.60295303561232,254.04958142855475,10.234182702943118,54.762158268824855,2026-09-23 10:28:39,1,Healthy
4260,Aristo-500ix,30.557639661420076,236.25328516044846,12.053187499041929,50.06852730224556,2026-09-23 10:28:39,1,Healthy
4261,Warrior-500i,31.990375080928203,244.4559834328552,12.410677111926395,52.71370991080868,2026-09-23 10:33:39,1,Healthy
4262,Rogue-ET,25.244372354638102,254.08348847795105,16.376058467952507,67.86506095283346,2026-09-23 10:33:39,1,Healthy
4263,Aristo-500ix,25.05375219467644,294.87103133058486,11.097686788936993,46.96213250592166,2026-09-23 10:33:39,1,Healthy
4264,Warrior-500i,25.585192445459388,186.8727046575988,14.547651570282936,56.326534082857066,2026-09-23 10:38:39,1,Healthy
4265,Rogue-ET,27.627911901351318,174.73829274158678,12.619090047823796,67.39333292305278,2026-09-23 10:38:39,1,Healthy
4266,Aristo-500ix,31.592583566602045,237.77962098720977,11.112092059611957,55.55812412978126,2026-09-23 10:38:39,1,Healthy
4267,Warrior-500i,36.23018154674047,267.1693845939778,13.467450914414211,54.411526230641115,2026-09-23 10:43:39,1,Healthy
4268,Rogue-ET,36.138765346936935,191.7504303195306,14.702823288938593,70.64382906819489,2026-09-23 10:43:39,1,Healthy
4269,Aristo-500ix,30.235280522219842,165.05332668917154,10.522093811247231,52.04843948858863,2026-09-23 10:43:39,1,Healthy
4270,Warrior-500i,25.311409167726232,187.99347261765993,14.791712406199792,50.877767521001374,2026-09-23 10:48:39,1,Healthy
4271,Rogue-ET,25.97014359733659,254.05952595548814,11.645920835027864,57.238948457813336,2026-09-23 10:48:39,1,Healthy
4272,Aristo-500ix,28.530924582751446,253.4975138674839,13.49629061887482,53.6970198217773,2026-09-23 10:48:39,1,Healthy
4273,Warrior-500i,36.44426310340419,298.9826527139461,12.141460492408633,63.4648169636833,2026-09-23 10:53:39,1,Healthy
4274,Rogue-ET,37.650089151075186,181.7065934224899,10.756759508651962,70.0185726774736,2026-09-23 10:53:39,1,Healthy
4275,Aristo-500ix,35.48446541504486,168.14667631597032,13.13233884098279,59.34767503748864,2026-09-23 10:53:39,1,Healthy
4276,Warrior-500i,30.270090217568097,203.18964085909596,12.368453958895127,62.46263314696718,2026-09-23 10:58:39,1,Healthy
4277,Rogue-ET,26.387812680571813,289.233500337742,11.855157285483942,45.95409927734076,2026-09-23 10:58:39,1,Healthy
4278,Aristo-500ix,23.01651023943501,253.9675134735154,16.973019787167583,50.067563524115165,2026-09-23 10:58:39,1,Healthy
4279,Warrior-500i,33.836579976507366,195.50412933490693,17.17597605628414,49.99261808826013,2026-09-23 11:03:39,1,Healthy
4280,Rogue-ET,29.291163542169983,184.66172281616144,11.341453114190301,63.372841004906626,2026-09-23 11:03:39,1,Healthy
4281,Aristo-500ix,23.8056023168827,262.146476193257,15.80898830326711,66.9077689372895,2026-09-23 11:03:39,1,Healthy
4282,Warrior-500i,23.106469630383373,202.300662384587,16.565155097438982,60.36775605521399,2026-09-23 11:08:39,1,Healthy
4283,Rogue-ET,35.32846860550033,188.92077970716366,16.089431322252384,64.57735604192521,2026-09-23 11:08:39,1,Healthy
4284,Aristo-500ix,25.249059307132697,243.02127207969673,14.764057766975599,61.56771726825936,2026-09-23 11:08:39,1,Healthy
4285,Warrior-500i,22.007350212468857,263.204847518989,13.138866855563052,58.29869290259653,2026-09-23 11:13:39,1,Healthy
4286,Rogue-ET,25.120794101155845,218.97168458352232,16.790478713215883,52.14170012335905,2026-09-23 11:13:39,1,Healthy
4287,Aristo-500ix,35.91868900544568,190.5978591107081,13.712937726946935,52.5108175892569,2026-09-23 11:13:39,1,Healthy
4288,Warrior-500i,27.611141961720023,166.79806953997252,13.639043355552921,45.65918555138065,2026-09-23 11:18:39,1,Healthy
4289,Rogue-ET,30.379003643589616,186.52749495528533,15.954075609438485,51.01791473707735,2026-09-23 11:18:39,1,Healthy
4290,Aristo-500ix,25.61999918386234,227.99777694563355,12.446172773981747,57.46497186414893,2026-09-23 11:18:39,1,Healthy
4291,Warrior-500i,23.13049084732453,249.71086660247641,13.112087328288222,67.60023510924673,2026-09-23 11:23:39,1,Healthy
4292,Rogue-ET,33.299151851168915,176.94843200221652,12.070737392664135,64.96806686360415,2026-09-23 11:23:39,1,Healthy
4293,Aristo-500ix,30.368682431565002,187.23101459613702,17.118293208128797,64.79719143505653,2026-09-23 11:23:39,1,Healthy
4294,Warrior-500i,22.660122699375727,242.4437853588264,15.407590479940172,49.726960940491274,2026-09-23 11:28:39,1,Healthy
4295,Rogue-ET,29.950299098223987,271.9543846421134,13.63882868422656,56.391853947724556,2026-09-23 11:28:39,1,Healthy
4296,Aristo-500ix,30.571090489815404,291.56118891093195,15.5591697745761,63.441860693928305,2026-09-23 11:28:39,1,Healthy
4297,Warrior-500i,23.994181004327736,258.4453004123755,12.332441841694653,70.28696170206356,2026-09-23 11:33:39,1,Healthy
4298,Rogue-ET,30.82770206801235,158.63054725462115,13.033533492574836,63.58774233951917,2026-09-23 11:33:39,1,Healthy
4299,Aristo-500ix,28.86392334588028,281.4448221492289,11.082653465314886,74.36814287995014,2026-09-23 11:33:39,1,Healthy
4300,Warrior-500i,35.89187281132991,219.16304971999637,14.100758429972322,61.61700959669081,2026-09-23 11:38:39,1,Healthy
4301,Rogue-ET,31.633794302102185,271.9100271762278,12.499331033494126,67.88493757378824,2026-09-23 11:38:39,1,Healthy
4302,Aristo-500ix,30.149161410464814,224.11053882129931,16.424108792514694,71.56533067519578,2026-09-23 11:38:39,1,Healthy
4303,Warrior-500i,34.38090362291473,197.60984967107532,13.300406990852519,47.19615393698816,2026-09-23 11:43:39,1,Healthy
4304,Rogue-ET,36.368636290652944,235.90580415998426,12.665920527964273,67.45077010081533,2026-09-23 11:43:39,1,Healthy
4305,Aristo-500ix,22.58923225144275,299.95406522672897,17.990566666575102,71.21057056847478,2026-09-23 11:43:39,-1,Action Required
4306,Warrior-500i,32.518263303896255,220.35230041450092,16.349414991905896,56.63410659678461,2026-09-23 11:48:39,1,Healthy
4307,Rogue-ET,31.200999091061966,180.00855965496365,14.296728264216664,47.490640310193825,2026-09-23 11:48:39,1,Healthy
4308,Aristo-500ix,23.61991415428892,229.05419536404696,17.53284626965591,59.031383238916774,2026-09-23 11:48:39,1,Healthy
4309,Warrior-500i,33.717999640224036,245.44670128532746,14.341117445880865,68.21635614109174,2026-09-23 11:53:39,1,Healthy
4310,Rogue-ET,22.581528314567723,291.58732321116514,12.338109187217562,48.31064283345442,2026-09-23 11:53:39,1,Healthy
4311,Aristo-500ix,32.13913210352963,272.2873186201331,12.836535241647345,62.226535497524566,2026-09-23 11:53:39,1,Healthy
4312,Warrior-500i,28.796967232668216,255.77730507522963,14.287910756437817,66.0943918870221,2026-09-23 11:58:39,1,Healthy
4313,Rogue-ET,29.759402000657992,196.56957758126464,17.728199628777208,65.06572854677907,2026-09-23 11:58:39,1,Healthy
4314,Aristo-500ix,23.580518797840387,244.35266498930307,16.30235506221262,72.08875170551016,2026-09-23 11:58:39,1,Healthy
4315,Warrior-500i,37.75477514075091,197.27968686188657,12.77470671013537,60.68593191096808,2026-09-23 12:03:39,1,Healthy
4316,Rogue-ET,29.583443093146478,164.09123512089897,15.355955150541119,71.62866727208362,2026-09-23 12:03:39,1,Healthy
4317,Aristo-500ix,23.433966855213747,233.75459442418372,12.680820604270401,52.65748083323453,2026-09-23 12:03:39,1,Healthy
4318,Warrior-500i,33.758335012222034,175.4857009162652,13.456517607649136,74.7808438705691,2026-09-23 12:08:39,1,Healthy
4319,Rogue-ET,29.837073124522266,296.24613438517827,11.42430953985899,70.374835034787,2026-09-23 12:08:39,1,Healthy
4320,Aristo-500ix,35.249128570805,199.13605361682704,14.021190482101531,55.034439916607795,2026-09-23 12:08:39,1,Healthy
